,city_part,population,share_under_18_years_old,65_year_olds_and_older,share_65_year_olds_and_older,foreigners,share_foreigners,population_with_migration_background,share_population_with_migration_background,below_18_year_olds_with_migration_background,share_below_18_year_olds_with_migration_background,households,people_per_household,one_person_households,share_one_person_households,households_with_children,share_households_with_children,single_parents,share_households_with_single_parents,area_in_square_kms,population_density,births,deaths,immigration,emigration,migration_balance,insurable_employees,employment_quote_in_%,unemployed_people,share_unemployed_people,younger_unemployed_people,share_younger_unemployed_people,older_unemployed_people,share_older_unemployed_people,service_recipients_per_SGB_II,share_service_recipients_per_SGB_II,under_15_year_olds_in_minimum_income,share_under_15_year_olds_in_minimum_income,shared_households_per_SGB_II,tax_liable_people,sum_of_incomes_per_tax_reliable_person_in_EUR,residential_buildings,apartments,apartments_ready_for_occupancy,homes_in_one_or_two_family_houses,share_homes_in_one_or_two_family_houses,home_size_in_sqm,living_area_per_resident_in_sqm,social_homes,share_social_homes,social_homes_with_ends_of_commitment_until_2022,share_social_homes_with_ends_of_commitment_until_2022,prices_for_properties,prices_for_one_or_two_family_houses_in_EUR/sqm,prices_for_condominiums,kindergardens_and_preschool_classes,primary_schools,students_in_secondary_level_1,share_students_in_city_district_schools,share_students_in_Gymnasium,residential_practitioners,general_practitioners,dentists,pharmacys,private_cars,car_density
0,Hamburg-Altstadt,2257,262,248,10.98803722,518,22.95081967,965,42.75587062,176,67.17557252,1463,1.600136705,900,61.51742994,187,12.78195489,49,26.20320856,1.300347228,1735.6902460000001,33,12,596,254,342,1095,61.79458239,87,4.909706546000001,8,4.87804878,10,5.208333333,227,10.05759858,54,22.78481013,128,1952,31336,98,1340,107,17,1.268656716,73.00223881,43.34204697,214,15.97014925,76,35.51401869,.    ,.    ,4113,1,0,55,50.90909091,45.45454545,159,45,44,9,703,311.4754098
1,HafenCity,3275,662,306,9.34351145,1074,32.79389313,1490,45.49618321,439,66.21417798,1587,2.098298677,647,40.76874606,361,22.74732199,54,14.95844875,2.42561203,1350.174702,65,8,1331,416,915,1120,46.97986577,68,2.852348993,10,3.076923077,6,2.2304832709999998,285,8.702290076,102,17.43589744,117,1255,93206,78,1296,76,6,0.46296296299999995,93.23070988,36.89374046,8,0.617283951,0,0.0,.    ,.    ,6788,3,1,48,22.91666667,77.08333333,13,5,4,1,912,278.47328239999996
2,Neustadt,12657,1440,1805,14.26088331,2708,21.39527534,4714,37.2471555,722,50.13888889,8743,1.493652065,6071,69.43840787,997,11.40340844,290,29.08726179,2.261902239,5595.732556,147,97,1961,1844,117,5607,58.35761865,563,5.85970025,22,2.235772358,114,8.231046931,1087,8.588133049,179,14.38906752,731,7015,34521,638,7329,0,67,0.914176559,62.60881429999999,36.25345659,1422,19.40237413,679,47.74964838,.    ,.    ,4265,9,1,393,51.65394402,46.564885499999995,172,19,72,9,3168,250.2962787
3,St. Pauli,22595,2993,2164,9.57734012,4981,22.04470015,8321,36.83325218,1472,49.14858097,15192,1.5307398630000002,10478,68.9705108,1993,13.11874671,657,32.96537883,2.242487666,10075.86367,282,141,2753,2753,0,9240,51.75600739,1368,7.662577718,60,3.1796502380000002,202,9.931170108,3188,14.10931622,641,24.86423584,2021,11066,27977,1272,12378,12,169,1.3653255780000002,64.07691065,35.10263333,2033,16.42430118,678,33.34972946,1202,.    ,4657,18,1,782,59.07928389,35.805626600000004,37,11,14,8,4442,196.5921664
4,St. Georg,10814,1099,1382,12.77972998,2525,23.34936194,4096,37.87682634,553,50.31847134,7063,1.507291519,4840,68.52612204,732,10.36386804,178,24.31693989,1.822657489,5933.094981,116,84,1862,1695,167,4596,54.17256011,424,4.997642621000001,15,1.3901760890000001,62,5.344827586,846,7.8231921579999995,144,15.18987342,547,5683,44121,535,6025,11,56,0.929460581,71.38622407,39.77270205,702,11.65145228,190,27.06552707,1993,.    ,5041,8,3,282,43.26241135,54.96453901,106,36,14,7,2344,216.75605699999997
5,Hammerbrook,4067,558,127,3.1226948610000003,2257,55.49545119,2786,68.57002215,509,91.54676259,1792,1.495535714,1244,69.41964286,154,8.59375,42,27.27272727,2.495986588,1629.415807,43,5,2875,1246,1629,1499,43.17396313,284,8.179723502,29,3.11827957,32,15.02347418,858,21.09663142,171,36.53846154,558,1199,19468,77,1678,604,6,0.357568534,56.33671037,23.24391443,219,13.05125149,0,0.0,788,.    ,.    ,4,1,111,51.35135135,45.94594595,0,0,13,0,507,124.66191299999998
6,Borgfelde,7461,826,917,12.29057767,2122,28.44122772,3266,43.81540113,581,70.42424242,4418,1.446808511,3110,70.39384337,419,9.48392938,123,29.35560859,0.8218548059999999,9078.245873,100,61,1973,1370,603,3185,54.75330927,310,5.329207495,34,2.936096718,52,7.914764078999999,828,11.09770808,187,25.7221458,506,3643,26217,380,4375,60,39,0.891428571,55.2032,32.37019166,130,2.971428571,34,26.15384615,618,.    ,3399,3,0,188,53.19148936,45.21276596,5,2,4,1,1623,217.53116200000002
7,Hamm,38136,4349,5484,14.38011328,6858,17.98300818,13286,34.84121365,2692,61.87083429,25809,1.4916114530000002,17588,68.14677051,2821,10.93029563,896,31.761786600000004,3.888800096,9806.623908,490,311,4941,5347,-406,18632,64.53758227,1613,5.587114652,85,2.114953969,244,6.7721343329999995,4000,10.48877701,974,25.75356954,2340,21255,25745,2315,23299,77,257,1.103051633,58.68286193,35.85200336,1177,5.051718958,34,2.888700085,367,.    ,2984,15,4,1185,57.46835443,38.48101266,28,11,27,7,10274,269.4042375
8,Horn,38549,5944,6104,15.83439259,9720,25.21466186,19325,50.1401069,4378,73.69129776,22646,1.71094233,13376,59.06561865,3574,15.78203656,1179,32.98824846,5.8975949210000005,6536.393312,468,390,4684,4386,298,15000,54.79051759,1962,7.1665997,146,3.021523179,301,7.251264755,6598,17.11587849,1856,36.62194159,3437,17772,21685,2750,19292,1,986,5.1109268089999995,60.79203815,30.4236167,1561,8.091436865,66,4.228058937,300,2638,2610,15,5,1833,65.24822695,29.6781233,36,21,14,5,10117,262.44519959999997
9,Billstedt,70234,13539,12665,18.03257681,17382,24.74869721,39605,56.40211339,10128,74.82269504,34807,2.014594765,15978,45.90455943,7854,22.5644267,2437,31.02877515,16.9238394,4150.003928,773,628,5586,5637,-51,24219,52.23101641,4046,8.725657228,340,4.039923954,648,7.3577835810000005,15373,21.88825925,4530,40.44642857,7154,29100,23247,7940,31588,81,6243,19.76383437,72.2823224,32.50924054,7606,24.07876409,2555,33.59190113,319,2633,2399,25,8,4618,67.69164140000001,28.51883932,98,47,40,10,21806,310.47640739999997
10,Billbrook,2198,649,118,5.368516833,1739,79.11737944,1870,84.88424875,638,98.0030722,723,1.8852005530000002,474,65.56016598,125,17.28907331,32,25.6,6.288611786000001,349.520701,47,10,879,832,47,449,29.48128693,158,10.37426133,17,4.683195592,28,15.6424581,882,40.12738854,293,52.6032316,339,403,22625,83,284,0,72,25.35211268,65.84507042,8.507734304,0,0.0,0,0.0,203,.    ,.    ,1,1,202,78.21782178,14.85148515,0,0,0,0,307,139.6724295
11,Rothenburgsort,9137,1566,1343,14.69847871,2499,27.35033381,4953,54.20816461,1216,77.60051053,5190,1.7610789980000001,3083,59.402697499999995,892,17.18689788,288,32.28699552,7.190858696,1270.641016,123,98,1107,1103,4,3526,54.86229967,592,9.211140501000001,33,3.4020618560000004,87,8.397683398,1894,20.72890445,547,40.01463058,940,4024,20473,519,4557,33,136,2.984419574,60.45841562,30.15311371,928,20.36427474,142,15.30172414,250,.    ,3171,4,1,435,69.88505747,22.98850575,5,5,5,2,2408,263.5438328
12,Veddel,4632,925,388,8.376511226,2038,43.99827288,3314,71.57667387,861,93.08108108,2496,1.8766025640000001,1442,57.77243589999999,504,20.19230769,132,26.19047619,4.371206162,1059.661757,63,22,534,628,-94,1717,49.55266955,370,10.67821068,21,2.880658436,41,11.781609199999998,1155,24.93523316,342,43.90243902,529,1911,15831,210,2040,0,14,0.68627451,60.96372549,26.84930915,413,20.24509804,98,23.72881356,196,.    ,.    ,2,1,330,78.78787879,18.78787879,2,2,3,0,807,174.22279790000002
13,Wilhelmsburg,55074,11528,7342,13.33115445,18701,33.95613175,33262,60.38852578,9098,78.8935137,25984,2.046567118,12638,48.63762315,6064,23.33743842,1602,26.418205800000003,35.38672277,1556.34644,755,380,6458,6579,-121,19299,50.59246055,3583,9.392859015,247,3.2367972739999997,431,8.442703232000001,12406,22.52605585,3787,39.5055289,5589,21384,21890,4637,22573,52,3161,14.00345546,69.6275196,28.53800341,5392,23.88694458,704,13.05637982,184,2378,2593,25,6,3643,71.17760088,22.04227285,73,39,21,10,13527,245.61499069999996
14,Kleiner Grasbrook und Steinwerder,1256,65,67,5.334394904,504,40.12738854,650,51.91693291,57,87.69230769,1006,1.2823061629999999,799,79.42345924,39,3.876739563,16,41.02564103,11.90017659,105.54465230000001,6,1,379,530,-151,531,46.78414097,100,8.810572687,6,2.068965517,16,14.41441441,190,15.12738854,34,62.96296296,136,588,13777,70,735,0,2,0.27210884399999996,50.58911565,29.60429936,0,0.0,0,0.0,.    ,.    ,.    ,0,0,21,71.42857143,28.57142857,0,0,0,0,117,93.15286624
15,Waltershof und Finkenwerder,11729,1899,2294,19.55835962,1861,15.866655300000001,3308,28.22525597,836,43.93063584,6280,1.8812101909999999,3150,50.15923567,1180,18.78980892,334,28.30508475,29.42050989,398.6674618,122,133,844,813,31,4814,60.93670886,441,5.582278481,33,2.468212416,95,5.986137366,1110,9.463722397,285,18.56677524,603,5919,31649,2298,5775,3,1913,33.12554113,75.49766234,37.17273425,747,12.93506494,172,23.02543507,271,2139,.    ,5,2,610,55.08196721,42.95081967,7,5,7,3,4309,367.3799983
16,Altona-Altstadt,29034,4396,3752,12.92278019,5705,19.64937659,10960,37.7579495,2327,52.93448589999999,17741,1.655487289,11110,62.62330196,2896,16.3237698,904,31.21546961,2.717872695,10682.61956,315,228,3410,3222,188,12021,55.95587208,1575,7.331378299,101,3.976377953,279,9.53520164,3761,12.95377833,815,21.45301395,2307,14861,30833,1598,16091,100,185,1.1497110190000002,63.36622957,35.11834401,2336,14.517432099999999,529,22.64554795,1349,.    ,5745,27,3,1227,56.4792176,40.42379788,187,49,43,9,6741,232.17606940000002
17,Sternschanze,8043,1158,816,10.14546811,1622,20.166604500000002,2926,36.37493784,589,50.81967213,5212,1.5610130469999999,3509,67.32540292,765,14.67766692,250,32.67973856,0.548448904,14664.9942,132,111,1280,1179,101,3363,53.99807322,393,6.310211946,17,2.303523035,67,11.09271523,946,11.76178043,225,22.52252252,544,4147,31125,497,4264,0,80,1.876172608,68.17307692,36.14198682,456,10.69418386,77,16.88596491,1202,.    ,.    ,4,1,293,53.92491468,40.9556314,42,8,6,4,1509,187.61656100000002
18,Altona-Nord,22137,3482,2239,10.1142883,4168,18.82820617,7959,35.96962986,1800,51.72413793,13596,1.6390114740000001,8624,63.43042071,2212,16.26949103,605,27.35081374,2.217816773,9981.437724,309,127,2873,2692,181,9610,56.99881376,1207,7.158956109,66,3.293413174,203,9.160649819,2721,12.29163843,623,20.50691244,1620,11541,29901,1149,11850,114,123,1.0379746840000001,63.60405063,34.0474319,1448,12.21940928,386,26.65745856,1055,.    ,5745,14,2,886,57.67494357,38.1489842,32,6,6,5,5220,235.80430950000002
19,Ottensen,35370,5567,4756,13.44642352,4616,13.05060786,9189,25.99507765,1897,34.06968391,21458,1.6695871,13068,60.9003635,3724,17.3548327,1025,27.52416756,2.795190658,12653.87744,510,203,3763,3900,-137,14798,57.4233605,1146,4.447031432,45,1.5389876880000002,216,5.545571245,2231,6.307605315,432,8.918249381,1462,18815,40830,2381,19477,53,407,2.089644196,70.31940237,38.72239186,1349,6.926117985,801,59.37731653,1483,.    ,5083,34,4,1546,48.9003881,49.09443726,167,28,64,10,9810,277.3536896
20,Bahrenfeld,31047,5102,3985,12.83537862,7531,24.25677199,11413,36.75447636,2530,49.57867921,16486,1.7124226619999998,9770,59.26240446,2818,17.09329128,686,24.34350603,10.54097228,2945.363973,433,241,6361,5155,1206,12404,54.56384991,1445,6.356398187999999,182,4.896421846,213,7.542492918,3735,12.03014784,743,17.16331716,2449,14963,33565,3524,14432,212,2302,15.95066519,69.70911863,32.40383934,407,2.8201219510000004,35,8.5995086,674,4367,3739,26,4,1350,56.0,41.55555556,36,12,23,4,8796,283.31239730000004
21,Groß Flottbek,10955,2244,2336,21.32359653,1378,12.57873117,2427,22.162359600000002,623,27.78768956,5191,2.107493739,2216,42.68926989,1304,25.12040069,189,14.49386503,2.370778877,4620.844274,94,95,1265,1215,50,3155,46.60265879,117,1.728212703,10,0.8143322479999999,31,2.624894157,102,0.931081698,12,0.648999459,76,5126,85952,2436,5247,37,2200,41.92872117,103.9203354,49.77361935,36,0.686106346,0,0.0,1122,5367,4464,7,1,717,13.94700139,85.49511855,66,12,20,4,4723,431.1273391
22,Othmarschen,14893,2985,3183,21.37245686,1795,12.05264218,3572,23.98281187,1018,34.06961178,7053,2.101233518,2940,41.68438962,1760,24.95392032,231,13.125,5.946814357,2504.366053,188,154,1657,1424,233,4567,50.02190581,184,2.015334064,8,0.62992126,38,2.429667519,370,2.484388639,108,4.186046512,194,7056,108258,2737,6965,116,2351,33.75448672,112.9933955,52.84355066,157,2.254127782,0,0.0,1431,6485,5880,16,3,786,15.26717557,83.4605598,39,8,7,2,6585,442.15403210000005
23,Lurup,36053,7178,6640,18.41733004,7020,19.47133387,16821,46.66407745,4669,65.07317073,17530,2.042099258,7808,44.54078722,4107,23.42840844,1201,29.24275627,6.292338356,5729.666455,427,390,3203,2782,421,12964,55.42302595,1811,7.742294045,189,4.564114948,273,6.351791531,6259,17.36055252,1973,32.76320159,2897,15733,26665,5423,15951,53,5175,32.44310702,77.19547364,34.15374587,2562,16.06168892,758,29.58626073,445,3158,2755,22,4,2318,61.82053494,34.55565142,29,15,12,5,11751,325.93681519999996
24,Osdorf,26140,5229,5910,22.60902831,4522,17.29915838,10230,39.15639593,2930,56.04437643,13046,1.991185038,6083,46.62731872,2964,22.71960754,855,28.84615385,7.250842254,3605.098426,255,321,3208,3569,-361,8302,52.42154448,1052,6.642672223,99,3.691275168,169,5.622089155,3630,13.88676358,1119,25.47234236,1717,11482,43177,4024,12412,12,3338,26.89332904,84.37238157,40.06235654,1200,9.668063165,682,56.83333333,786,4523,3216,14,4,1745,51.69054441,44.29799427,67,18,14,6,9167,350.6885998
25,Nienstedten,7238,1448,1850,25.55954684,729,10.07184305,1361,18.80873411,360,24.86187845,3491,2.09510169,1518,43.48324262,831,23.8040676,125,15.04211793,4.379429102,1652.726835,53,74,760,704,56,1728,41.06463878,89,2.115019011,3,0.423728814,17,2.016607355,44,0.607902736,6,0.508474576,33,3286,120716,1807,3207,16,1706,53.19613346,124.2070471,55.03343465,0,0.0,0,0.0,1295,6419,5587,8,1,486,20.98765432,76.95473251,17,1,7,2,3653,504.69743020000004
26,Blankenese,13407,2488,3652,27.23950175,1091,8.137540091,2295,17.12558764,629,25.28135048,6935,2.0,3145,45.34967556,1429,20.60562365,243,17.00489853,7.735771399,1733.117398,93,106,1236,1148,88,3574,46.28334628,150,1.9425019430000001,3,0.25,34,2.1628498730000003,127,0.947266353,11,0.541072307,103,6279,117139,3388,6796,56,3108,45.73278399,116.9558564,59.2848512,32,0.470865215,0,0.0,1615,6834,5249,9,3,813,22.38622386,77.49077491,110,22,25,5,6621,493.8464981000001
27,Iserbrook,11324,2018,2865,25.30024726,935,8.256799717,2408,21.26269316,681,33.72956909,5629,1.9770829630000002,2528,44.91028602,1240,22.02877953,291,23.46774194,2.670120614,4241.0069189999995,96,183,1069,907,162,3886,57.33254647,265,3.9097078780000003,12,1.19047619,60,4.480955937,615,5.43094313,136,8.090422367999999,353,5539,39439,2471,5682,51,2297,40.42590637,83.92678634,42.11162134,132,2.32312566,0,0.0,578,3749,3243,8,3,670,46.26865672,51.94029851,9,7,6,1,4680,413.281526
28,Sülldorf,9430,1845,1974,20.93319194,1272,13.48886532,2253,23.90197327,562,30.47722343,4642,2.012063766,2137,46.03619129999999,1058,22.79190004,233,22.02268431,5.736183842000001,1643.9501,92,94,1235,824,411,3027,50.80563948,286,4.800268546,26,2.434456929,51,4.497354497,725,7.688229056,160,10.68090788,450,4247,43584,2371,4381,4,2224,50.7646656,90.50445104,42.046659600000005,208,4.747774481,0,0.0,719,4092,3165,3,1,628,40.44585987,58.43949045,12,7,3,2,3711,393.5312831
29,Rissen,15192,2780,4654,30.6345445,1112,7.319641917,2569,16.9191254,747,26.88984881,7742,1.981658486,3509,45.32420563,1650,21.3123224,312,18.90909091,16.70384792,909.4910389,118,256,1278,1037,241,4292,51.9423938,288,3.485416919,15,1.166407465,77,4.282536151,594,3.9099526069999997,158,6.945054945,334,7287,65855,3736,7386,37,3469,46.96723531,100.87855400000001,49.04482622,178,2.4099647980000003,124,69.66292135,604,4027,3870,7,2,959,33.26381648,65.90198123,33,7,16,4,6738,443.5229068
30,Eimsbüttel,57055,7192,7149,12.530014900000001,6844,11.99544299,13148,23.05210744,2338,32.49027237,38461,1.523621331,25984,67.55934583,4974,12.93258106,1299,26.11580217,3.225548705,17688.463330000002,849,350,6938,7135,-197,26662,61.26941815,1728,3.970953213,74,1.657706093,279,4.918899859,2642,4.630619578,427,6.682316118999999,1865,32492,37536,3253,34127,17,309,0.9054414390000001,63.89571307,38.21871878,666,1.951533976,265,39.78978979,1451,.    ,4396,63,8,1803,35.1636162,61.06489185,278,35,57,12,15187,266.18175440000005
31,Rotherbaum,16456,2244,2599,15.7936315,2768,16.82061254,4882,29.67781155,816,36.37984842,10668,1.5853018369999998,6922,64.8856393,1427,13.37645294,323,22.63489839,2.735309267,6016.138723,195,84,2542,2532,10,6066,50.9962169,345,2.90037831,11,0.730411687,53,3.07603018,444,2.698104035,55,2.803261978,332,8142,68191,1195,9923,93,327,3.295374383,82.99415499,50.04563685,79,0.7961302029999999,24,30.37974684,3376,8719,6178,16,2,602,16.94352159,82.05980066,129,18,48,7,5411,328.8162372
32,Harvestehude,17822,2791,3639,20.41858377,2278,12.78195489,4592,25.77169155,944,33.81088825,10812,1.706067333,6441,59.572697,1714,15.8527562,373,21.76196033,2.050524388,8691.435276,203,149,2348,2069,279,5647,47.72247106,420,3.549395758,14,0.910273082,78,3.760848602,649,3.6415666030000002,104,4.425531915,449,9233,111088,1346,10031,0,531,5.293589871,96.76742099,54.46493098,75,0.747682185,32,42.66666667,3771,8352,8101,19,1,774,16.925064600000002,82.17054264,142,15,48,5,6859,384.8614072
33,Hoheluft-West,13089,1677,1764,13.47696539,1376,10.51264421,2657,20.32588739,445,26.58303465,8731,1.538998969,5775,66.14362616,1197,13.70976979,306,25.56390977,0.719518737,18191.32614,175,95,1751,1872,-121,6170,62.57606491,288,2.920892495,6,0.574162679,60,4.705882353,362,2.765681106,49,3.344709898,279,7902,42169,794,7907,36,109,1.3785253569999998,66.28746679999999,40.04393002,12,0.15176426,0,0.0,1692,6066,5124,9,1,430,24.41860465,73.25581395,31,8,11,3,3732,285.1249141
34,Lokstedt,28426,4794,5795,20.38626609,3924,13.804263699999998,8326,29.30967719,2081,43.47190307,15393,1.815630481,8307,53.96608848,2934,19.06061197,625,21.30197682,4.896199903,5805.727005,322,315,3203,3115,88,11018,59.59541324,715,3.8673734310000003,52,1.84790334,128,4.500703235,1991,7.004151128999999,548,13.2271301,987,14273,41778,3176,14778,20,2129,14.40655028,74.19901204,38.57429818,302,2.043578292,122,40.39735099,736,3922,3656,20,4,1276,36.833855799999995,57.83699059999999,59,17,17,7,9574,336.8043341
35,Niendorf,41836,6578,10881,26.00870064,4382,10.47423272,9189,21.98115013,2330,35.45343883,21637,1.8847344830000001,10254,47.39104312,3996,18.46836438,790,19.76976977,12.41758887,3369.0920539999997,408,445,4359,3590,769,15104,59.21279599,800,3.136270974,83,2.114649682,180,3.5587188610000005,1679,4.013289989,374,6.866164861000001,1024,20811,41651,8473,20710,179,7304,35.26798648,85.69179141,42.41985371,811,3.915982617,578,71.27003699,515,3597,3259,19,5,1994,36.65997994,60.68204614,90,21,36,8,17573,420.0449374
36,Schnelsen,29409,5473,5899,20.0584855,4069,13.83590057,9101,30.94736126,2566,46.85902118,14247,2.037902716,6118,42.94237383,3291,23.09959992,794,24.12640535,8.950757134,3285.6438359999997,330,268,3289,2911,378,10980,57.74692332,918,4.828021458,101,2.9863985810000004,153,4.2977528089999995,2875,9.775918936,855,19.01690391,1393,13530,37866,5758,13289,48,5249,39.49883362,88.56603206,40.0201979,1674,12.59688464,29,1.732377539,466,3367,2750,25,4,1735,57.29106628,40.34582133,51,19,29,6,12110,411.7787072
37,Eidelstedt,32403,5282,7214,22.26337068,5164,15.93679598,11306,34.92956006,2900,55.01802315,17297,1.882696421,8541,49.37850494,3263,18.86454298,856,26.23352743,8.722351376,3714.9386219999997,351,310,3224,2894,330,12230,58.99093189,1179,5.686860891,125,3.752626839,207,5.399061033,3508,10.82615807,987,22.14494054,1786,15376,30938,5061,15766,103,4372,27.73055943,75.2780033,36.62725674,1307,8.28999112,104,7.957153787,455,2869,2775,10,5,1592,58.04020101,38.94472362,54,16,19,6,11539,356.1090023
38,Stellingen,25634,3538,4902,19.12303971,4735,18.47156121,8586,33.48543349,1777,50.07044238,14439,1.6977630030000002,8317,57.60094189,2175,15.06337004,530,24.36781609,6.089201463999999,4209.747395,289,251,4603,4010,593,10507,59.33811487,880,4.96978596,72,2.500868357,127,4.817905918,2179,8.500429118,484,16.0,1345,12277,32600,2773,13710,36,1688,12.31218089,69.65433990000001,37.25368651,197,1.4369073669999999,30,15.2284264,492,3690,3340,11,3,876,46.46118721,48.63013699,36,12,8,3,8172,318.79534989999996
39,Hoheluft-Ost,9584,1243,1519,15.84933222,999,10.4236227,2068,21.6091954,351,28.32929782,6279,1.58353241,3988,63.5132983,870,13.85570951,212,24.36781609,0.5655044779999999,16947.699569999997,151,65,1249,1172,77,4206,60.051399200000006,245,3.4980011419999997,0,0.0,59,5.447830102,289,3.015442404,38,3.5815268610000004,228,5182,52006,632,5998,0,92,1.533844615,72.63687896,45.45868114,106,1.7672557519999998,0,0.0,2152,6066,5124,6,0,319,23.51097179,76.17554859,187,51,18,4,3140,327.62938230000003
40,Eppendorf,24387,3342,4551,18.66158199,2324,9.529667446,4884,20.03527916,948,28.39173405,15195,1.6267851269999998,9439,62.11911813,2204,14.50477131,484,21.960072600000004,2.669254115,9136.26015,346,223,3086,3103,-17,10302,61.05250682,482,2.856465568,22,1.102204409,101,4.110704111,552,2.263501046,66,2.228224173,414,13210,58438,1627,14070,12,373,2.651030561,79.97832267,46.14323205,664,4.7192608389999995,148,22.28915663,2348,5926,4999,13,3,809,20.27194067,76.76143387,155,26,45,10,8006,328.2896625
41,Groß Borstel,8459,1440,1802,21.30275446,1287,15.21456437,2242,26.529404800000002,572,39.77746871,4553,1.766966835,2517,55.282231499999995,769,16.88996266,186,24.18725618,3.985755325,2122.3078969999997,105,91,1458,1770,-312,3027,55.53109521,276,5.0632911389999995,18,2.23325062,63,6.034482758999999,664,7.849627616,146,12.10613599,408,4064,42631,1749,4440,16,1574,35.45045045,74.76576577,39.24340939,213,4.797297297,82,38.49765258,529,4159,3828,8,2,425,38.35294118,56.94117647,5,4,7,2,3179,375.8127438
42,Alsterdorf,14428,2326,2825,19.57998337,1786,12.37870807,3712,25.74023993,893,38.34263632,7659,1.795926361,4112,53.68847108,1376,17.96579188,342,24.85465116,3.155241052,4572.709268,149,156,1895,1524,371,5268,54.69269103,339,3.519518272,27,1.816958277,69,4.087677725,966,6.695314666,253,12.836123800000001,494,6302,52426,1977,7610,262,1303,17.12220762,77.5521682,40.90462989,786,10.32851511,341,43.38422392,821,5819,4261,10,2,655,38.93129771,56.79389313,36,9,10,5,5185,359.37066810000005
43,Winterhude,54826,6845,8064,14.70835005,6629,12.09097873,12849,23.44750817,2361,34.49736996,35273,1.560882261,23001,65.20851643,4610,13.06948658,1090,23.64425163,7.584308632999999,7228.872484999999,728,334,7473,7287,186,25441,62.43803073,1428,3.5046384919999998,78,1.60230074,245,4.665777947,2414,4.403020465,431,7.164228723,1620,29898,51627,3631,32664,324,718,2.1981386240000003,69.70686383,41.52965746,723,2.213445996,142,19.64038728,2639,7408,5020,40,4,1682,38.7039239,59.21521998,231,44,73,14,17613,321.2526903
44,Uhlenhorst,17599,2163,3438,19.53520086,1961,11.14267856,4220,23.98408639,816,37.72538141,11295,1.588667552,7121,63.0455954,1495,13.23594511,301,20.13377926,2.180611753,8070.670984,213,209,2607,2177,430,7384,60.14988596,368,2.997719127,11,0.8814102559999999,63,3.4596375619999997,421,2.392181374,52,2.75862069,316,9924,62479,1202,10615,225,242,2.279792746,78.60734809,47.41275072,174,1.639189826,0,0.0,2943,7881,6246,11,1,500,26.6,72.2,91,22,18,4,6365,361.6682766
45,Hohenfelde,9886,1176,1614,16.32611774,1860,18.81448513,3546,35.89432129,714,60.71428571,6229,1.5371648740000001,4068,65.30743297,699,11.22170493,148,21.17310443,1.154750982,8561.153143000001,135,100,1936,1514,422,4247,58.60356009,306,4.22243687,14,1.41271443,49,5.3551912569999995,721,7.293141817,157,15.31707317,419,5111,39541,686,5758,107,143,2.483501216,67.63268496,39.39196844,89,1.5456755819999999,0,0.0,1475,.    ,4273,3,0,264,47.34848485,50.37878788,36,11,14,2,2706,273.7204127
46,Barmbek-Süd,34792,3625,5058,14.53782479,4597,13.21280754,9200,26.45274447,1653,45.61258278,23727,1.474143381,16333,68.8371897,2532,10.67138703,729,28.79146919,3.091773916,11253.086720000001,439,304,5466,4494,972,17416,65.60934263,1197,4.50932379,69,2.176656151,194,6.008052028,2330,6.696941826000001,392,12.29225463,1595,19291,32679,2098,21958,236,115,0.523727115,58.94626104,37.20228788,731,3.3290827939999996,16,2.18878249,808,.    ,4094,26,4,878,52.84738041,44.98861048,51,18,23,7,10023,288.0834675
47,Dulsberg,17326,2169,2227,12.85351495,3634,20.97425834,7273,41.98464469,1551,71.47465438,12001,1.476710274,8555,71.28572619,1359,11.32405633,599,44.07652686,1.225829537,14134.10224,183,131,2307,2298,9,8125,61.25603136,1174,8.851025332,83,4.009661836,170,10.01767826,3060,17.66131825,724,39.45504087,1809,8895,21239,1074,10742,23,39,0.36306088299999995,53.28653882,33.03728501,1087,10.11915844,420,38.63845446,736,.    ,2845,8,0,707,71.28712871,25.60113154,23,8,9,3,3874,223.5945977
48,Barmbek-Nord,41475,4213,5521,13.31163351,5309,12.80048222,10793,26.03671628,1958,46.48622982,29013,1.4495226280000002,20449,70.48219764,2923,10.07479406,842,28.80602121,3.851196067,10769.38158,572,348,6338,5840,498,21510,66.74734686,1715,5.321789859,101,2.5231076690000003,290,7.403625223,3459,8.339963834,617,16.55042918,2380,23386,28330,2684,26661,191,281,1.053973969,56.60042759,36.38394213,959,3.5970143660000002,91,9.489051095,773,.    ,3588,13,2,1003,60.21934197,37.68693918,100,29,38,12,11153,268.9089813
49,Ohlsdorf,15794,2499,2703,17.11409396,1552,9.826516398999999,3436,21.75509687,777,31.05515588,9107,1.750631382,5128,56.30833425,1578,17.32733062,357,22.62357414,7.160787192999999,2205.6234289999998,175,117,1987,1678,309,6615,60.55474185,455,4.165140974,42,2.837837838,81,4.714784633,980,6.204887932,219,10.10613752,614,9124,39049,2374,8202,132,1699,20.71445989,73.60338942,38.22305939,460,5.608388197999999,183,39.782608700000004,617,4279,3554,10,0,730,51.50684932,46.02739726,13,7,7,4,5538,350.6394833
50,Fuhlsbüttel,12590,1959,2521,20.02382844,1560,12.39078634,2826,22.44816904,630,32.15926493,7058,1.751062624,3867,54.78889204,1188,16.83196373,293,24.66329966,7.774407367,1619.416041,157,132,1534,1451,83,5169,61.32400047,338,4.009965595,32,2.467232074,68,4.860614725,889,7.0611596510000005,205,12.5,530,6490,39526,2066,6745,71,1519,22.52038547,76.52720534,40.99888801,169,2.505559674,0,0.0,548,3774,2920,7,2,583,39.62264151,57.80445969,25,5,15,4,4730,375.694996
51,Langenhorn,45586,8017,8899,19.52134427,7138,15.65831615,14120,31.00162473,3675,45.84580838,22845,1.902954695,10986,48.08929744,4607,20.16633837,1220,26.48144129,13.36714312,3410.3023789999997,507,430,5673,5135,538,17189,57.12718934,1607,5.340822227,167,3.1273408239999996,290,5.405405405,4867,10.67652349,1355,20.53652622,2501,20892,30965,9264,21100,449,8388,39.7535545,75.80981043,35.08943535,1841,8.725118483,270,14.66594242,332,2798,3450,25,6,2436,55.13136289,41.13300493,92,21,21,8,16632,364.84885710000003
52,Eilbek,21505,2481,3420,15.90327831,3129,14.55010463,6473,30.11818351,1341,54.0943929,14252,1.528557395,9451,66.31349986,1607,11.27561044,415,25.82451773,1.751378012,12278.90259,271,176,2965,2841,124,10519,66.05752324,749,4.703592062,43,2.248953975,138,6.657018813,1666,7.747035573,401,18.55622397,969,12199,32559,1542,13059,51,196,1.5008806190000001,62.51550655,37.96279935,436,3.3386936210000004,30,6.880733945,926,.    ,3884,13,3,618,53.07443366,43.52750809,36,13,25,3,6347,295.140665
53,Wandsbek,34469,4177,6582,19.09541907,5482,15.90414575,11395,33.0750029,2354,56.38323353,21220,1.6170122530000002,12988,61.20640905,2699,12.71913289,717,26.56539459,5.943579272999999,5799.367421,389,342,4900,4321,579,15409,63.36198034,1215,4.996093589,91,2.510344828,235,6.308724832,3245,9.414256287999999,748,20.96412556,1904,17913,28567,3906,19894,311,2257,11.34512918,65.15376495,37.60390496,901,4.52900372,113,12.54162042,452,3381,3413,14,5,1157,52.98184961,43.90665514,65,27,42,9,11421,331.3412051
54,Marienthal,13417,2059,2810,20.94357904,1737,12.9462622,3697,27.58131901,892,43.34305151,7092,1.795544275,3725,52.52397067,1194,16.8358714,213,17.83919598,3.213239104,4175.537383,159,160,2874,2486,388,4978,55.81969051,345,3.868580399,24,1.53256705,64,4.513399154,669,4.986211523,143,8.466548253,404,6621,59131,2139,6565,40,1577,24.02132521,90.10007616,44.08638295,25,0.380807312,0,0.0,613,4091,3453,9,1,537,35.38175047,62.75605214,71,16,14,4,5323,396.7354848
55,Jenfeld,25622,4937,4639,18.10553431,5856,22.85535868,14192,55.43533456,3692,74.87325086,12693,1.991885291,6097,48.03434964,2776,21.87032222,834,30.04322767,4.991186945,5133.448272,285,285,3203,2728,475,8355,49.46421171,1473,8.720620449,126,3.683133587,275,8.591065292,5278,20.59948482,1564,38.22091887,2474,10163,23975,2643,10892,36,2081,19.1057657,72.77662505,30.93759269,1389,12.75247888,384,27.64578834,399,2890,2603,15,4,1671,64.63195691,31.65769001,32,14,16,5,7577,295.722426
56,Tonndorf,14762,2503,2723,18.44601003,2258,15.29603035,5539,37.53981701,1441,57.5709149,8067,1.849882236,4178,51.79124829999999,1547,19.17689352,358,23.14156432,3.941131817,3745.6245280000003,155,152,2023,1372,651,5915,59.8926691,603,6.105710814,44,2.870189172,120,7.207207207000001,1679,11.37379759,486,22.46879334,875,7211,32210,2307,7412,41,1777,23.97463573,76.22841338,38.27428533,870,11.73772261,127,14.59770115,413,2970,2752,5,1,710,58.73239437,38.73239437,22,6,11,3,5577,377.79433680000005
57,Farmsen-Berne,34634,5988,6997,20.202691,3951,11.4078651,10321,29.80622058,2699,45.0509097,17660,1.921970555,8332,47.18006795,3765,21.3193658,991,26.32138114,8.226367201,4210.120841,363,371,3252,3522,-270,13748,60.70561222,1105,4.879233453,77,2.212008044,213,4.97431107,3524,10.17497257,1025,20.54108216,1753,16784,31603,6417,16702,69,5702,34.139624,76.05663992,36.67777329,1191,7.130882529,70,5.877413937999999,444,2713,2701,21,6,2027,58.21410952,38.08584114,34,13,17,5,13293,383.81359360000005
58,Bramfeld,51858,7542,11311,21.81148521,5914,11.40421921,14564,28.10660594,3388,44.95753716,29760,1.7623991940000001,15902,53.43413978,4888,16.42473118,1414,28.92798691,10.0658645,5151.867482,540,510,4935,4147,788,20976,61.16343489999999,1811,5.2806531560000005,155,2.954068992,333,5.066179827,5321,10.26071194,1309,20.93730006,3027,25974,30928,9013,27747,284,7515,27.08400908,71.05283454,38.0173358,1895,6.82956716,283,14.93403694,444,3219,2818,24,5,2292,54.18848168,42.23385689,69,31,35,9,20695,399.0705388
59,Steilshoop,19390,3707,3814,19.66993296,4312,22.23826715,9684,49.96904025,2619,70.6120248,9602,2.0132264109999998,4473,46.58404499,2120,22.0787336,654,30.8490566,2.4983669319999997,7761.069742000001,216,190,1595,1492,103,6534,52.35996474,1159,9.287603172999999,116,5.008635579,161,7.030567686,4725,24.36823105,1446,46.6903455,2104,8598,22730,956,8766,28,335,3.82158339,74.20556696,33.54749871,2807,32.0214465,150,5.343783398999999,412,.    ,2459,12,2,1257,68.57597454,26.73031026,10,7,6,2,5735,295.77101600000003
60,Wellingsbüttel,10506,1880,2994,28.49800114,616,5.863316200000001,1729,16.44943393,467,24.82721956,5145,2.054421769,2095,40.719144799999995,1130,21.96307094,150,13.27433628,4.086535528,2570.881846,86,137,1001,937,64,3068,51.52838428,134,2.25058784,3,0.324675325,27,2.214930271,154,1.46582905,25,1.604621309,110,5156,88606,2845,5072,49,2667,52.58280757,119.77503940000001,57.82400533,22,0.433753943,0,0.0,772,4170,3551,6,1,632,19.46202532,79.90506329,24,7,12,2,5327,507.04359410000006
61,Sasel,23490,4426,6035,25.69178374,1253,5.334184758999999,3652,15.55366269,1052,23.7740113,11095,2.149526814,4068,36.66516449,2660,23.97476341,375,14.09774436,8.363075418,2808.7753399999997,159,198,1603,1496,107,7600,54.81823428,287,2.0701096359999998,18,0.802496656,87,2.72130122,343,1.460195828,67,1.86577555,217,10933,61360,7392,10789,81,7480,69.32987302,112.43488740000001,51.641549600000005,36,0.333673186,0,0.0,503,3805,2877,12,3,1594,31.05395232,67.37766625,30,9,12,2,12082,514.3465304
62,Poppenbüttel,22847,3605,7624,33.36980785,1405,6.1496038870000005,4419,19.342554500000002,1180,32.73231623,10971,2.020417464,4451,40.57059521,2228,20.30808495,376,16.87612208,8.105230587000001,2818.797042,178,437,1892,1452,440,6898,56.25968518,306,2.495718131,21,1.152579583,84,3.0746705710000004,528,2.311025518,129,4.3551654289999995,299,11517,52157,6128,10546,139,6025,57.13066566,103.636924,47.83800937,449,4.257538403,217,48.32962138,500,3073,3283,10,3,1187,30.41280539,67.98652064,120,26,44,9,10744,470.2586773
63,Hummelsbüttel,17655,3077,4419,25.02973662,2522,14.28490513,6043,34.24766223,1566,50.92682927,8589,1.9902200490000002,3638,42.356502500000005,1804,21.00360927,493,27.32815965,9.083595645,1943.6135960000001,153,174,1959,1697,262,5953,55.70840352,544,5.090772974,40,2.340550029,100,4.353504571,1880,10.64854149,485,19.01960784,939,7872,38135,2754,8081,17,2226,27.54609578,88.62764509,40.56641178,2024,25.04640515,1115,55.08893281,533,3263,3027,10,1,1029,48.49368319,48.202138,14,10,11,2,7229,409.4590767
64,Lemsahl-Mellingstedt,6917,1343,1378,19.92193147,592,8.558623681,1232,17.82407407,373,27.773641100000003,2888,2.320637119,823,28.49722992,765,26.48891967,109,14.24836601,8.002216325,864.3855301000001,54,37,794,528,266,2162,48.45360825,96,2.151501569,8,1.005025126,27,2.4816176469999998,176,2.544455689,50,4.642525534,93,3126,75191,2341,2750,16,2466,89.67272727,131.8134545,52.40523348,29,1.054545455,29,100.0,447,3733,3270,4,1,411,31.63017032,66.42335766,3,2,1,1,3837,554.7202543999999
65,Duvenstedt,6247,1357,1183,18.937089800000003,481,7.699695854,960,15.379685999999998,346,25.49742078,2627,2.402360107,787,29.95812714,782,29.76779597,142,18.15856777,6.782221382,921.0846488,42,36,398,408,-10,2059,51.73366834,84,2.110552764,15,1.8891687659999998,12,1.5384615380000002,277,4.434128382,94,8.671586716,92,2738,65694,1773,2516,21,1816,72.17806041,117.7138315,47.40963663,82,3.2591414939999996,0,0.0,429,3530,3012,3,1,538,31.41263941,65.6133829,13,5,7,3,3225,516.2477989
66,Wohldorf-Ohlstedt,4656,986,993,21.32731959,278,5.970790377999999,652,14.00042946,204,20.7106599,2020,2.33019802,621,30.74257426,561,27.77227723,89,15.86452763,17.28852817,269.3115315,41,27,608,785,-177,1310,45.45454545,36,1.249132547,0,0.0,16,2.56,64,1.374570447,17,2.1766965430000003,38,2066,94234,1496,1922,22,1544,80.33298647,143.50572319999998,59.23926117,0,0.0,0,0.0,476,3877,4054,4,1,361,31.85595568,66.48199446,0,0,4,1,2471,530.7130584
67,Bergstedt,10687,2282,2266,21.20333115,877,8.206231871,1806,16.90061763,611,26.77475898,4671,2.18625562,1717,36.75872404,1252,26.803682300000002,206,16.45367412,7.039146034,1518.2239359999999,98,91,1224,742,482,3478,53.16416998,175,2.6750229290000003,14,1.25,35,2.717391304,528,4.9405820160000005,154,8.195848856,261,4836,51374,2829,4557,30,2778,60.96115866,103.2201009,44.01366146,187,4.103576915,0,0.0,442,3425,2597,9,1,776,44.20103093,53.60824742,7,5,5,2,4837,452.6059699
68,Volksdorf,20625,4176,5406,26.21090909,1303,6.317575757999999,3250,15.7782309,1008,24.17266187,9417,2.165551662,3497,37.13496867,2385,25.32653711,506,21.21593291,11.57624444,1781.665903,140,258,1629,1371,258,5987,50.3320723,315,2.6481715009999998,24,1.0801080109999999,69,2.565055762,734,3.5587878789999996,230,6.919374248,360,9494,63763,5496,9009,88,5270,58.497058499999994,112.54423349999999,49.15932121,726,8.058608058999999,388,53.44352617,609,3804,3673,13,4,1577,37.85668992,58.78249841,81,23,27,5,9297,450.7636364
69,Rahlstedt,90631,15645,20548,22.67215412,11339,12.51117167,28324,31.26579903,7429,47.47571575,46401,1.929958406,21393,46.10460981,9493,20.45861081,2560,26.96723902,26.56598439,3411.543072,899,998,8657,7045,1612,33322,58.15357766,2927,5.108202443,274,2.859528282,508,4.6464831239999995,9257,10.21394446,2656,20.77759524,4625,42075,33419,15225,43853,233,12509,28.52484437,81.10954781,39.24592027,3611,8.234328324,738,20.43755192,418,3162,2670,34,12,5081,55.32375517,41.36980909,156,55,63,16,36023,397.46885719999995
70,Lohbrügge,39575,6212,9439,23.85091598,4805,12.14150347,15284,38.65452706,3550,57.23037239999999,20782,1.8870176109999999,10032,48.27254355,3816,18.36204408,1105,28.95702306,13.04495229,3033.740493,377,447,3610,3393,217,15247,60.61461398,1262,5.017094697,73,1.657207719,237,4.945742905,4086,10.32469994,1067,21.41710157,2157,18234,29127,5693,20038,34,4414,22.02814652,74.75815949999999,37.85228048,1656,8.264297834,963,58.15217391,388,2826,2412,13,4,2074,55.73770492,41.41755063,44,17,24,7,14548,367.6058118
71,Bergedorf,35105,6089,7072,20.14527845,5204,14.82409913,11208,31.95711679,2750,45.207956599999996,18101,1.885531186,8905,49.19617701,3500,19.33594829,988,28.22857143,10.35909855,3388.8083840000004,400,394,4685,4029,656,13165,57.40886098,1142,4.979940694,62,1.58446205,199,5.010070493,3659,10.42301666,958,18.78063125,1991,15979,35049,5131,16811,202,4018,23.90101719,79.37862114,38.01264777,710,4.2234251380000005,167,23.52112676,442,2815,2744,22,7,1887,51.03338633,46.47588765,149,37,50,11,12120,345.2499644
72,Curslack,3937,789,608,15.44323089,717,18.21183642,1016,25.81956798,308,39.03675539,1550,2.19483871,544,35.09677419,378,24.38709677,70,18.51851852,10.57381252,372.33495419999997,64,27,446,436,10,1464,54.87256372,104,3.898050975,4,0.833333333,19,3.7254901960000004,406,10.31242062,120,18.15431165,177,1711,41512,943,1453,4,973,66.96490021,104.79008950000001,38.67411735,17,1.169993118,12,70.58823529,247,.    ,.    ,1,1,260,58.46153846,40.38461538,8,5,0,1,1781,452.3749048
73,Altengamme,2229,407,439,19.69493046,81,3.633916555,201,9.029649596,57,14.004914000000001,1017,2.212389381,343,33.726647,250,24.58210423,54,21.6,15.60817234,142.8098019,23,16,158,154,4,877,59.90437158,31,2.117486339,4,1.680672269,6,1.904761905,65,2.9161058769999997,12,3.680981595,33,1060,47341,642,908,8,697,76.76211454,107.496696,43.78959175,4,0.440528634,0,0.0,209,2401,.    ,1,1,134,54.47761194,44.02985075,1,1,0,0,1252,561.6868551
74,Neuengamme,3691,631,757,20.50934706,150,4.063939312,325,8.805201842,82,12.99524564,1683,2.18835413,573,34.04634581,393,23.35115865,62,15.77608142,18.61702708,198.2593667,32,39,281,244,37,1496,61.94616977,59,2.443064182,0,0.0,9,1.642335766,105,2.844757518,24,4.624277457,59,1791,40936,1042,1516,8,1128,74.40633245,108.1042216,44.4015172,20,1.319261214,0,0.0,234,.    ,.    ,2,0,221,62.44343891,35.74660633,1,1,2,0,2026,548.9027364
75,Kirchwerder,9804,1689,1964,20.03263974,716,7.303141575,1224,12.49107052,322,19.07582938,4480,2.190625,1519,33.90625,1049,23.41517857,190,18.11248808,32.30807069,303.4535889,92,85,955,570,385,4014,62.18435321,136,2.106893881,19,1.79245283,19,1.4232209740000001,311,3.172174623,73,5.270758123,178,4668,39284,2771,4098,59,3029,73.91410444,106.48169840000001,44.50856793,26,0.634455832,8,30.76923077,221,2444,.    ,7,2,576,64.40972222,34.375,7,7,3,2,5357,546.4096287000001
76,Ochsenwerder,2540,407,493,19.40944882,241,9.488188976,396,15.59669161,102,25.06142506,1223,2.101390025,449,36.71300082,258,21.09566639,46,17.82945736,14.09993664,180.1426535,21,36,224,179,45,1055,62.02233979999999,33,1.9400352730000001,0,0.0,8,2.4096385540000003,63,2.480314961,18,5.202312139,30,1265,38634,702,1080,11,738,68.33333333,118.19537040000002,50.25629921,3,0.27777777800000003,0,0.0,212,2637,.    ,2,1,161,62.73291925,37.26708075,2,2,0,0,1495,588.5826772
77,Reitbrook,517,59,137,26.49903288,47,9.090909091,73,14.11992263,9,15.25423729,270,1.9370370369999999,127,47.03703704,43,15.92592593,4,9.302325581,6.937304502000001,74.52462262,4,4,44,29,15,199,59.58083832,0,0.0,0,0.0,0,0.0,4,0.7736943909999999,0,0.0,3,242,37041,147,231,2,151,65.36796537,119.7012987,53.48355899,0,0.0,0,0.0,200,.    ,.    ,0,0,21,66.66666667,33.33333333,0,0,2,0,282,545.4545455
78,Allermöhe,1360,218,266,19.55882353,135,9.926470587999999,290,21.33922001,68,31.19266055,661,2.090771558,257,38.88048412,139,21.02874433,29,20.86330935,8.637358433,157.45554740000003,9,13,200,229,-29,555,60.13001083,17,1.841820152,0,0.0,3,1.421800948,34,2.5,11,6.432748537999999,18,696,38369,454,588,13,502,85.37414966,115.18877549999999,49.80220588,0,0.0,0,0.0,203,2548,.    ,2,0,83,61.44578313,36.14457831,0,0,2,0,780,573.5294117999999
79,Billwerder,1584,230,260,16.41414141,417,26.32575758,541,34.1540404,87,37.82608696,677,1.88478582,340,50.22156573,114,16.83899557,23,20.175438600000003,9.469395087999999,167.2757325,14,14,325,287,38,436,38.27919227,40,3.511852502,0,0.0,10,5.3763440860000005,119,7.512626263,27,14.59459459,70,643,30575,382,559,0,405,72.45080501,93.79248658,33.09974747,0,0.0,0,0.0,207,.    ,.    ,1,1,79,67.08860759,32.91139241,0,0,0,0,580,366.1616162
80,Moorfleet,1277,221,191,14.95693031,215,16.83633516,346,27.1372549,77,34.84162896,604,1.9933774830000002,264,43.70860927,120,19.86754967,24,20.0,4.372494647,292.052959,7,7,154,150,4,476,52.53863135,35,3.8631346580000003,4,2.7397260269999997,8,5.161290323,94,7.361002349,22,12.22222222,55,565,34387,331,445,0,356,80.0,101.30561800000001,35.30227095,0,0.0,0,0.0,199,.    ,.    ,0,0,71,69.01408451,29.57746479,0,0,0,0,647,506.6562255
81,Tatenberg,555,103,105,18.91891892,29,5.225225225,58,10.50724638,13,12.62135922,246,2.260162602,83,33.7398374,67,27.23577236,7,10.44776119,3.0660919960000004,181.0121812,3,3,45,32,13,230,63.71191136,8,2.216066482,0,0.0,0,0.0,7,1.261261261,0,0.0,5,260,42598,166,225,7,189,84.0,114.6133333,46.46486486,0,0.0,0,0.0,223,.    ,.    ,0,0,38,52.63157895,47.36842105,0,0,0,0,302,544.1441441000001
82,Spadenland,506,76,114,22.52964427,17,3.359683794,33,6.534653465,7,9.210526316000001,243,2.090534979,89,36.6255144,46,18.93004115,10,21.73913043,3.4192225919999997,147.98685559999998,3,7,51,30,21,195,58.73493976,6,1.807228916,0,0.0,0,0.0,9,1.778656126,0,0.0,7,261,35255,114,208,6,118,56.73076923,108.2932692,44.51581028,0,0.0,0,0.0,223,.    ,.    ,0,0,33,60.60606061,39.39393939,0,0,0,0,281,555.3359684
83,Neuallermöhe,23715,5573,1957,8.252161079,3946,16.63925785,15234,64.28390581,4348,78.10310759999999,9596,2.415798249,2866,29.86661109,3218,33.53480617,849,26.38284649,4.204242824,5640.730327,289,97,1542,1882,-340,9903,57.66946191,963,5.607966457000001,45,1.3250883390000001,160,5.012531328,4335,18.27956989,1446,31.53074575,1758,9440,28633,3181,9069,27,2488,27.43411622,80.74716066,30.87902172,5019,55.34237512,816,16.25821877,275,.    ,.    ,8,3,1926,58.04776739,39.87538941,14,8,8,2,7855,331.2249631
84,Harburg,26098,4164,2783,10.66365239,10645,40.78856617,15558,59.64804662,3423,82.22435743,14144,1.6763998869999999,8788,62.13235294,2187,15.46238688,659,30.13260174,3.990648399,6539.789375,412,185,7187,6062,1125,9644,48.92451299,1539,7.807426948,145,3.463927377,185,8.902791145,5140,19.69499579,1469,40.77157924,2663,9499,20773,1573,12448,273,284,2.281491003,60.93276028,29.06318492,1213,9.744537275,233,19.20857378,283,2544,2750,15,1,1071,68.25396825,22.68907563,175,33,60,14,4882,187.0641428
85,Neuland und Gut Moor,1704,413,259,15.19953052,495,29.04929577,708,41.54929577,259,62.86407767,716,2.244413408,282,39.38547486,184,25.69832402,32,17.39130435,10.07031969,169.21011969999998,24,7,269,279,-10,576,52.50683683,51,4.649042843999999,7,3.4313725489999998,5,2.475247525,242,14.20187793,96,27.586206899999997,83,693,32295,430,566,4,467,82.50883392,102.6325088,34.09037559,0,0.0,0,0.0,440,.    ,.    ,0,1,134,62.68656716,32.835820899999995,0,0,0,0,709,416.0798122
86,Wilstorf,17104,2900,3363,19.66206735,3814,22.29887746,7256,42.46006203,1931,66.65516051,9347,1.8233657859999999,4983,53.31122285,1726,18.46581791,471,27.28852839,3.42282301,4997.044822999999,212,227,2354,1825,529,6614,58.4120816,741,6.5442020670000005,58,2.975885069,99,5.371676614,2371,13.86225444,719,29.73531845,1131,7823,25518,2036,8491,0,1451,17.08868213,69.01177718,34.259763799999995,1029,12.11871393,619,60.15549077,283,2357,1768,11,1,802,58.22942643,36.40897756,20,12,5,3,5388,315.0140318
87,Rönneburg,3190,613,587,18.40125392,386,12.10031348,988,30.97178683,274,44.69820555,1504,2.172207447,570,37.89893617,369,24.53457447,72,19.51219512,2.247532359,1419.3344029999998,32,26,277,260,17,1261,59.8481253,67,3.1798766019999998,7,1.7811704830000001,8,1.960784314,196,6.144200627000001,51,10.28225806,96,1443,38848,772,1387,6,752,54.21773612,96.40086518,41.91473354,153,11.03100216,81,52.94117647,263,.    ,.    ,1,1,221,42.08144796,56.10859729,0,0,0,0,1432,448.9028213
88,Langenbek,4020,586,884,21.99004975,390,9.701492537,1221,30.39581777,262,44.78632479,2003,2.049425861,767,38.29256116,386,19.27109336,106,27.4611399,0.7935528190000001,5065.8253700000005,35,40,296,358,-62,1578,59.54716981,90,3.396226415,10,2.222222222,25,3.5511363639999995,263,6.542288557000001,73,15.02057613,138,1924,34231,1194,1863,0,1129,60.60118089,86.78582931,40.21940299,352,18.89425658,197,55.96590909,252,2109,.    ,1,0,193,47.66839378,46.11398964,0,0,0,1,1793,446.0199005
89,Sinstorf,3636,760,667,18.34433443,703,19.33443344,1312,36.12334802,456,60.07905138,1600,2.09,663,41.4375,361,22.5625,61,16.89750693,2.516604269,1444.804034,51,33,468,453,15,1366,58.25159915,117,4.989339019,15,3.4324942789999997,15,4.0,365,10.03850385,127,20.3525641,140,1667,33328,843,1463,3,882,60.28708134,91.2556391,36.71809681,92,6.2884483939999996,0,0.0,226,2596,.    ,2,1,241,51.037344399999995,43.56846473,9,3,3,0,1492,410.3410341
90,Marmstorf,8850,1356,2608,29.46892655,888,10.03389831,2270,25.65551537,566,41.70965365,4641,1.950226244,1999,43.07261366,869,18.72441284,205,23.59033372,5.84345547,1514.514835,63,97,705,653,52,3033,58.63135511,177,3.421612217,9,1.0146561440000001,32,3.0505243089999996,484,5.468926553999999,135,12.62862488,242,4505,36313,2225,4269,10,2125,49.77746545,89.29210588,43.0720904,110,2.576715859,0,0.0,323,2274,2056,3,1,481,34.71933472,61.53846154,7,5,6,2,3890,439.54802259999997
91,Eißendorf,24324,4074,5123,21.06150304,4035,16.58855451,9030,37.14826395,2298,56.44804716,12985,1.88309588,6444,49.62649211,2481,19.10666153,648,26.1185006,8.339131496,2916.8505149999996,252,210,2519,2311,208,8996,56.90429502,914,5.781516857000001,80,2.9347028610000003,130,4.68975469,2692,11.06725867,779,22.96580189,1317,11549,32988,4265,12041,87,3630,30.14699776,78.29274977,38.75690676,674,5.597541732000001,221,32.78931751,307,2604,2123,8,2,1299,52.04003079,42.8021555,15,9,8,2,8849,363.7970729
92,Heimfeld,21798,3736,3437,15.76750161,5121,23.49298101,9537,43.75172034,2291,61.27306767,12044,1.810860179,6649,55.20591166,2280,18.93058784,606,26.57894737,13.00423232,1676.2235150000001,273,205,3414,3039,375,8691,57.12126191,911,5.987512323,84,2.9766123319999997,122,5.936739659,2726,12.50573447,734,23.33121424,1450,9595,30132,2474,10551,10,1529,14.49151739,71.36423088,34.54280209,1487,14.09345086,123,8.271687962,314,2468,2478,8,2,1141,54.1630149,32.427695,25,8,13,3,6252,286.8153042
93,Moorburg und Altenwerder,742,149,99,13.34231806,54,7.277628032000001,115,15.54054054,24,16.10738255,368,2.0163043480000002,167,45.38043478,84,22.82608696,26,30.95238095,16.69819445,44.43594199,9,1,73,79,-6,293,56.1302682,17,3.2567049810000004,0,0.0,4,3.603603604,72,9.703504042999999,25,20.66115702,33,361,34544,226,328,0,242,73.7804878,99.4054878,43.94204852,0,0.0,0,0.0,206,.    ,.    ,2,0,46,65.21739129999999,32.60869565,0,0,0,0,374,504.0431267
94,Hausbruch,16862,3202,3371,19.99169731,2471,14.65425216,8899,52.78486268,2248,70.22805373,7579,2.2022694290000002,2776,36.62752342,1871,24.68663412,465,24.85301978,9.834933736,1714.5006210000001,156,145,1292,1253,39,6219,56.91927512,743,6.800292879,55,2.595563945,148,6.35193133,2569,15.23544064,759,29.59064327,1146,7349,31023,2937,7172,9,2677,37.32571110000001,84.28053542,35.84746768,1148,16.00669269,72,6.2717770029999995,238,2554,2193,9,1,1207,64.04308202,30.82021541,16,4,11,2,6096,361.522951
95,Neugraben-Fischbek,28991,5584,6035,20.81680522,4583,15.80835432,12885,44.46783545,3515,62.93643688,13506,2.1130608619999998,5260,38.94565378,3141,23.25633052,800,25.46959567,22.52342587,1287.148774,338,261,3459,2470,989,10185,55.54343677,1285,7.0076893710000006,108,3.277693475,241,6.545355785,4184,14.43206512,1183,25.61160424,2007,12290,31101,5585,12467,183,5117,41.0443571,84.77821449,36.45717637,910,7.299270073,228,25.05494505,266,2357,1993,13,4,1785,62.57703081,33.05322129,37,15,21,5,10309,355.59311510000003
96,Francop,672,111,125,18.60119048,56,8.333333332999999,90,13.37295691,11,9.90990991,320,2.15625,121,37.8125,66,20.625,17,25.75757576,8.813302542,76.24837532,10,6,51,84,-33,280,60.86956522,9,1.956521739,0,0.0,0,0.0,25,3.720238095,7,8.045977011,12,356,35782,196,329,0,237,72.03647416,98.92401216,48.43154762,0,0.0,0,0.0,209,.    ,.    ,0,0,34,55.88235294,44.11764706,1,0,0,0,361,537.202381
97,Neuenfelde,4954,1073,728,14.6951958,1499,30.25837707,2358,47.65561843,673,62.83846872,2260,2.231858407,942,41.68141593,548,24.24778761,113,20.62043796,15.6755941,316.03267900000003,60,21,839,565,274,1701,51.03510351,217,6.510651065,21,3.196347032,31,5.9500959689999995,666,13.44368187,216,24.1881299,314,1909,32879,1033,1938,1,1178,60.78431373,95.26986584,37.26947921,291,15.01547988,0,0.0,204,.    ,.    ,2,1,347,63.97694525,32.5648415,1,1,3,1,1891,381.7117481
98,Cranz,826,123,150,18.1598063,195,23.60774818,308,37.37864078,66,53.65853659,476,1.787815126,262,55.04201681,75,15.75630252,20,26.66666667,1.332876373,619.712388,7,11,160,111,49,341,59.5113438,38,6.631762652999999,0,0.0,5,4.464285714,98,11.86440678,27,26.21359223,54,378,31335,166,397,0,145,36.52392947,87.30982368,41.96368039,0,0.0,0,0.0,212,.    ,.    ,1,1,37,45.94594595,45.94594595,2,2,0,0,338,409.2009685
99,Hamburg-Mitte,301550,48313,42892,14.22384348,84912,28.15851434,145211,49.38712903,34356,71.11423899,165199,1.758709193,95818,58.00156175,27896,16.88630076,8309,29.78563235,142.3,2119.1145469999997,3633,2381,34119,30797,3322,115032,52.78222606,15975,7.330099982999999,1106,3.134476406,2369,7.435189254,50938,16.8920577,14129,34.69708504,25683,134169,26041,23907,144576,1117,13152,9.096945551000001,65.88097610000001,31.58616482,22552,15.59871625,5428,24.06881873,.    ,.    ,.    ,138,35,14736,65.49945711,29.83170467,741,248,282,72,77372,256.5809982
100,Altona,270263,47920,48612,17.98692385,43496,16.09395293,86383,31.97132378,21362,44.58218549,145752,1.841326363,77965,53.49154729,28758,19.73077556,7150,24.86264692,77.9,3469.358151,3115,2583,25368,22537,2831,97691,53.93389315,10008,5.525282806,776,2.9267556760000004,1728,5.917808218999999,25860,9.568457392000001,6521,16.09328727,14539,130362,48620,37542,134141,861,28965,21.5929507,80.97558539,40.19102134,10501,7.828329892,3392,32.30168555,.    ,.    ,.    ,199,36,14424,45.72933999,51.77481974,846,200,252,63,89705,331.91742860000005
101,Eimsbüttel,262130,39569,49842,19.01422958,35540,13.55815817,71787,27.39920001,16197,40.94287159,151685,1.728819593,86659,57.13089627,24971,16.46240564,5896,23.61138921,49.8,5263.654618,3122,2267,27266,25136,2130,104384,58.46107318,7273,4.073300365,538,2.162031828,1265,4.4113544430000005,16329,6.229351847999999,3883,11.51030087,9460,134036,44653,31829,140241,532,22018,15.70011623,76.21784642,40.77696944,5123,3.65299734,1184,23.11145813,.    ,.    ,.    ,192,33,11082,40.58834145,56.30752572,870,161,273,57,90157,343.9400298
102,Hamburg-Nord,306732,41017,50742,16.54278002,40636,13.24804716,81169,26.47597985,16899,41.2060179,190234,1.606269121,119564,62.85101507,26210,13.77776843,6803,25.95574208,57.8,5306.782007,3860,2640,35373,31809,3564,135899,61.57439501,9930,4.499177643,664,2.252068919,1742,5.515450861000001,21612,7.045890223,4655,13.19332256,13328,161769,41123,31064,176563,2048,16486,9.337177098,68.41230609,39.37992123,8002,4.53209336,1693,21.1572107,.    ,.    ,.    ,180,26,10991,46.29242107,50.92348285,1045,255,298,79,98144,319.96661580000006
103,Wandsbek,429918,72171,95142,22.1302667,53305,12.39887606,127932,29.772676500000003,32662,45.26769504,224170,1.901753134,108236,48.28299951,43656,19.47450596,10602,24.28532161,147.5,2914.698305,4228,4579,34800,28663,6137,158271,57.51648951,13364,4.856545833999999,1093,2.437338328,2504,4.808357017,40048,9.315264771,11029,18.50472308,20544,205276,39964,77202,210132,1556,66221,31.51400072,83.56371233,40.84362599,16680,7.937867626,3644,21.84652278,.    ,.    ,.    ,218,55,23455,49.26454914,47.69558729,787,269,352,83,171040,397.8433097
104,Bergedorf,126395,22704,23802,18.83144112,16720,13.22837138,46229,36.60485225,11780,51.93545543,61133,2.0233916219999997,26391,43.16981009,13391,21.90469959,3461,25.84571727,154.7,817.032967,1338,1189,10172,9098,1074,49312,58.73552813,3836,4.569059984,211,1.433910975,678,4.30612893,13297,10.52019463,3778,20.27150292,6541,56815,33147,21699,57229,381,19206,33.55990844,83.58884482,37.84727244,7455,13.02661238,1966,26.37156271,.    ,.    ,.    ,59,20,7564,56.57059757,41.24801692,226,78,91,23,49306,390.09454489999996
105,Harburg,163771,28844,30219,18.45198478,35335,21.57585897,72535,44.31269053,18297,63.45193508,83493,1.927670583,40673,48.71426347,16628,19.91544201,4301,25.86600914,125.1,1309.1207029999998,1934,1475,18255,14694,3561,60778,55.46348853,6916,6.3112554979999995,599,2.9397330189999997,1050,5.727376861000001,22093,13.49017836,6400,26.70004172,10826,71341,30004,25955,75710,586,21845,28.85352001,77.32357681,35.74606005,7459,9.852067098,1774,23.78334897,.    ,.    ,.    ,76,17,9039,57.84931962,35.85573625,308,92,130,33,54056,330.0706474
106,Hamburg,1860759,300538,341251,18.33934432,309944,16.65685884,631246,34.07587267,151553,50.43881399,1021666,1.798705252,555306,54.35298816,181510,17.76608011,46522,25.63054377,755.1,2464.255066,21233,17116,106257,89352,16905,723026,57.06413605,67685,5.341973938,5065,2.582839543,11370,5.480151921,191041,10.26683198,50527,20.01330867,101572,943570,39054,249198,938592,7081,187893,20.01860233,76.02045085,38.34574332,78956,8.412174832,19081,24.16662445,625,3539,3965,1062,222,93367,51.354332899999996,45.05339146,4823,1303,1678,410,629834,338.4823075
