"Statistische Daten zu den Stadtteilen Hamburgs, © Statistikamt Nord ","","","","","","","","","","","","","","","","","","","","","","","","","","","","","","","","","","","","","","","","","","","","","","","","","","","","","","","","","","","","","","","","","",""
"Stadtgebiet","Bevölkerung und Haushalte 31.12.2016","","","","","","","","","","","","","","","","","","","","","Bevölkerungsbewegung 2016","","","","","Sozialstruktur","","","","","","","","","","","","","","","Wohnen","","","","","","","","","","","","","","Infrastruktur und Verkehr","","","","","","","","","",""
"","Bevölkerung","Unter 18-Jährige","Anteil der unter 18-Jährigen in %"," 65-Jährige und Ältere","Anteil der 65-Jährigen und Älteren in %","Ausländerinnen und Ausländer","Ausländeranteil in %","Bevölkerung mit Migrations-hintergrund","Anteil der Bevölkerung mit Migrations-hintergrund in %","Unter 18-Jährige mit Migrations-hintergrund","Anteil der unter 18-Jährigen mit Migrations-hintergrund in %","Haushalte","Personen je Haushalt","Einpersonen-haushalte","Anteil der Einpersonen-haushalte in %","Haushalte mit Kindern","Anteil der Haushalte mit Kindern in %","Alleinerziehende","Anteil der Haushalte von Alleinerziehenden in %","Fläche in km²","Bevölkerungs-dichte","Geburten","Sterbefälle","Zuzüge","Fortzüge","Wanderungssaldo","Sozial-versicherungs-pflichtig Beschäftigte (Dez 2016)","Beschäftigten-quote in % (Dez 2016)","Arbeitslose (Dez 2016)","Arbeitslosenanteil in % (Dez 2016)","Jüngere Arbeitslose (Dez 2016)","Arbeitslosenanteil Jüngerer in % (Dez 2016)","Ältere Arbeitslose (Dez 2016)","Arbeitslosenanteil Älterer in % (Dez 2016)","Leistungs-empfänger/-innen nach SGB II (Dez 2016)","Anteil der Leistungs-empfänger/-innen nach SGB II in % (Dez 2016)","Unter 15-Jährige in Mindestsicherung (Dez 2016)","Anteil der unter 15-Jährigen in Mindestsicherung in % (Dez 2016)","Bedarfs-gemeinschaften nach SGB II (Dez 2016)","Lohn- und Einkommen-steuerpflichtige (2013)","Gesamtbetrag der Einkünfte je Steuerpflichtigen in EUR (2013)","Wohngebäude (2016)","Wohnungen (2016)","Bezugsfertige Wohnungen (2016)","Wohnungen in Ein- und Zweifamilien-häusern (2016)","Anteil der Wohnungen in Ein- und Zweifamilien-häusern in % (2016)","Wohnungsgröße in m² (2016)","Wohnfläche je Einwohner/-in in m² (2016)","Sozialwohnungen (Jan 2017)","Sozialwohnungs-anteil in % (Jan 2017)","Sozialwohnungen mit Bindungsauslauf bis 2022","Sozialwohnungen mit Bindungsauslauf bis 2022 in %","Preise für Grundstücke in EUR/m² (Jan 2017)","Preise für Ein- bzw Zwei-familienhäuser in EUR/m² (Jan 2017)","Preise für Eigentums-wohnungen in EUR/m² (Jan 2017)","Kindergärten und Vorschulklassen (März 2017)","Grundschulen (2016/2017)","Schülerinnen und Schüler der Sekundarstufe I (2016/2017)","Anteil der Schülerinnen und Schüler in Stadtteilschulen in % (2016/2017)","Anteil der Schülerinnen und Schüler in Gymnasien in % (2016/2017)","Niedergelassene Ärzte (Jan 2017)","Allgemeinärzte (Jan 2017)","Zahnärzte (Dez 2016)","Apotheken (Dez 2016)","Private PKW (Jan 2017)","PKW-Dichte (Jan 2017)"
"","Anzahl der Einwohnerinnen und Einwohner","Anzahl der Kinder und Jugendlichen unter 18 Jahren","Anteil Kinder und Jugendlicher unter 18 Jahren an der Gesamt-bevölkerung","Anzahl älterer Einwohnerinnen und Einwohner über 64 Jahren","Anteil älterer Einwohnerinnen und Einwohner über 64 Jahren an der Gesamt-bevölkerung","Anzahl ausländischer Einwohnerinnen und Einwohner ","Anteil ausländischer Einwohnerinnen und Einwohner an der Gesamt-bevölkerung","Anzahl der Einwohnerinnen und Einwohner mit Migrations-hintergrund","Anteil der Einwohnerinnen und Einwohner mit Migrations-hintergrund an der Gesamt-bevölkerung","Anzahl der Kinder und Jugendlichen unter 18 Jahren mit Migrations-hintergrund","Anteil Kinder und Jugendlicher unter 18 Jahren mit Migrations-hintergrund an allen Kindern und Jugendlichen unter 18 Jahren","Anzahl der Haushalte","Durchschnittliche Anzahl der Personen je Haushalt","Anzahl der Einpersonen-haushalte","Anteil der Haushalte, in denen nur eine Person lebt, an allen Haushalten","Anzahl der Haushalte mit Kindern","Anteil der Haushalte, in denen Kinder leben, an allen Haushalten","Anzahl der Haushalte, in denen Alleinerziehende leben","Anteil der Haushalte, in denen Alleinerziehende leben, an allen Haushalten mit Kindern","Fläche in km²","Einwohnerinnen und Einwohner je km²","Anzahl der Lebendgeborenen","Anzahl der Sterbefälle","Zuzüge über die Stadtteilgrenze im Jahr 2016","Fortzüge über die Stadtteilgrenze im Jahr 2016","Differenz der Zuzüge und Fortzüge über die Stadtteilgrenze","Sozial-versicherungs-pflichtig Beschäftigte am Wohnort","Anteil sozial-versicherungs-pflichtig Beschäftigter am Wohnort an den Erwerbsfähigen (15 bis unter 65-Jährige)","Anzahl der Arbeitslosen","Anteil der Arbeitslosen an den Erwerbsfähigen (15 bis unter 65-Jährige)","Jüngere Arbeitslose im Alter von 15 bis unter 25 Jahren","Anteil jüngerer Arbeitsloser (15 bis unter 25-Jährige) an den jüngeren Erwerbsfähigen (15 bis unter 25-Jährige)","Ältere Arbeitslose im Alter von 55 bis unter 65 Jahren","Anteil älterer Arbeitsloser (55 bis unter 65-Jährige) an den älteren Erwerbsfähigen (55 bis unter 65-Jährige)","Anzahl der Leistungs-empfängerinnen und Leistungs-empfänger nach SGB II","Anteil der Leistungs-empfängerinnen und Leistungs-empfänger nach SGB II an der Gesamt-bevölkerung","Anzahl der Leistungs-empfängerinnen und Leistungs-empfänger nach SGB II unter 15 Jahren","Anteil der Leistungs-empfängerinnen und Leistungs-empfänger nach SGB II unter 15 Jahren an der Bevölkerung unter 15 Jahren","Anzahl der Bedarfs-gemeinschaften nach SGB II","Anzahl der Lohn- und Einkommen-steuerpflichtigen (2013)","Gesamtbetrag der Einkünfte je Steuerpflichtigen (Lohn- und Einkommen-steuer) im Jahr","Anzahl der Wohngebäude","Anzahl der Wohnungen","Anzahl der bezugsfertig gewordenen Wohnungen im Jahr","Anzahl der Wohnungen in Ein- und Zweifamilien-häusern","Anteil der Wohnungen in Ein- und Zweifamilien-häusern an allen Wohnungen","Durchschnittliche Wohnungsgröße in m²","Durchschnittliche Wohnfläche je Einwohner/-in in m²","Anzahl der Sozialwohnungen","Anteil der Sozialwohnungen an allen Wohnungen","Anzahl der Sozialwohnungen mit Bindungsauslauf bis 2022","Anteil der Sozialwohnungen mit Bindungsauslauf bis 2022 an allen Sozialwohnungen","Durchschnittlicher Immobilienpreis für ein Grundstück in EUR/m²","Durchschnittlicher Immobilienpreis für ein Ein- bzw Zweifamilienhaus in EUR/m²","Durchschnittlicher Immobilienpreis für eine Eigentums-wohnung in EUR/m²","Kindergärten und Vorschulklassen für Kinder im Alter von 3 Jahren bis Schuleintritt","Anzahl der Grundschulen","Anzahl der Schülerinnen und Schüler der Sekundarstufe I (nach Wohnort)","Anteil der Schülerinnen und Schüler in Stadtteilschulen an allen Schülerinnen und Schülern der Sekundarstufe I (nach Wohnort)","Anteil der Schülerinnen und Schüler in Gymnasien an allen Schülerinnen und Schülern der Sekundarstufe I (nach Wohnort)","Anzahl der niedergelassenen Ärzte","Anzahl der Allgemeinärzte","Anzahl der Zahnärzte","Anzahl der Apotheken","Anzahl privater PKW","Anzahl der privaten PKW je 1 000 Einwohnerinnen und Einwohner"
"Hamburg-Altstadt","2257.0","262.0","11.6083296411","248.0","10.9880372175","518.0","22.9508196721","965.0","42.7558706247","176.0","67.1755725191","1463.0","1.6001367054","900.0","61.5174299385","187.0","12.7819548872","49.0","26.2032085561","1.30034722827","1735.6902456","33.0","12.0","596.0","254.0","342.0","1095.0","61.7945823928","87.0","4.90970654628","8.0","4.87804878049","10.0","5.20833333333","227.0","10.0575985822","54.0","22.7848101266","128.0","1952.0","31336.0","98.0","1340.0","107.0","17.0","1.26865671642","73.002238806","43.342046965","214.0","15.9701492537","76.0","35.5140186916",".    ",".    ","4113.0","1.0","0.0","55.0","50.9090909091","45.4545454545","159.0","45.0","44.0","9.0","703.0","311.475409836"
"HafenCity","3275.0","662.0","20.213740458","306.0","9.34351145038","1074.0","32.7938931298","1490.0","45.4961832061","439.0","66.2141779789","1587.0","2.09829867675","647.0","40.7687460618","361.0","22.7473219912","54.0","14.9584487535","2.42561203","1350.17470209","65.0","8.0","1331.0","416.0","915.0","1120.0","46.9798657718","68.0","2.85234899329","10.0","3.07692307692","6.0","2.23048327138","285.0","8.70229007634","102.0","17.4358974359","117.0","1255.0","93206.0","78.0","1296.0","76.0","6.0","0.462962962963","93.2307098765","36.893740458","8.0","0.617283950617","0.0","0.0",".    ",".    ","6788.0","3.0","1.0","48.0","22.9166666667","77.0833333333","13.0","5.0","4.0","1.0","912.0","278.473282443"
"Neustadt","12657.0","1440.0","11.377103579","1805.0","14.2608833057","2708.0","21.3952753417","4714.0","37.2471554994","722.0","50.1388888889","8743.0","1.49365206451","6071.0","69.4384078692","997.0","11.403408441","290.0","29.0872617854","2.26190223946","5595.73255607","147.0","97.0","1961.0","1844.0","117.0","5607.0","58.3576186511","563.0","5.85970024979","22.0","2.23577235772","114.0","8.23104693141","1087.0","8.58813304891","179.0","14.3890675241","731.0","7015.0","34521.0","638.0","7329.0","0.0","67.0","0.914176558876","62.6088142994","36.2534565853","1422.0","19.4023741302","679.0","47.7496483826",".    ",".    ","4265.0","9.0","1.0","393.0","51.6539440204","46.5648854962","172.0","19.0","72.0","9.0","3168.0","250.296278739"
"St. Pauli","22595.0","2993.0","13.2462934277","2164.0","9.5773401195","4981.0","22.0447001549","8321.0","36.8332521801","1472.0","49.1485809683","15192.0","1.53073986309","10478.0","68.9705107952","1993.0","13.1187467088","657.0","32.9653788259","2.2424876661","10075.8636676","282.0","141.0","2753.0","2753.0","0.0","9240.0","51.7560073937","1368.0","7.66257771803","60.0","3.17965023847","202.0","9.93117010816","3188.0","14.1093162204","641.0","24.8642358417","2021.0","11066.0","27977.0","1272.0","12378.0","12.0","169.0","1.36532557764","64.0769106479","35.102633326","2033.0","16.4243011795","678.0","33.3497294638","1202.0",".    ","4657.0","18.0","1.0","782.0","59.0792838875","35.8056265985","37.0","11.0","14.0","8.0","4442.0","196.592166408"
"St. Georg","10814.0","1099.0","10.1627519882","1382.0","12.7797299797","2525.0","23.3493619382","4096.0","37.8768263362","553.0","50.3184713376","7063.0","1.50729151918","4840.0","68.5261220445","732.0","10.3638680447","178.0","24.3169398907","1.82265748887","5933.09498139","116.0","84.0","1862.0","1695.0","167.0","4596.0","54.1725601132","424.0","4.9976426214","15.0","1.39017608897","62.0","5.34482758621","846.0","7.82319215831","144.0","15.1898734177","547.0","5683.0","44121.0","535.0","6025.0","11.0","56.0","0.929460580913","71.3862240664","39.7727020529","702.0","11.6514522822","190.0","27.0655270655","1993.0",".    ","5041.0","8.0","3.0","282.0","43.2624113475","54.9645390071","106.0","36.0","14.0","7.0","2344.0","216.756056963"
"Hammerbrook","4067.0","558.0","13.7201868699","127.0","3.12269486108","2257.0","55.4954511925","2786.0","68.5700221511","509.0","91.5467625899","1792.0","1.49553571429","1244.0","69.4196428571","154.0","8.59375","42.0","27.2727272727","2.4959865878","1629.41580691","43.0","5.0","2875.0","1246.0","1629.0","1499.0","43.1739631336","284.0","8.1797235023","29.0","3.11827956989","32.0","15.0234741784","858.0","21.0966314237","171.0","36.5384615385","558.0","1199.0","19468.0","77.0","1678.0","604.0","6.0","0.357568533969","56.3367103695","23.2439144332","219.0","13.0512514899","0.0","0.0","788.0",".    ",".    ","4.0","1.0","111.0","51.3513513514","45.9459459459","0.0","0.0","13.0","0.0","507.0","124.661912958"
"Borgfelde","7461.0","826.0","11.0709020239","917.0","12.2905776706","2122.0","28.4412277175","3266.0","43.8154011269","581.0","70.4242424242","4418.0","1.44680851064","3110.0","70.393843368","419.0","9.48392937981","123.0","29.3556085919","0.8218548059","9078.24587316","100.0","61.0","1973.0","1370.0","603.0","3185.0","54.7533092659","310.0","5.32920749527","34.0","2.93609671848","52.0","7.91476407915","828.0","11.097708082","187.0","25.7221458047","506.0","3643.0","26217.0","380.0","4375.0","60.0","39.0","0.891428571429","55.2032","32.3701916633","130.0","2.97142857143","34.0","26.1538461538","618.0",".    ","3399.0","3.0","0.0","188.0","53.1914893617","45.2127659574","5.0","2.0","4.0","1.0","1623.0","217.531162043"
"Hamm","38136.0","4349.0","11.4039228026","5484.0","14.3801132788","6858.0","17.9830081812","13286.0","34.841213647","2692.0","61.870834291","25809.0","1.49161145337","17588.0","68.1467705064","2821.0","10.9302956333","896.0","31.7617866005","3.8888000964","9806.62390831","490.0","311.0","4941.0","5347.0","-406.0","18632.0","64.5375822653","1613.0","5.58711465189","85.0","2.11495396865","244.0","6.7721343325","4000.0","10.4887770086","974.0","25.7535695399","2340.0","21255.0","25745.0","2315.0","23299.0","77.0","257.0","1.10305163312","58.6828619254","35.8520033564","1177.0","5.0517189579","34.0","2.88870008496","367.0",".    ","2984.0","15.0","4.0","1185.0","57.4683544304","38.4810126582","28.0","11.0","27.0","7.0","10274.0","269.404237466"
"Horn","38549.0","5944.0","15.419336429","6104.0","15.8343925912","9720.0","25.2146618589","19325.0","50.1401068964","4378.0","73.6912977613","22646.0","1.71094232977","13376.0","59.0656186523","3574.0","15.7820365627","1179.0","32.9882484611","5.8975949211","6536.39331214","468.0","390.0","4684.0","4386.0","298.0","15000.0","54.7905175878","1962.0","7.16659970048","146.0","3.02152317881","301.0","7.25126475548","6598.0","17.1158784923","1856.0","36.6219415943","3437.0","17772.0","21685.0","2750.0","19292.0","1.0","986.0","5.11092680904","60.7920381505","30.4236166956","1561.0","8.09143686502","66.0","4.22805893658","300.0","2638.0","2610.0","15.0","5.0","1833.0","65.2482269504","29.6781232951","36.0","21.0","14.0","5.0","10117.0","262.445199616"
"Billstedt","70234.0","13539.0","19.2769883532","12665.0","18.0325768146","17382.0","24.7486972122","39605.0","56.4021133881","10128.0","74.8226950355","34807.0","2.01459476542","15978.0","45.9045594277","7854.0","22.5644266958","2437.0","31.0287751464","16.9238394039","4150.00392782","773.0","628.0","5586.0","5637.0","-51.0","24219.0","52.2310164118","4046.0","8.72565722789","340.0","4.03992395437","648.0","7.35778358124","15373.0","21.8882592477","4530.0","40.4464285714","7154.0","29100.0","23247.0","7940.0","31588.0","81.0","6243.0","19.7638343675","72.2823224009","32.5092405388","7606.0","24.0787640876","2555.0","33.5919011307","319.0","2633.0","2399.0","25.0","8.0","4618.0","67.6916414032","28.5188393244","98.0","47.0","40.0","10.0","21806.0","310.476407438"
"Billbrook","2198.0","649.0","29.5268425842","118.0","5.36851683348","1739.0","79.1173794359","1870.0","84.8842487517","638.0","98.0030721966","723.0","1.88520055325","474.0","65.5601659751","125.0","17.2890733057","32.0","25.6","6.288611786","349.520701038","47.0","10.0","879.0","832.0","47.0","449.0","29.4812869337","158.0","10.3742613263","17.0","4.68319559229","28.0","15.6424581006","882.0","40.127388535","293.0","52.6032315978","339.0","403.0","22625.0","83.0","284.0","0.0","72.0","25.3521126761","65.8450704225","8.50773430391","0.0","0.0","0.0","0.0","203.0",".    ",".    ","1.0","1.0","202.0","78.2178217822","14.8514851485","0.0","0.0","0.0","0.0","307.0","139.672429481"
"Rothenburgsort","9137.0","1566.0","17.139104739","1343.0","14.6984787129","2499.0","27.3503338076","4953.0","54.2081646055","1216.0","77.6005105297","5190.0","1.76107899807","3083.0","59.4026974952","892.0","17.1868978805","288.0","32.2869955157","7.1908586958","1270.64101612","123.0","98.0","1107.0","1103.0","4.0","3526.0","54.8622996733","592.0","9.21114050101","33.0","3.40206185567","87.0","8.39768339768","1894.0","20.7289044544","547.0","40.0146305779","940.0","4024.0","20473.0","519.0","4557.0","33.0","136.0","2.98441957428","60.4584156243","30.1531137135","928.0","20.3642747422","142.0","15.3017241379","250.0",".    ","3171.0","4.0","1.0","435.0","69.8850574713","22.9885057471","5.0","5.0","5.0","2.0","2408.0","263.543832768"
"Veddel","4632.0","925.0","19.969775475","388.0","8.37651122625","2038.0","43.9982728843","3314.0","71.5766738661","861.0","93.0810810811","2496.0","1.8766025641","1442.0","57.7724358974","504.0","20.1923076923","132.0","26.1904761905","4.3712061615","1059.6617567","63.0","22.0","534.0","628.0","-94.0","1717.0","49.5526695527","370.0","10.6782106782","21.0","2.88065843621","41.0","11.7816091954","1155.0","24.9352331606","342.0","43.9024390244","529.0","1911.0","15831.0","210.0","2040.0","0.0","14.0","0.686274509804","60.9637254902","26.8493091537","413.0","20.2450980392","98.0","23.7288135593","196.0",".    ",".    ","2.0","1.0","330.0","78.7878787879","18.7878787879","2.0","2.0","3.0","0.0","807.0","174.222797927"
"Wilhelmsburg","55074.0","11528.0","20.9318371645","7342.0","13.3311544467","18701.0","33.95613175","33262.0","60.3885257807","9098.0","78.893513701","25984.0","2.04656711823","12638.0","48.6376231527","6064.0","23.3374384236","1602.0","26.4182058047","35.3867227706","1556.34643979","755.0","380.0","6458.0","6579.0","-121.0","19299.0","50.5924605463","3583.0","9.39285901536","247.0","3.23679727428","431.0","8.44270323213","12406.0","22.5260558521","3787.0","39.5055288963","5589.0","21384.0","21890.0","4637.0","22573.0","52.0","3161.0","14.0034554556","69.6275196031","28.5380034136","5392.0","23.8869445798","704.0","13.056379822","184.0","2378.0","2593.0","25.0","6.0","3643.0","71.1776008784","22.042272852","73.0","39.0","21.0","10.0","13527.0","245.61499074"
"Kleiner Grasbrook und Steinwerder","1256.0","65.0","5.17515923567","67.0","5.33439490446","504.0","40.127388535","650.0","51.9169329073","57.0","87.6923076923","1006.0","1.28230616302","799.0","79.4234592445","39.0","3.87673956262","16.0","41.0256410256","11.900176586","105.544652293","6.0","1.0","379.0","530.0","-151.0","531.0","46.7841409692","100.0","8.81057268722","6.0","2.06896551724","16.0","14.4144144144","190.0","15.127388535","34.0","62.962962963","136.0","588.0","13777.0","70.0","735.0","0.0","2.0","0.272108843537","50.5891156463","29.6042993631","0.0","0.0","0.0","0.0",".    ",".    ",".    ","0.0","0.0","21.0","71.4285714286","28.5714285714","0.0","0.0","0.0","0.0","117.0","93.152866242"
"Waltershof und Finkenwerder","11729.0","1899.0","16.1906385881","2294.0","19.5583596215","1861.0","15.8666552988","3308.0","28.2252559727","836.0","43.9306358382","6280.0","1.88121019108","3150.0","50.1592356688","1180.0","18.7898089172","334.0","28.3050847458","29.4205098862","398.667461759","122.0","133.0","844.0","813.0","31.0","4814.0","60.9367088608","441.0","5.58227848101","33.0","2.46821241586","95.0","5.9861373661","1110.0","9.46372239748","285.0","18.5667752443","603.0","5919.0","31649.0","2298.0","5775.0","3.0","1913.0","33.1255411255","75.4976623377","37.1727342484","747.0","12.9350649351","172.0","23.0254350736","271.0","2139.0",".    ","5.0","2.0","610.0","55.0819672131","42.9508196721","7.0","5.0","7.0","3.0","4309.0","367.379998295"
"Altona-Altstadt","29034.0","4396.0","15.1408693256","3752.0","12.9227801887","5705.0","19.649376593","10960.0","37.7579494953","2327.0","52.9344858963","17741.0","1.65548728933","11110.0","62.6233019559","2896.0","16.3237697988","904.0","31.2154696133","2.71787269504","10682.619555","315.0","228.0","3410.0","3222.0","188.0","12021.0","55.9558720849","1575.0","7.33137829912","101.0","3.97637795276","279.0","9.53520164046","3761.0","12.9537783289","815.0","21.453013951","2307.0","14861.0","30833.0","1598.0","16091.0","100.0","185.0","1.14971101858","63.3662295693","35.1183440105","2336.0","14.5174321049","529.0","22.6455479452","1349.0",".    ","5745.0","27.0","3.0","1227.0","56.4792176039","40.423797881","187.0","49.0","43.0","9.0","6741.0","232.176069436"
"Sternschanze","8043.0","1158.0","14.397612831","816.0","10.1454681089","1622.0","20.1666045008","2926.0","36.3749378419","589.0","50.8196721311","5212.0","1.56101304682","3509.0","67.3254029163","765.0","14.6776669225","250.0","32.6797385621","0.5484489044","14664.9941963","132.0","111.0","1280.0","1179.0","101.0","3363.0","53.9980732177","393.0","6.31021194605","17.0","2.30352303523","67.0","11.0927152318","946.0","11.7617804302","225.0","22.5225225225","544.0","4147.0","31125.0","497.0","4264.0","0.0","80.0","1.87617260788","68.1730769231","36.1419868208","456.0","10.6941838649","77.0","16.8859649123","1202.0",".    ",".    ","4.0","1.0","293.0","53.9249146758","40.9556313993","42.0","8.0","6.0","4.0","1509.0","187.616560985"
"Altona-Nord","22137.0","3482.0","15.7293219497","2239.0","10.1142882956","4168.0","18.8282061707","7959.0","35.969629864","1800.0","51.724137931","13596.0","1.63901147396","8624.0","63.430420712","2212.0","16.2694910268","605.0","27.3508137432","2.21781677274","9981.43772384","309.0","127.0","2873.0","2692.0","181.0","9610.0","56.9988137604","1207.0","7.15895610913","66.0","3.29341317365","203.0","9.16064981949","2721.0","12.2916384334","623.0","20.5069124424","1620.0","11541.0","29901.0","1149.0","11850.0","114.0","123.0","1.03797468354","63.6040506329","34.0474319013","1448.0","12.2194092827","386.0","26.6574585635","1055.0",".    ","5745.0","14.0","2.0","886.0","57.6749435666","38.1489841986","32.0","6.0","6.0","5.0","5220.0","235.804309527"
"Ottensen","35370.0","5567.0","15.7393271134","4756.0","13.4464235228","4616.0","13.0506078598","9189.0","25.9950776542","1897.0","34.069683908","21458.0","1.66958710038","13068.0","60.9003635008","3724.0","17.3548326964","1025.0","27.5241675618","2.79519065763","12653.8774389","510.0","203.0","3763.0","3900.0","-137.0","14798.0","57.4233604967","1146.0","4.4470314319","45.0","1.5389876881","216.0","5.54557124519","2231.0","6.30760531524","432.0","8.91824938068","1462.0","18815.0","40830.0","2381.0","19477.0","53.0","407.0","2.08964419572","70.319402372","38.7223918575","1349.0","6.92611798532","801.0","59.3773165308","1483.0",".    ","5083.0","34.0","4.0","1546.0","48.9003880983","49.0944372574","167.0","28.0","64.0","10.0","9810.0","277.353689567"
"Bahrenfeld","31047.0","5102.0","16.4331497407","3985.0","12.8353786195","7531.0","24.2567719909","11413.0","36.7544763622","2530.0","49.5786792083","16486.0","1.71242266165","9770.0","59.2624044644","2818.0","17.0932912774","686.0","24.3435060326","10.540972282","2945.36397302","433.0","241.0","6361.0","5155.0","1206.0","12404.0","54.5638499098","1445.0","6.35639818766","182.0","4.89642184557","213.0","7.54249291785","3735.0","12.0301478404","743.0","17.1633171633","2449.0","14963.0","33565.0","3524.0","14432.0","212.0","2302.0","15.9506651885","69.7091186253","32.4038393404","407.0","2.82012195122","35.0","8.59950859951","674.0","4367.0","3739.0","26.0","4.0","1350.0","56.0","41.5555555556","36.0","12.0","23.0","4.0","8796.0","283.312397333"
"Groß Flottbek","10955.0","2244.0","20.4837973528","2336.0","21.3235965313","1378.0","12.578731173","2427.0","22.1623596019","623.0","27.7876895629","5191.0","2.10749373916","2216.0","42.6892698902","1304.0","25.1204006935","189.0","14.4938650307","2.3707788771","4620.84427435","94.0","95.0","1265.0","1215.0","50.0","3155.0","46.6026587888","117.0","1.7282127031","10.0","0.814332247557","31.0","2.62489415749","102.0","0.931081697855","12.0","0.648999459167","76.0","5126.0","85952.0","2436.0","5247.0","37.0","2200.0","41.928721174","103.92033543","49.7736193519","36.0","0.686106346484","0.0","0.0","1122.0","5367.0","4464.0","7.0","1.0","717.0","13.9470013947","85.4951185495","66.0","12.0","20.0","4.0","4723.0","431.127339115"
"Othmarschen","14893.0","2985.0","20.0429732089","3183.0","21.3724568589","1795.0","12.0526421809","3572.0","23.9828118706","1018.0","34.0696117805","7053.0","2.10123351765","2940.0","41.6843896214","1760.0","24.9539203176","231.0","13.125","5.9468143574","2504.36605297","188.0","154.0","1657.0","1424.0","233.0","4567.0","50.021905805","184.0","2.01533406353","8.0","0.629921259843","38.0","2.42966751918","370.0","2.48438863896","108.0","4.18604651163","194.0","7056.0","108258.0","2737.0","6965.0","116.0","2351.0","33.7544867193","112.993395549","52.8435506614","157.0","2.25412778177","0.0","0.0","1431.0","6485.0","5880.0","16.0","3.0","786.0","15.2671755725","83.4605597964","39.0","8.0","7.0","2.0","6585.0","442.154032096"
"Lurup","36053.0","7178.0","19.9095775664","6640.0","18.4173300419","7020.0","19.4713338696","16821.0","46.6640774544","4669.0","65.0731707317","17530.0","2.04209925841","7808.0","44.5407872219","4107.0","23.4284084427","1201.0","29.2427562698","6.2923383561","5729.66645461","427.0","390.0","3203.0","2782.0","421.0","12964.0","55.4230259502","1811.0","7.74229404472","189.0","4.56411494808","273.0","6.35179153094","6259.0","17.3605525199","1973.0","32.7632015942","2897.0","15733.0","26665.0","5423.0","15951.0","53.0","5175.0","32.4431070152","77.195473638","34.1537458741","2562.0","16.0616889223","758.0","29.5862607338","445.0","3158.0","2755.0","22.0","4.0","2318.0","61.8205349439","34.5556514236","29.0","15.0","12.0","5.0","11751.0","325.936815244"
"Osdorf","26140.0","5229.0","20.0038255547","5910.0","22.6090283091","4522.0","17.299158378","10230.0","39.1563959274","2930.0","56.0443764346","13046.0","1.99118503756","6083.0","46.6273187184","2964.0","22.7196075425","855.0","28.8461538462","7.2508422544","3605.09842621","255.0","321.0","3208.0","3569.0","-361.0","8302.0","52.4215444844","1052.0","6.64267222327","99.0","3.69127516779","169.0","5.62208915502","3630.0","13.8867635807","1119.0","25.4723423628","1717.0","11482.0","43177.0","4024.0","12412.0","12.0","3338.0","26.8933290364","84.3723815662","40.0623565417","1200.0","9.66806316468","682.0","56.8333333333","786.0","4523.0","3216.0","14.0","4.0","1745.0","51.6905444126","44.2979942693","67.0","18.0","14.0","6.0","9167.0","350.688599847"
"Nienstedten","7238.0","1448.0","20.0055263885","1850.0","25.5595468361","729.0","10.0718430506","1361.0","18.8087341072","360.0","24.861878453","3491.0","2.09510169006","1518.0","43.4832426239","831.0","23.8040676024","125.0","15.0421179302","4.3794291018","1652.72683534","53.0","74.0","760.0","704.0","56.0","1728.0","41.0646387833","89.0","2.11501901141","3.0","0.423728813559","17.0","2.01660735469","44.0","0.607902735562","6.0","0.508474576271","33.0","3286.0","120716.0","1807.0","3207.0","16.0","1706.0","53.1961334581","124.207047085","55.0334346505","0.0","0.0","0.0","0.0","1295.0","6419.0","5587.0","8.0","1.0","486.0","20.987654321","76.9547325103","17.0","1.0","7.0","2.0","3653.0","504.697430229"
"Blankenese","13407.0","2488.0","18.5574699784","3652.0","27.2395017528","1091.0","8.137540091","2295.0","17.1255876427","629.0","25.2813504823","6935.0","2.0","3145.0","45.3496755588","1429.0","20.6056236482","243.0","17.0048985304","7.7357713988","1733.11739823","93.0","106.0","1236.0","1148.0","88.0","3574.0","46.2833462833","150.0","1.9425019425","3.0","0.25","34.0","2.16284987277","127.0","0.947266353397","11.0","0.541072306936","103.0","6279.0","117139.0","3388.0","6796.0","56.0","3108.0","45.7327839906","116.955856386","59.2848511971","32.0","0.470865214832","0.0","0.0","1615.0","6834.0","5249.0","9.0","3.0","813.0","22.3862238622","77.4907749077","110.0","22.0","25.0","5.0","6621.0","493.846498098"
"Iserbrook","11324.0","2018.0","17.8205581067","2865.0","25.3002472625","935.0","8.25679971741","2408.0","21.2626931567","681.0","33.7295690936","5629.0","1.97708296323","2528.0","44.9102860188","1240.0","22.0287795346","291.0","23.4677419355","2.6701206144","4241.00691891","96.0","183.0","1069.0","907.0","162.0","3886.0","57.3325464739","265.0","3.90970787843","12.0","1.19047619048","60.0","4.48095593727","615.0","5.43094312964","136.0","8.09042236764","353.0","5539.0","39439.0","2471.0","5682.0","51.0","2297.0","40.425906371","83.9267863428","42.1116213352","132.0","2.32312565998","0.0","0.0","578.0","3749.0","3243.0","8.0","3.0","670.0","46.2686567164","51.9402985075","9.0","7.0","6.0","1.0","4680.0","413.281525963"
"Sülldorf","9430.0","1845.0","19.5652173913","1974.0","20.9331919406","1272.0","13.4888653234","2253.0","23.9019732654","562.0","30.4772234273","4642.0","2.01206376562","2137.0","46.0361912969","1058.0","22.7919000431","233.0","22.02268431","5.7361838417","1643.95009997","92.0","94.0","1235.0","824.0","411.0","3027.0","50.8056394763","286.0","4.80026854649","26.0","2.43445692884","51.0","4.49735449735","725.0","7.6882290562","160.0","10.6809078772","450.0","4247.0","43584.0","2371.0","4381.0","4.0","2224.0","50.7646656015","90.5044510386","42.046659597","208.0","4.74777448071","0.0","0.0","719.0","4092.0","3165.0","3.0","1.0","628.0","40.4458598726","58.4394904459","12.0","7.0","3.0","2.0","3711.0","393.531283139"
"Rissen","15192.0","2780.0","18.299104792","4654.0","30.6345444971","1112.0","7.3196419168","2569.0","16.9191253952","747.0","26.8898488121","7742.0","1.98165848618","3509.0","45.3242056316","1650.0","21.3123223973","312.0","18.9090909091","16.7038479214","909.49103892","118.0","256.0","1278.0","1037.0","241.0","4292.0","51.9423938037","288.0","3.48541691879","15.0","1.16640746501","77.0","4.28253615128","594.0","3.90995260664","158.0","6.94505494505","334.0","7287.0","65855.0","3736.0","7386.0","37.0","3469.0","46.96723531","100.878554021","49.0448262243","178.0","2.40996479827","124.0","69.6629213483","604.0","4027.0","3870.0","7.0","2.0","959.0","33.2638164755","65.9019812304","33.0","7.0","16.0","4.0","6738.0","443.522906793"
"Eimsbüttel","57055.0","7192.0","12.6053807729","7149.0","12.5300148979","6844.0","11.9954429936","13148.0","23.0521074409","2338.0","32.4902723735","38461.0","1.5236213307","25984.0","67.5593458308","4974.0","12.9325810561","1299.0","26.1158021713","3.22554870501","17688.4633338","849.0","350.0","6938.0","7135.0","-197.0","26662.0","61.2694181451","1728.0","3.97095321261","74.0","1.65770609319","279.0","4.91889985896","2642.0","4.6306195776","427.0","6.68231611894","1865.0","32492.0","37536.0","3253.0","34127.0","17.0","309.0","0.90544143933","63.8957130718","38.2187187801","666.0","1.95153397603","265.0","39.7897897898","1451.0",".    ","4396.0","63.0","8.0","1803.0","35.1636161952","61.0648918469","278.0","35.0","57.0","12.0","15187.0","266.181754447"
"Rotherbaum","16456.0","2244.0","13.6363636364","2599.0","15.7936315022","2768.0","16.8206125425","4882.0","29.6778115502","816.0","36.3798484173","10668.0","1.58530183727","6922.0","64.8856392951","1427.0","13.3764529434","323.0","22.6348983882","2.7353092669","6016.13872301","195.0","84.0","2542.0","2532.0","10.0","6066.0","50.9962168979","345.0","2.90037831021","11.0","0.730411686587","53.0","3.07603017992","444.0","2.698104035","55.0","2.80326197757","332.0","8142.0","68191.0","1195.0","9923.0","93.0","327.0","3.29537438275","82.9941549934","50.0456368498","79.0","0.79613020256","24.0","30.3797468354","3376.0","8719.0","6178.0","16.0","2.0","602.0","16.9435215947","82.0598006645","129.0","18.0","48.0","7.0","5411.0","328.816237239"
"Harvestehude","17822.0","2791.0","15.660419706","3639.0","20.4185837729","2278.0","12.7819548872","4592.0","25.7716915479","944.0","33.8108882521","10812.0","1.70606733259","6441.0","59.5726970033","1714.0","15.8527561968","373.0","21.7619603267","2.0505243879","8691.43527635","203.0","149.0","2348.0","2069.0","279.0","5647.0","47.7224710555","420.0","3.54939575763","14.0","0.910273081925","78.0","3.76084860174","649.0","3.64156660307","104.0","4.42553191489","449.0","9233.0","111088.0","1346.0","10031.0","0.0","531.0","5.2935898714","96.7674209949","54.4649309842","75.0","0.747682185226","32.0","42.6666666667","3771.0","8352.0","8101.0","19.0","1.0","774.0","16.9250645995","82.1705426357","142.0","15.0","48.0","5.0","6859.0","384.861407249"
"Hoheluft-West","13089.0","1677.0","12.8122851249","1764.0","13.4769653908","1376.0","10.5126442051","2657.0","20.3258873929","445.0","26.5830346476","8731.0","1.53899896919","5775.0","66.1436261597","1197.0","13.7097697858","306.0","25.5639097744","0.71951873651","18191.3261404","175.0","95.0","1751.0","1872.0","-121.0","6170.0","62.5760649087","288.0","2.92089249493","6.0","0.574162679426","60.0","4.70588235294","362.0","2.76568110627","49.0","3.34470989761","279.0","7902.0","42169.0","794.0","7907.0","36.0","109.0","1.37852535728","66.2874668016","40.0439300176","12.0","0.151764259517","0.0","0.0","1692.0","6066.0","5124.0","9.0","1.0","430.0","24.4186046512","73.2558139535","31.0","8.0","11.0","3.0","3732.0","285.12491405"
"Lokstedt","28426.0","4794.0","16.864842046","5795.0","20.3862660944","3924.0","13.8042637022","8326.0","29.3096771922","2081.0","43.4719030708","15393.0","1.81563048139","8307.0","53.9660884818","2934.0","19.0606119665","625.0","21.3019768234","4.89619990302","5805.72700524","322.0","315.0","3203.0","3115.0","88.0","11018.0","59.595413241","715.0","3.86737343141","52.0","1.84790334044","128.0","4.50070323488","1991.0","7.00415112925","548.0","13.227130099","987.0","14273.0","41778.0","3176.0","14778.0","20.0","2129.0","14.4065502774","74.1990120449","38.5742981777","302.0","2.04357829206","122.0","40.3973509934","736.0","3922.0","3656.0","20.0","4.0","1276.0","36.8338557994","57.8369905956","59.0","17.0","17.0","7.0","9574.0","336.80433406"
"Niendorf","41836.0","6578.0","15.7233005067","10881.0","26.0087006406","4382.0","10.4742327182","9189.0","21.9811501292","2330.0","35.4534388314","21637.0","1.8847344826","10254.0","47.3910431206","3996.0","18.4683643758","790.0","19.7697697698","12.417588871","3369.09205439","408.0","445.0","4359.0","3590.0","769.0","15104.0","59.2127959856","800.0","3.13627097381","83.0","2.11464968153","180.0","3.55871886121","1679.0","4.01328998948","374.0","6.86616486139","1024.0","20811.0","41651.0","8473.0","20710.0","179.0","7304.0","35.26798648","85.6917914051","42.4198537145","811.0","3.91598261709","578.0","71.2700369914","515.0","3597.0","3259.0","19.0","5.0","1994.0","36.6599799398","60.6820461384","90.0","21.0","36.0","8.0","17573.0","420.044937375"
"Schnelsen","29409.0","5473.0","18.6099493352","5899.0","20.0584854976","4069.0","13.8359005747","9101.0","30.9473612622","2566.0","46.8590211833","14247.0","2.03790271636","6118.0","42.9423738331","3291.0","23.0995999158","794.0","24.1264053479","8.9507571336","3285.6438356","330.0","268.0","3289.0","2911.0","378.0","10980.0","57.7469233197","918.0","4.82802145787","101.0","2.98639858072","153.0","4.29775280899","2875.0","9.77591893638","855.0","19.0169039146","1393.0","13530.0","37866.0","5758.0","13289.0","48.0","5249.0","39.4988336218","88.5660320566","40.0201978986","1674.0","12.5968846414","29.0","1.73237753883","466.0","3367.0","2750.0","25.0","4.0","1735.0","57.2910662824","40.3458213256","51.0","19.0","29.0","6.0","12110.0","411.778707198"
"Eidelstedt","32403.0","5282.0","16.3009597877","7214.0","22.2633706756","5164.0","15.9367959757","11306.0","34.9295600593","2900.0","55.0180231455","17297.0","1.88269642134","8541.0","49.3785049431","3263.0","18.8645429843","856.0","26.2335274287","8.7223513764","3714.93862167","351.0","310.0","3224.0","2894.0","330.0","12230.0","58.9909318927","1179.0","5.68686089138","125.0","3.75262683879","207.0","5.39906103286","3508.0","10.8261580718","987.0","22.144940543","1786.0","15376.0","30938.0","5061.0","15766.0","103.0","4372.0","27.7305594317","75.2780032982","36.6272567355","1307.0","8.28999112013","104.0","7.9571537873","455.0","2869.0","2775.0","10.0","5.0","1592.0","58.040201005","38.9447236181","54.0","16.0","19.0","6.0","11539.0","356.109002253"
"Stellingen","25634.0","3538.0","13.801981743","4902.0","19.1230397129","4735.0","18.4715612078","8586.0","33.4854334854","1777.0","50.0704423781","14439.0","1.69776300298","8317.0","57.6009418935","2175.0","15.0633700395","530.0","24.367816092","6.0892014642","4209.74739475","289.0","251.0","4603.0","4010.0","593.0","10507.0","59.3381148698","880.0","4.96978596035","72.0","2.50086835707","127.0","4.81790591806","2179.0","8.50042911758","484.0","16.0","1345.0","12277.0","32600.0","2773.0","13710.0","36.0","1688.0","12.3121808899","69.6543398979","37.2536865101","197.0","1.43690736689","30.0","15.2284263959","492.0","3690.0","3340.0","11.0","3.0","876.0","46.4611872146","48.6301369863","36.0","12.0","8.0","3.0","8172.0","318.795349926"
"Hoheluft-Ost","9584.0","1243.0","12.9695325543","1519.0","15.8493322204","999.0","10.4236227045","2068.0","21.6091954023","351.0","28.3292978208","6279.0","1.58353240962","3988.0","63.5132982959","870.0","13.8557095079","212.0","24.367816092","0.56550447799","16947.6995727","151.0","65.0","1249.0","1172.0","77.0","4206.0","60.0513992005","245.0","3.4980011422","0.0","0.0","59.0","5.44783010157","289.0","3.01544240401","38.0","3.58152686145","228.0","5182.0","52006.0","632.0","5998.0","0.0","92.0","1.53384461487","72.6368789597","45.4586811352","106.0","1.76725575192","0.0","0.0","2152.0","6066.0","5124.0","6.0","0.0","319.0","23.5109717868","76.1755485893","187.0","51.0","18.0","4.0","3140.0","327.629382304"
"Eppendorf","24387.0","3342.0","13.704022635","4551.0","18.6615819904","2324.0","9.52966744577","4884.0","20.0352791566","948.0","28.3917340521","15195.0","1.62678512669","9439.0","62.119118131","2204.0","14.5047713064","484.0","21.9600725953","2.6692541148","9136.26015027","346.0","223.0","3086.0","3103.0","-17.0","10302.0","61.0525068152","482.0","2.85646556833","22.0","1.10220440882","101.0","4.1107041107","552.0","2.26350104564","66.0","2.22822417286","414.0","13210.0","58438.0","1627.0","14070.0","12.0","373.0","2.65103056148","79.9783226724","46.1432320499","664.0","4.71926083866","148.0","22.2891566265","2348.0","5926.0","4999.0","13.0","3.0","809.0","20.2719406675","76.761433869","155.0","26.0","45.0","10.0","8006.0","328.289662525"
"Groß Borstel","8459.0","1440.0","17.0232888048","1802.0","21.3027544627","1287.0","15.2145643693","2242.0","26.5294048042","572.0","39.7774687065","4553.0","1.76696683505","2517.0","55.2822314957","769.0","16.889962662","186.0","24.1872561769","3.985755325","2122.30789656","105.0","91.0","1458.0","1770.0","-312.0","3027.0","55.5310952119","276.0","5.06329113924","18.0","2.23325062035","63.0","6.03448275862","664.0","7.84962761556","146.0","12.1061359867","408.0","4064.0","42631.0","1749.0","4440.0","16.0","1574.0","35.4504504505","74.7657657658","39.2434093865","213.0","4.7972972973","82.0","38.4976525822","529.0","4159.0","3828.0","8.0","2.0","425.0","38.3529411765","56.9411764706","5.0","4.0","7.0","2.0","3179.0","375.812743823"
"Alsterdorf","14428.0","2326.0","16.1214305517","2825.0","19.5799833657","1786.0","12.3787080676","3712.0","25.7402399279","893.0","38.3426363246","7659.0","1.79592636114","4112.0","53.6884710798","1376.0","17.9657918788","342.0","24.8546511628","3.1552410515","4572.70926833","149.0","156.0","1895.0","1524.0","371.0","5268.0","54.6926910299","339.0","3.51951827243","27.0","1.81695827725","69.0","4.08767772512","966.0","6.69531466593","253.0","12.836123795","494.0","6302.0","52426.0","1977.0","7610.0","262.0","1303.0","17.1222076216","77.5521681997","40.9046298863","786.0","10.3285151117","341.0","43.3842239186","821.0","5819.0","4261.0","10.0","2.0","655.0","38.9312977099","56.7938931298","36.0","9.0","10.0","5.0","5185.0","359.370668145"
"Winterhude","54826.0","6845.0","12.4849523948","8064.0","14.7083500529","6629.0","12.0909787327","12849.0","23.4475081662","2361.0","34.4973699591","35273.0","1.56088226122","23001.0","65.208516429","4610.0","13.0694865761","1090.0","23.6442516269","7.58430863334","7228.87248536","728.0","334.0","7473.0","7287.0","186.0","25441.0","62.4380307269","1428.0","3.50463849212","78.0","1.60230073952","245.0","4.66577794706","2414.0","4.40302046474","431.0","7.1642287234","1620.0","29898.0","51627.0","3631.0","32664.0","324.0","718.0","2.19813862356","69.7068638256","41.5296574618","723.0","2.21344599559","142.0","19.6403872752","2639.0","7408.0","5020.0","40.0","4.0","1682.0","38.7039239001","59.2152199762","231.0","44.0","73.0","14.0","17613.0","321.252690329"
"Uhlenhorst","17599.0","2163.0","12.2904710495","3438.0","19.5352008637","1961.0","11.1426785613","4220.0","23.9840863882","816.0","37.7253814147","11295.0","1.58866755201","7121.0","63.0455953962","1495.0","13.2359451085","301.0","20.1337792642","2.1806117528","8070.67098368","213.0","209.0","2607.0","2177.0","430.0","7384.0","60.1498859563","368.0","2.99771912675","11.0","0.88141025641","63.0","3.45963756178","421.0","2.39218137394","52.0","2.75862068966","316.0","9924.0","62479.0","1202.0","10615.0","225.0","242.0","2.27979274611","78.6073480923","47.4127507245","174.0","1.63918982572","0.0","0.0","2943.0","7881.0","6246.0","11.0","1.0","500.0","26.6","72.2","91.0","22.0","18.0","4.0","6365.0","361.668276607"
"Hohenfelde","9886.0","1176.0","11.8956099535","1614.0","16.3261177423","1860.0","18.8144851305","3546.0","35.8943212876","714.0","60.7142857143","6229.0","1.53716487398","4068.0","65.3074329748","699.0","11.2217049286","148.0","21.1731044349","1.1547509821","8561.15314318","135.0","100.0","1936.0","1514.0","422.0","4247.0","58.6035600938","306.0","4.22243687043","14.0","1.41271442987","49.0","5.35519125683","721.0","7.29314181671","157.0","15.3170731707","419.0","5111.0","39541.0","686.0","5758.0","107.0","143.0","2.4835012157","67.6326849601","39.3919684402","89.0","1.5456755818","0.0","0.0","1475.0",".    ","4273.0","3.0","0.0","264.0","47.3484848485","50.3787878788","36.0","11.0","14.0","2.0","2706.0","273.720412705"
"Barmbek-Süd","34792.0","3625.0","10.4190618533","5058.0","14.5378247873","4597.0","13.212807542","9200.0","26.4527444722","1653.0","45.6125827815","23727.0","1.47414338096","16333.0","68.8371896995","2532.0","10.6713870274","729.0","28.7914691943","3.09177391643","11253.0867199","439.0","304.0","5466.0","4494.0","972.0","17416.0","65.6093426257","1197.0","4.50932378979","69.0","2.17665615142","194.0","6.00805202849","2330.0","6.69694182571","392.0","12.2922546253","1595.0","19291.0","32679.0","2098.0","21958.0","236.0","115.0","0.523727115402","58.9462610438","37.2022878823","731.0","3.32908279443","16.0","2.18878248974","808.0",".    ","4094.0","26.0","4.0","878.0","52.84738041","44.9886104784","51.0","18.0","23.0","7.0","10023.0","288.083467464"
"Dulsberg","17326.0","2169.0","12.518757936","2227.0","12.8535149486","3634.0","20.9742583401","7273.0","41.984644692","1551.0","71.4746543779","12001.0","1.47671027414","8555.0","71.2857261895","1359.0","11.3240563286","599.0","44.076526858","1.22582953683","14134.1022381","183.0","131.0","2307.0","2298.0","9.0","8125.0","61.2560313631","1174.0","8.85102533172","83.0","4.00966183575","170.0","10.0176782557","3060.0","17.66131825","724.0","39.4550408719","1809.0","8895.0","21239.0","1074.0","10742.0","23.0","39.0","0.363060882517","53.2865388196","33.0372850052","1087.0","10.1191584435","420.0","38.6384544618","736.0",".    ","2845.0","8.0","0.0","707.0","71.2871287129","25.6011315417","23.0","8.0","9.0","3.0","3874.0","223.594597714"
"Barmbek-Nord","41475.0","4213.0","10.1579264617","5521.0","13.3116335142","5309.0","12.8004822182","10793.0","26.0367162811","1958.0","46.4862298196","29013.0","1.44952262779","20449.0","70.4821976355","2923.0","10.0747940578","842.0","28.8060212111","3.85119606749","10769.3815825","572.0","348.0","6338.0","5840.0","498.0","21510.0","66.7473468628","1715.0","5.32178985912","101.0","2.52310766925","290.0","7.40362522339","3459.0","8.33996383363","617.0","16.5504291845","2380.0","23386.0","28330.0","2684.0","26661.0","191.0","281.0","1.05397396947","56.6004275909","36.3839421338","959.0","3.59701436555","91.0","9.48905109489","773.0",".    ","3588.0","13.0","2.0","1003.0","60.2193419741","37.6869391825","100.0","29.0","38.0","12.0","11153.0","268.908981314"
"Ohlsdorf","15794.0","2499.0","15.8224642269","2703.0","17.1140939597","1552.0","9.82651639863","3436.0","21.7550968722","777.0","31.0551558753","9107.0","1.75063138245","5128.0","56.3083342484","1578.0","17.3273306248","357.0","22.6235741445","7.1607871926","2205.62342871","175.0","117.0","1987.0","1678.0","309.0","6615.0","60.5547418528","455.0","4.165140974","42.0","2.83783783784","81.0","4.71478463329","980.0","6.20488793213","219.0","10.1061375173","614.0","9124.0","39049.0","2374.0","8202.0","132.0","1699.0","20.7144598878","73.6033894172","38.2230593896","460.0","5.608388198","183.0","39.7826086957","617.0","4279.0","3554.0","10.0","0.0","730.0","51.5068493151","46.0273972603","13.0","7.0","7.0","4.0","5538.0","350.639483348"
"Fuhlsbüttel","12590.0","1959.0","15.5599682288","2521.0","20.0238284353","1560.0","12.3907863384","2826.0","22.4481690365","630.0","32.1592649311","7058.0","1.75106262397","3867.0","54.7888920374","1188.0","16.8319637291","293.0","24.6632996633","7.7744073665","1619.41604118","157.0","132.0","1534.0","1451.0","83.0","5169.0","61.3240004746","338.0","4.00996559497","32.0","2.46723207402","68.0","4.8606147248","889.0","7.06115965052","205.0","12.5","530.0","6490.0","39526.0","2066.0","6745.0","71.0","1519.0","22.5203854707","76.5272053373","40.9988880064","169.0","2.50555967383","0.0","0.0","548.0","3774.0","2920.0","7.0","2.0","583.0","39.6226415094","57.8044596913","25.0","5.0","15.0","4.0","4730.0","375.694996029"
"Langenhorn","45586.0","8017.0","17.5865397271","8899.0","19.5213442724","7138.0","15.6583161497","14120.0","31.001624731","3675.0","45.8458083832","22845.0","1.90295469468","10986.0","48.0892974393","4607.0","20.1663383673","1220.0","26.481441285","13.3671431237","3410.30237936","507.0","430.0","5673.0","5135.0","538.0","17189.0","57.1271893383","1607.0","5.34082222739","167.0","3.12734082397","290.0","5.40540540541","4867.0","10.6765234941","1355.0","20.5365262201","2501.0","20892.0","30965.0","9264.0","21100.0","449.0","8388.0","39.7535545024","75.8098104265","35.089435353","1841.0","8.72511848341","270.0","14.6659424226","332.0","2798.0","3450.0","25.0","6.0","2436.0","55.13136289","41.1330049261","92.0","21.0","21.0","8.0","16632.0","364.848857105"
"Eilbek","21505.0","2481.0","11.5368518949","3420.0","15.9032783074","3129.0","14.5501046268","6473.0","30.1181835101","1341.0","54.0943929004","14252.0","1.52855739545","9451.0","66.3134998597","1607.0","11.2756104406","415.0","25.8245177349","1.7513780118","12278.9025871","271.0","176.0","2965.0","2841.0","124.0","10519.0","66.0575232354","749.0","4.7035920623","43.0","2.2489539749","138.0","6.65701881331","1666.0","7.74703557312","401.0","18.5562239704","969.0","12199.0","32559.0","1542.0","13059.0","51.0","196.0","1.50088061873","62.5155065472","37.962799349","436.0","3.33869362126","30.0","6.88073394495","926.0",".    ","3884.0","13.0","3.0","618.0","53.074433657","43.5275080906","36.0","13.0","25.0","3.0","6347.0","295.140664962"
"Wandsbek","34469.0","4177.0","12.1181351359","6582.0","19.0954190722","5482.0","15.9041457542","11395.0","33.0750029026","2354.0","56.3832335329","21220.0","1.61701225259","12988.0","61.2064090481","2699.0","12.7191328935","717.0","26.5653945906","5.94357927303","5799.36742098","389.0","342.0","4900.0","4321.0","579.0","15409.0","63.3619803446","1215.0","4.99609358937","91.0","2.51034482759","235.0","6.30872483221","3245.0","9.41425628826","748.0","20.9641255605","1904.0","17913.0","28567.0","3906.0","19894.0","311.0","2257.0","11.3451291847","65.1537649543","37.6039049581","901.0","4.52900371971","113.0","12.5416204218","452.0","3381.0","3413.0","14.0","5.0","1157.0","52.9818496111","43.9066551426","65.0","27.0","42.0","9.0","11421.0","331.341205141"
"Marienthal","13417.0","2059.0","15.3462025788","2810.0","20.9435790415","1737.0","12.9462622047","3697.0","27.5813190093","892.0","43.3430515063","7092.0","1.79554427524","3725.0","52.5239706712","1194.0","16.8358714044","213.0","17.8391959799","3.2132391043","4175.53738284","159.0","160.0","2874.0","2486.0","388.0","4978.0","55.8196905136","345.0","3.86858039919","24.0","1.53256704981","64.0","4.51339915374","669.0","4.9862115227","143.0","8.4665482534","404.0","6621.0","59131.0","2139.0","6565.0","40.0","1577.0","24.0213252094","90.1000761615","44.086382947","25.0","0.3808073115","0.0","0.0","613.0","4091.0","3453.0","9.0","1.0","537.0","35.3817504655","62.7560521415","71.0","16.0","14.0","4.0","5323.0","396.735484833"
"Jenfeld","25622.0","4937.0","19.2685972992","4639.0","18.1055343065","5856.0","22.8553586761","14192.0","55.4353345572","3692.0","74.8732508619","12693.0","1.99188529111","6097.0","48.0343496415","2776.0","21.8703222248","834.0","30.0432276657","4.9911869453","5133.44827208","285.0","285.0","3203.0","2728.0","475.0","8355.0","49.4642117104","1473.0","8.72062044876","126.0","3.68313358667","275.0","8.5910652921","5278.0","20.5994848177","1564.0","38.2209188661","2474.0","10163.0","23975.0","2643.0","10892.0","36.0","2081.0","19.1057656996","72.7766250459","30.9375926938","1389.0","12.7524788836","384.0","27.6457883369","399.0","2890.0","2603.0","15.0","4.0","1671.0","64.631956912","31.657690006","32.0","14.0","16.0","5.0","7577.0","295.72242604"
"Tonndorf","14762.0","2503.0","16.95569706","2723.0","18.4460100257","2258.0","15.2960303482","5539.0","37.5398170112","1441.0","57.5709149021","8067.0","1.84988223627","4178.0","51.7912482955","1547.0","19.1768935168","358.0","23.141564318","3.9411318166","3745.62452791","155.0","152.0","2023.0","1372.0","651.0","5915.0","59.8926690968","603.0","6.10571081409","44.0","2.87018917156","120.0","7.20720720721","1679.0","11.3737975884","486.0","22.4687933426","875.0","7211.0","32210.0","2307.0","7412.0","41.0","1777.0","23.9746357258","76.2284133837","38.2742853272","870.0","11.737722612","127.0","14.5977011494","413.0","2970.0","2752.0","5.0","1.0","710.0","58.7323943662","38.7323943662","22.0","6.0","11.0","3.0","5577.0","377.794336811"
"Farmsen-Berne","34634.0","5988.0","17.2893688283","6997.0","20.2026909973","3951.0","11.4078651037","10321.0","29.8062205793","2699.0","45.0509096979","17660.0","1.92197055493","8332.0","47.1800679502","3765.0","21.3193657984","991.0","26.3213811421","8.2263672007","4210.12084132","363.0","371.0","3252.0","3522.0","-270.0","13748.0","60.7056122224","1105.0","4.87923345255","77.0","2.21200804367","213.0","4.97431106959","3524.0","10.1749725703","1025.0","20.5410821643","1753.0","16784.0","31603.0","6417.0","16702.0","69.0","5702.0","34.1396239971","76.0566399234","36.6777732864","1191.0","7.13088252904","70.0","5.87741393787","444.0","2713.0","2701.0","21.0","6.0","2027.0","58.2141095215","38.0858411445","34.0","13.0","17.0","5.0","13293.0","383.813593579"
"Bramfeld","51858.0","7542.0","14.5435612635","11311.0","21.8114852096","5914.0","11.404219214","14564.0","28.1066059401","3388.0","44.957537155","29760.0","1.76239919355","15902.0","53.4341397849","4888.0","16.4247311828","1414.0","28.9279869067","10.0658645001","5151.86748237","540.0","510.0","4935.0","4147.0","788.0","20976.0","61.163434903","1811.0","5.28065315644","155.0","2.9540689918","333.0","5.06617982656","5321.0","10.2607119442","1309.0","20.937300064","3027.0","25974.0","30928.0","9013.0","27747.0","284.0","7515.0","27.0840090821","71.0528345407","38.0173358016","1895.0","6.82956716041","283.0","14.9340369393","444.0","3219.0","2818.0","24.0","5.0","2292.0","54.1884816754","42.2338568935","69.0","31.0","35.0","9.0","20695.0","399.070538779"
"Steilshoop","19390.0","3707.0","19.1181021145","3814.0","19.6699329551","4312.0","22.238267148","9684.0","49.9690402477","2619.0","70.6120248045","9602.0","2.01322641116","4473.0","46.5840449906","2120.0","22.0787335972","654.0","30.8490566038","2.49836693207","7761.06974164","216.0","190.0","1595.0","1492.0","103.0","6534.0","52.3599647408","1159.0","9.28760317333","116.0","5.00863557858","161.0","7.03056768559","4725.0","24.3682310469","1446.0","46.6903454956","2104.0","8598.0","22730.0","956.0","8766.0","28.0","335.0","3.82158339037","74.2055669633","33.5474987107","2807.0","32.0214464978","150.0","5.34378339865","412.0",".    ","2459.0","12.0","2.0","1257.0","68.5759745426","26.7303102625","10.0","7.0","6.0","2.0","5735.0","295.771015988"
"Wellingsbüttel","10506.0","1880.0","17.8945364554","2994.0","28.4980011422","616.0","5.86331620027","1729.0","16.4494339264","467.0","24.8272195641","5145.0","2.05442176871","2095.0","40.7191448008","1130.0","21.9630709427","150.0","13.2743362832","4.0865355278","2570.88184564","86.0","137.0","1001.0","937.0","64.0","3068.0","51.5283842795","134.0","2.25058784011","3.0","0.324675324675","27.0","2.21493027071","154.0","1.46582905007","25.0","1.60462130937","110.0","5156.0","88606.0","2845.0","5072.0","49.0","2667.0","52.582807571","119.775039432","57.8240053303","22.0","0.433753943218","0.0","0.0","772.0","4170.0","3551.0","6.0","1.0","632.0","19.4620253165","79.9050632911","24.0","7.0","12.0","2.0","5327.0","507.043594137"
"Sasel","23490.0","4426.0","18.8420604513","6035.0","25.6917837378","1253.0","5.33418475947","3652.0","15.5536626917","1052.0","23.7740112994","11095.0","2.14952681388","4068.0","36.6651644885","2660.0","23.9747634069","375.0","14.0977443609","8.3630754181","2808.77533989","159.0","198.0","1603.0","1496.0","107.0","7600.0","54.8182342758","287.0","2.07010963647","18.0","0.802496656264","87.0","2.72130121989","343.0","1.46019582801","67.0","1.86577554999","217.0","10933.0","61360.0","7392.0","10789.0","81.0","7480.0","69.3298730188","112.434887385","51.6415495956","36.0","0.333673185652","0.0","0.0","503.0","3805.0","2877.0","12.0","3.0","1594.0","31.0539523212","67.3776662484","30.0","9.0","12.0","2.0","12082.0","514.346530438"
"Poppenbüttel","22847.0","3605.0","15.7788768766","7624.0","33.3698078522","1405.0","6.14960388672","4419.0","19.3425544953","1180.0","32.7323162275","10971.0","2.02041746422","4451.0","40.5705952055","2228.0","20.3080849512","376.0","16.8761220826","8.1052305867","2818.79704169","178.0","437.0","1892.0","1452.0","440.0","6898.0","56.2596851807","306.0","2.49571813066","21.0","1.15257958288","84.0","3.07467057101","528.0","2.31102551757","129.0","4.35516542876","299.0","11517.0","52157.0","6128.0","10546.0","139.0","6025.0","57.1306656552","103.636923952","47.8380093667","449.0","4.25753840319","217.0","48.3296213808","500.0","3073.0","3283.0","10.0","3.0","1187.0","30.4128053917","67.9865206403","120.0","26.0","44.0","9.0","10744.0","470.258677288"
"Hummelsbüttel","17655.0","3077.0","17.4284905126","4419.0","25.0297366185","2522.0","14.284905126","6043.0","34.2476622273","1566.0","50.9268292683","8589.0","1.9902200489","3638.0","42.3565025032","1804.0","21.0036092677","493.0","27.3281596452","9.0835956451","1943.6135964","153.0","174.0","1959.0","1697.0","262.0","5953.0","55.7084035186","544.0","5.09077297398","40.0","2.34055002926","100.0","4.35350457118","1880.0","10.6485414897","485.0","19.0196078431","939.0","7872.0","38135.0","2754.0","8081.0","17.0","2226.0","27.5460957802","88.6276450934","40.5664117814","2024.0","25.0464051479","1115.0","55.0889328063","533.0","3263.0","3027.0","10.0","1.0","1029.0","48.4936831876","48.2021379981","14.0","10.0","11.0","2.0","7229.0","409.459076749"
"Lemsahl-Mellingstedt","6917.0","1343.0","19.4159317623","1378.0","19.9219314732","592.0","8.55862368079","1232.0","17.8240740741","373.0","27.773641102","2888.0","2.32063711911","823.0","28.4972299169","765.0","26.4889196676","109.0","14.2483660131","8.002216325","864.385530093","54.0","37.0","794.0","528.0","266.0","2162.0","48.4536082474","96.0","2.1515015688","8.0","1.00502512563","27.0","2.48161764706","176.0","2.54445568888","50.0","4.64252553389","93.0","3126.0","75191.0","2341.0","2750.0","16.0","2466.0","89.6727272727","131.813454545","52.4052334827","29.0","1.05454545455","29.0","100.0","447.0","3733.0","3270.0","4.0","1.0","411.0","31.6301703163","66.4233576642","3.0","2.0","1.0","1.0","3837.0","554.720254446"
"Duvenstedt","6247.0","1357.0","21.7224267648","1183.0","18.9370898031","481.0","7.69969585401","960.0","15.3796859981","346.0","25.4974207811","2627.0","2.40236010659","787.0","29.9581271412","782.0","29.767795965","142.0","18.1585677749","6.782221382","921.084648841","42.0","36.0","398.0","408.0","-10.0","2059.0","51.7336683417","84.0","2.11055276382","15.0","1.88916876574","12.0","1.53846153846","277.0","4.43412838162","94.0","8.67158671587","92.0","2738.0","65694.0","1773.0","2516.0","21.0","1816.0","72.1780604134","117.713831479","47.4096366256","82.0","3.25914149444","0.0","0.0","429.0","3530.0","3012.0","3.0","1.0","538.0","31.4126394052","65.6133828996","13.0","5.0","7.0","3.0","3225.0","516.247798943"
"Wohldorf-Ohlstedt","4656.0","986.0","21.176975945","993.0","21.3273195876","278.0","5.97079037801","652.0","14.000429461","204.0","20.7106598985","2020.0","2.3301980198","621.0","30.7425742574","561.0","27.7722772277","89.0","15.8645276292","17.288528172","269.311531536","41.0","27.0","608.0","785.0","-177.0","1310.0","45.4545454545","36.0","1.24913254684","0.0","0.0","16.0","2.56","64.0","1.37457044674","17.0","2.17669654289","38.0","2066.0","94234.0","1496.0","1922.0","22.0","1544.0","80.3329864724","143.505723205","59.2392611684","0.0","0.0","0.0","0.0","476.0","3877.0","4054.0","4.0","1.0","361.0","31.8559556787","66.4819944598","0.0","0.0","4.0","1.0","2471.0","530.713058419"
"Bergstedt","10687.0","2282.0","21.3530457565","2266.0","21.20333115","877.0","8.2062318705","1806.0","16.9006176305","611.0","26.7747589833","4671.0","2.18625561978","1717.0","36.758724042","1252.0","26.803682295","206.0","16.4536741214","7.0391460339","1518.22393633","98.0","91.0","1224.0","742.0","482.0","3478.0","53.1641699786","175.0","2.67502292877","14.0","1.25","35.0","2.71739130435","528.0","4.94058201553","154.0","8.19584885577","261.0","4836.0","51374.0","2829.0","4557.0","30.0","2778.0","60.961158657","103.220100944","44.0136614578","187.0","4.10357691464","0.0","0.0","442.0","3425.0","2597.0","9.0","1.0","776.0","44.2010309278","53.6082474227","7.0","5.0","5.0","2.0","4837.0","452.60596987"
"Volksdorf","20625.0","4176.0","20.2472727273","5406.0","26.2109090909","1303.0","6.31757575758","3250.0","15.7782308962","1008.0","24.1726618705","9417.0","2.16555166189","3497.0","37.1349686737","2385.0","25.3265371137","506.0","21.215932914","11.5762444374","1781.66590309","140.0","258.0","1629.0","1371.0","258.0","5987.0","50.3320722993","315.0","2.64817150063","24.0","1.0801080108","69.0","2.56505576208","734.0","3.55878787879","230.0","6.91937424789","360.0","9494.0","63763.0","5496.0","9009.0","88.0","5270.0","58.4970584971","112.544233544","49.1593212121","726.0","8.05860805861","388.0","53.4435261708","609.0","3804.0","3673.0","13.0","4.0","1577.0","37.8566899176","58.7824984147","81.0","23.0","27.0","5.0","9297.0","450.763636364"
"Rahlstedt","90631.0","15645.0","17.2623053922","20548.0","22.6721541195","11339.0","12.5111716742","28324.0","31.2657990308","7429.0","47.4757157464","46401.0","1.92995840607","21393.0","46.1046098144","9493.0","20.4586108058","2560.0","26.9672390182","26.5659843943","3411.54307158","899.0","998.0","8657.0","7045.0","1612.0","33322.0","58.1535776614","2927.0","5.10820244328","274.0","2.8595282822","508.0","4.64648312449","9257.0","10.2139444561","2656.0","20.7775952437","4625.0","42075.0","33419.0","15225.0","43853.0","233.0","12509.0","28.5248443664","81.1095478074","39.2459202701","3611.0","8.23432832417","738.0","20.4375519247","418.0","3162.0","2670.0","34.0","12.0","5081.0","55.3237551663","41.3698090927","156.0","55.0","63.0","16.0","36023.0","397.468857234"
"Lohbrügge","39575.0","6212.0","15.6967782691","9439.0","23.8509159823","4805.0","12.1415034744","15284.0","38.6545270612","3550.0","57.2303724005","20782.0","1.88701761139","10032.0","48.2725435473","3816.0","18.3620440766","1105.0","28.9570230608","13.0449522911","3033.7404934","377.0","447.0","3610.0","3393.0","217.0","15247.0","60.6146139779","1262.0","5.01709469667","73.0","1.6572077185","237.0","4.94574290484","4086.0","10.3246999368","1067.0","21.4171015656","2157.0","18234.0","29127.0","5693.0","20038.0","34.0","4414.0","22.0281465216","74.758159497","37.8522804801","1656.0","8.26429783412","963.0","58.152173913","388.0","2826.0","2412.0","13.0","4.0","2074.0","55.737704918","41.4175506268","44.0","17.0","24.0","7.0","14548.0","367.60581175"
"Bergedorf","35105.0","6089.0","17.3451075345","7072.0","20.1452784504","5204.0","14.8240991312","11208.0","31.9571167883","2750.0","45.2079566004","18101.0","1.88553118612","8905.0","49.1961770068","3500.0","19.3359482901","988.0","28.2285714286","10.3590985453","3388.8083839","400.0","394.0","4685.0","4029.0","656.0","13165.0","57.4088609803","1142.0","4.97994069423","62.0","1.58446204958","199.0","5.01007049345","3659.0","10.4230166643","958.0","18.7806312488","1991.0","15979.0","35049.0","5131.0","16811.0","202.0","4018.0","23.9010171911","79.3786211409","38.012647771","710.0","4.2234251383","167.0","23.5211267606","442.0","2815.0","2744.0","22.0","7.0","1887.0","51.0333863275","46.4758876524","149.0","37.0","50.0","11.0","12120.0","345.249964393"
"Curslack","3937.0","789.0","20.0406400813","608.0","15.4432308865","717.0","18.2118364237","1016.0","25.8195679797","308.0","39.0367553866","1550.0","2.19483870968","544.0","35.0967741935","378.0","24.3870967742","70.0","18.5185185185","10.57381252","372.334954167","64.0","27.0","446.0","436.0","10.0","1464.0","54.8725637181","104.0","3.89805097451","4.0","0.833333333333","19.0","3.72549019608","406.0","10.3124206248","120.0","18.154311649","177.0","1711.0","41512.0","943.0","1453.0","4.0","973.0","66.9649002065","104.79008947","38.6741173482","17.0","1.16999311769","12.0","70.5882352941","247.0",".    ",".    ","1.0","1.0","260.0","58.4615384615","40.3846153846","8.0","5.0","0.0","1.0","1781.0","452.37490475"
"Altengamme","2229.0","407.0","18.2593091072","439.0","19.6949304621","81.0","3.63391655451","201.0","9.02964959569","57.0","14.0049140049","1017.0","2.21238938053","343.0","33.726647001","250.0","24.5821042281","54.0","21.6","15.60817234","142.809801907","23.0","16.0","158.0","154.0","4.0","877.0","59.9043715847","31.0","2.1174863388","4.0","1.68067226891","6.0","1.90476190476","65.0","2.91610587707","12.0","3.68098159509","33.0","1060.0","47341.0","642.0","908.0","8.0","697.0","76.7621145374","107.496696035","43.7895917452","4.0","0.440528634361","0.0","0.0","209.0","2401.0",".    ","1.0","1.0","134.0","54.4776119403","44.0298507463","1.0","1.0","0.0","0.0","1252.0","561.686855092"
"Neuengamme","3691.0","631.0","17.0956380385","757.0","20.5093470604","150.0","4.06393931184","325.0","8.80520184232","82.0","12.9952456418","1683.0","2.18835412953","573.0","34.0463458111","393.0","23.3511586453","62.0","15.7760814249","18.617027082","198.259366748","32.0","39.0","281.0","244.0","37.0","1496.0","61.9461697723","59.0","2.44306418219","0.0","0.0","9.0","1.64233576642","105.0","2.84475751829","24.0","4.62427745665","59.0","1791.0","40936.0","1042.0","1516.0","8.0","1128.0","74.4063324538","108.104221636","44.401517204","20.0","1.31926121372","0.0","0.0","234.0",".    ",".    ","2.0","0.0","221.0","62.443438914","35.7466063348","1.0","1.0","2.0","0.0","2026.0","548.902736386"
"Kirchwerder","9804.0","1689.0","17.2276621787","1964.0","20.0326397389","716.0","7.30314157487","1224.0","12.4910705174","322.0","19.0758293839","4480.0","2.190625","1519.0","33.90625","1049.0","23.4151785714","190.0","18.1124880839","32.308070685","303.453588906","92.0","85.0","955.0","570.0","385.0","4014.0","62.1843532146","136.0","2.10689388071","19.0","1.79245283019","19.0","1.42322097378","311.0","3.1721746226","73.0","5.27075812274","178.0","4668.0","39284.0","2771.0","4098.0","59.0","3029.0","73.9141044412","106.481698389","44.5085679315","26.0","0.634455832113","8.0","30.7692307692","221.0","2444.0",".    ","7.0","2.0","576.0","64.4097222222","34.375","7.0","7.0","3.0","2.0","5357.0","546.409628723"
"Ochsenwerder","2540.0","407.0","16.0236220472","493.0","19.4094488189","241.0","9.48818897638","396.0","15.5966916109","102.0","25.0614250614","1223.0","2.10139002453","449.0","36.7130008177","258.0","21.0956663941","46.0","17.8294573643","14.09993664","180.142653464","21.0","36.0","224.0","179.0","45.0","1055.0","62.0223398001","33.0","1.94003527337","0.0","0.0","8.0","2.40963855422","63.0","2.48031496063","18.0","5.20231213873","30.0","1265.0","38634.0","702.0","1080.0","11.0","738.0","68.3333333333","118.19537037","50.2562992126","3.0","0.277777777778","0.0","0.0","212.0","2637.0",".    ","2.0","1.0","161.0","62.7329192547","37.2670807453","2.0","2.0","0.0","0.0","1495.0","588.582677165"
"Reitbrook","517.0","59.0","11.4119922631","137.0","26.499032882","47.0","9.09090909091","73.0","14.1199226306","9.0","15.2542372881","270.0","1.93703703704","127.0","47.037037037","43.0","15.9259259259","4.0","9.3023255814","6.937304502","74.5246226183","4.0","4.0","44.0","29.0","15.0","199.0","59.5808383234","0.0","0.0","0.0","0.0","0.0","0.0","4.0","0.773694390716","0.0","0.0","3.0","242.0","37041.0","147.0","231.0","2.0","151.0","65.367965368","119.701298701","53.4835589942","0.0","0.0","0.0","0.0","200.0",".    ",".    ","0.0","0.0","21.0","66.6666666667","33.3333333333","0.0","0.0","2.0","0.0","282.0","545.454545455"
"Allermöhe","1360.0","218.0","16.0294117647","266.0","19.5588235294","135.0","9.92647058824","290.0","21.3392200147","68.0","31.1926605505","661.0","2.09077155825","257.0","38.880484115","139.0","21.0287443268","29.0","20.8633093525","8.637358433","157.455547382","9.0","13.0","200.0","229.0","-29.0","555.0","60.1300108342","17.0","1.84182015168","0.0","0.0","3.0","1.42180094787","34.0","2.5","11.0","6.43274853801","18.0","696.0","38369.0","454.0","588.0","13.0","502.0","85.3741496599","115.18877551","49.8022058824","0.0","0.0","0.0","0.0","203.0","2548.0",".    ","2.0","0.0","83.0","61.4457831325","36.1445783133","0.0","0.0","2.0","0.0","780.0","573.529411765"
"Billwerder","1584.0","230.0","14.5202020202","260.0","16.4141414141","417.0","26.3257575758","541.0","34.154040404","87.0","37.8260869565","677.0","1.88478581979","340.0","50.2215657312","114.0","16.8389955687","23.0","20.1754385965","9.469395088","167.275732534","14.0","14.0","325.0","287.0","38.0","436.0","38.2791922739","40.0","3.51185250219","0.0","0.0","10.0","5.37634408602","119.0","7.51262626263","27.0","14.5945945946","70.0","643.0","30575.0","382.0","559.0","0.0","405.0","72.4508050089","93.7924865832","33.0997474747","0.0","0.0","0.0","0.0","207.0",".    ",".    ","1.0","1.0","79.0","67.0886075949","32.9113924051","0.0","0.0","0.0","0.0","580.0","366.161616162"
"Moorfleet","1277.0","221.0","17.3061863743","191.0","14.9569303054","215.0","16.8363351605","346.0","27.137254902","77.0","34.8416289593","604.0","1.99337748344","264.0","43.7086092715","120.0","19.8675496689","24.0","20.0","4.372494647","292.05295903","7.0","7.0","154.0","150.0","4.0","476.0","52.5386313466","35.0","3.86313465784","4.0","2.7397260274","8.0","5.16129032258","94.0","7.36100234926","22.0","12.2222222222","55.0","565.0","34387.0","331.0","445.0","0.0","356.0","80.0","101.305617978","35.3022709475","0.0","0.0","0.0","0.0","199.0",".    ",".    ","0.0","0.0","71.0","69.014084507","29.5774647887","0.0","0.0","0.0","0.0","647.0","506.656225529"
"Tatenberg","555.0","103.0","18.5585585586","105.0","18.9189189189","29.0","5.22522522523","58.0","10.5072463768","13.0","12.6213592233","246.0","2.26016260163","83.0","33.7398373984","67.0","27.2357723577","7.0","10.447761194","3.066091996","181.012181214","3.0","3.0","45.0","32.0","13.0","230.0","63.7119113573","8.0","2.21606648199","0.0","0.0","0.0","0.0","7.0","1.26126126126","0.0","0.0","5.0","260.0","42598.0","166.0","225.0","7.0","189.0","84.0","114.613333333","46.4648648649","0.0","0.0","0.0","0.0","223.0",".    ",".    ","0.0","0.0","38.0","52.6315789474","47.3684210526","0.0","0.0","0.0","0.0","302.0","544.144144144"
"Spadenland","506.0","76.0","15.0197628458","114.0","22.5296442688","17.0","3.35968379447","33.0","6.53465346535","7.0","9.21052631579","243.0","2.09053497942","89.0","36.6255144033","46.0","18.9300411523","10.0","21.7391304348","3.419222592","147.986855604","3.0","7.0","51.0","30.0","21.0","195.0","58.734939759","6.0","1.80722891566","0.0","0.0","0.0","0.0","9.0","1.77865612648","0.0","0.0","7.0","261.0","35255.0","114.0","208.0","6.0","118.0","56.7307692308","108.293269231","44.5158102767","0.0","0.0","0.0","0.0","223.0",".    ",".    ","0.0","0.0","33.0","60.6060606061","39.3939393939","0.0","0.0","0.0","0.0","281.0","555.335968379"
"Neuallermöhe","23715.0","5573.0","23.4998945815","1957.0","8.25216107949","3946.0","16.6392578537","15234.0","64.2839058148","4348.0","78.1031075983","9596.0","2.41579824927","2866.0","29.866611088","3218.0","33.5348061692","849.0","26.3828464885","4.2042428238","5640.73032741","289.0","97.0","1542.0","1882.0","-340.0","9903.0","57.6694619147","963.0","5.60796645702","45.0","1.32508833922","160.0","5.01253132832","4335.0","18.2795698925","1446.0","31.5307457479","1758.0","9440.0","28633.0","3181.0","9069.0","27.0","2488.0","27.4341162201","80.7471606572","30.8790217162","5019.0","55.342375124","816.0","16.2582187687","275.0",".    ",".    ","8.0","3.0","1926.0","58.0477673936","39.8753894081","14.0","8.0","8.0","2.0","7855.0","331.224963104"
"Harburg","26098.0","4164.0","15.9552456127","2783.0","10.6636523872","10645.0","40.7885661737","15558.0","59.6480466204","3423.0","82.2243574345","14144.0","1.67639988688","8788.0","62.1323529412","2187.0","15.4623868778","659.0","30.1326017375","3.99064839933","6539.78937467","412.0","185.0","7187.0","6062.0","1125.0","9644.0","48.924512987","1539.0","7.80742694805","145.0","3.46392737697","185.0","8.90279114533","5140.0","19.6949957851","1469.0","40.7715792395","2663.0","9499.0","20773.0","1573.0","12448.0","273.0","284.0","2.28149100257","60.9327602828","29.0631849184","1213.0","9.74453727506","233.0","19.208573784","283.0","2544.0","2750.0","15.0","1.0","1071.0","68.253968254","22.6890756303","175.0","33.0","60.0","14.0","4882.0","187.064142846"
"Neuland und Gut Moor","1704.0","413.0","24.2370892019","259.0","15.1995305164","495.0","29.0492957746","708.0","41.5492957746","259.0","62.8640776699","716.0","2.24441340782","282.0","39.3854748603","184.0","25.6983240223","32.0","17.3913043478","10.0703196862","169.210119748","24.0","7.0","269.0","279.0","-10.0","576.0","52.5068368277","51.0","4.64904284412","7.0","3.43137254902","5.0","2.47524752475","242.0","14.2018779343","96.0","27.5862068966","83.0","693.0","32295.0","430.0","566.0","4.0","467.0","82.5088339223","102.632508834","34.0903755869","0.0","0.0","0.0","0.0","440.0",".    ",".    ","0.0","1.0","134.0","62.6865671642","32.8358208955","0.0","0.0","0.0","0.0","709.0","416.079812207"
"Wilstorf","17104.0","2900.0","16.9550982226","3363.0","19.6620673527","3814.0","22.2988774556","7256.0","42.4600620282","1931.0","66.6551605109","9347.0","1.82336578581","4983.0","53.3112228523","1726.0","18.4658179095","471.0","27.2885283893","3.4228230096","4997.04482295","212.0","227.0","2354.0","1825.0","529.0","6614.0","58.4120816038","741.0","6.54420206659","58.0","2.97588506927","99.0","5.37167661422","2371.0","13.8622544434","719.0","29.735318445","1131.0","7823.0","25518.0","2036.0","8491.0","0.0","1451.0","17.088682134","69.0117771758","34.2597637979","1029.0","12.1187139324","619.0","60.1554907677","283.0","2357.0","1768.0","11.0","1.0","802.0","58.2294264339","36.4089775561","20.0","12.0","5.0","3.0","5388.0","315.014031805"
"Rönneburg","3190.0","613.0","19.2163009404","587.0","18.4012539185","386.0","12.1003134796","988.0","30.9717868339","274.0","44.6982055465","1504.0","2.17220744681","570.0","37.8989361702","369.0","24.5345744681","72.0","19.512195122","2.247532359","1419.33440345","32.0","26.0","277.0","260.0","17.0","1261.0","59.8481252966","67.0","3.1798766018","7.0","1.78117048346","8.0","1.96078431373","196.0","6.14420062696","51.0","10.2822580645","96.0","1443.0","38848.0","772.0","1387.0","6.0","752.0","54.2177361211","96.4008651766","41.9147335423","153.0","11.0310021629","81.0","52.9411764706","263.0",".    ",".    ","1.0","1.0","221.0","42.0814479638","56.1085972851","0.0","0.0","0.0","0.0","1432.0","448.902821317"
"Langenbek","4020.0","586.0","14.5771144279","884.0","21.9900497512","390.0","9.70149253731","1221.0","30.3958177745","262.0","44.7863247863","2003.0","2.04942586121","767.0","38.2925611583","386.0","19.27109336","106.0","27.4611398964","0.7935528185","5065.82536951","35.0","40.0","296.0","358.0","-62.0","1578.0","59.5471698113","90.0","3.39622641509","10.0","2.22222222222","25.0","3.55113636364","263.0","6.54228855721","73.0","15.0205761317","138.0","1924.0","34231.0","1194.0","1863.0","0.0","1129.0","60.601180891","86.7858293076","40.2194029851","352.0","18.8942565754","197.0","55.9659090909","252.0","2109.0",".    ","1.0","0.0","193.0","47.6683937824","46.1139896373","0.0","0.0","0.0","1.0","1793.0","446.019900498"
"Sinstorf","3636.0","760.0","20.902090209","667.0","18.3443344334","703.0","19.3344334433","1312.0","36.1233480176","456.0","60.0790513834","1600.0","2.09","663.0","41.4375","361.0","22.5625","61.0","16.8975069252","2.516604269","1444.80403407","51.0","33.0","468.0","453.0","15.0","1366.0","58.2515991471","117.0","4.98933901919","15.0","3.43249427918","15.0","4.0","365.0","10.0385038504","127.0","20.3525641026","140.0","1667.0","33328.0","843.0","1463.0","3.0","882.0","60.2870813397","91.2556390977","36.7180968097","92.0","6.28844839371","0.0","0.0","226.0","2596.0",".    ","2.0","1.0","241.0","51.0373443983","43.5684647303","9.0","3.0","3.0","0.0","1492.0","410.341034103"
"Marmstorf","8850.0","1356.0","15.3220338983","2608.0","29.4689265537","888.0","10.0338983051","2270.0","25.6555153707","566.0","41.7096536478","4641.0","1.95022624434","1999.0","43.0726136608","869.0","18.7244128421","205.0","23.5903337169","5.8434554701","1514.51483549","63.0","97.0","705.0","653.0","52.0","3033.0","58.6313551131","177.0","3.42161221728","9.0","1.01465614431","32.0","3.05052430887","484.0","5.46892655367","135.0","12.6286248831","242.0","4505.0","36313.0","2225.0","4269.0","10.0","2125.0","49.7774654486","89.2921058796","43.0720903955","110.0","2.57671585851","0.0","0.0","323.0","2274.0","2056.0","3.0","1.0","481.0","34.7193347193","61.5384615385","7.0","5.0","6.0","2.0","3890.0","439.548022599"
"Eißendorf","24324.0","4074.0","16.7488899852","5123.0","21.0615030423","4035.0","16.5885545141","9030.0","37.148263946","2298.0","56.4480471629","12985.0","1.88309587986","6444.0","49.6264921063","2481.0","19.1066615325","648.0","26.1185006046","8.339131496","2916.85051515","252.0","210.0","2519.0","2311.0","208.0","8996.0","56.9042950218","914.0","5.78151685749","80.0","2.93470286134","130.0","4.68975468975","2692.0","11.0672586746","779.0","22.9658018868","1317.0","11549.0","32988.0","4265.0","12041.0","87.0","3630.0","30.1469977577","78.2927497716","38.7569067588","674.0","5.59754173241","221.0","32.7893175074","307.0","2604.0","2123.0","8.0","2.0","1299.0","52.0400307929","42.8021555042","15.0","9.0","8.0","2.0","8849.0","363.79707285"
"Heimfeld","21798.0","3736.0","17.1391870814","3437.0","15.7675016057","5121.0","23.4929810074","9537.0","43.7517203413","2291.0","61.2730676652","12044.0","1.81086017934","6649.0","55.2059116573","2280.0","18.9305878446","606.0","26.5789473684","13.0042323156","1676.22351485","273.0","205.0","3414.0","3039.0","375.0","8691.0","57.1212619126","911.0","5.98751232337","84.0","2.97661233168","122.0","5.93673965937","2726.0","12.5057344711","734.0","23.3312142403","1450.0","9595.0","30132.0","2474.0","10551.0","10.0","1529.0","14.4915173917","71.3642308786","34.5428020919","1487.0","14.0934508577","123.0","8.27168796234","314.0","2468.0","2478.0","8.0","2.0","1141.0","54.1630148992","32.4276950044","25.0","8.0","13.0","3.0","6252.0","286.815304156"
"Moorburg und Altenwerder","742.0","149.0","20.0808625337","99.0","13.3423180593","54.0","7.27762803235","115.0","15.5405405405","24.0","16.1073825503","368.0","2.01630434783","167.0","45.3804347826","84.0","22.8260869565","26.0","30.9523809524","16.698194451","44.4359419923","9.0","1.0","73.0","79.0","-6.0","293.0","56.1302681992","17.0","3.25670498084","0.0","0.0","4.0","3.6036036036","72.0","9.70350404313","25.0","20.6611570248","33.0","361.0","34544.0","226.0","328.0","0.0","242.0","73.7804878049","99.4054878049","43.9420485175","0.0","0.0","0.0","0.0","206.0",".    ",".    ","2.0","0.0","46.0","65.2173913043","32.6086956522","0.0","0.0","0.0","0.0","374.0","504.043126685"
"Hausbruch","16862.0","3202.0","18.9894437196","3371.0","19.9916973076","2471.0","14.6542521646","8899.0","52.7848626846","2248.0","70.2280537332","7579.0","2.20226942868","2776.0","36.62752342","1871.0","24.6866341206","465.0","24.8530197755","9.8349337359","1714.50062123","156.0","145.0","1292.0","1253.0","39.0","6219.0","56.9192751236","743.0","6.80029287937","55.0","2.59556394526","148.0","6.35193133047","2569.0","15.2354406357","759.0","29.5906432749","1146.0","7349.0","31023.0","2937.0","7172.0","9.0","2677.0","37.3257110987","84.2805354155","35.8474676788","1148.0","16.0066926938","72.0","6.27177700348","238.0","2554.0","2193.0","9.0","1.0","1207.0","64.0430820215","30.8202154101","16.0","4.0","11.0","2.0","6096.0","361.522951014"
"Neugraben-Fischbek","28991.0","5584.0","19.2611500121","6035.0","20.8168052154","4583.0","15.8083543169","12885.0","44.46783545","3515.0","62.9364368845","13506.0","2.11306086184","5260.0","38.9456537835","3141.0","23.2563305198","800.0","25.4695956702","22.5234258677","1287.14877436","338.0","261.0","3459.0","2470.0","989.0","10185.0","55.5434367672","1285.0","7.00768937122","108.0","3.27769347496","241.0","6.5453557849","4184.0","14.4320651237","1183.0","25.6116042433","2007.0","12290.0","31101.0","5585.0","12467.0","183.0","5117.0","41.0443571028","84.7782144862","36.4571763651","910.0","7.29927007299","228.0","25.0549450549","266.0","2357.0","1993.0","13.0","4.0","1785.0","62.5770308123","33.0532212885","37.0","15.0","21.0","5.0","10309.0","355.593115105"
"Francop","672.0","111.0","16.5178571429","125.0","18.6011904762","56.0","8.33333333333","90.0","13.3729569094","11.0","9.90990990991","320.0","2.15625","121.0","37.8125","66.0","20.625","17.0","25.7575757576","8.813302542","76.2483753165","10.0","6.0","51.0","84.0","-33.0","280.0","60.8695652174","9.0","1.95652173913","0.0","0.0","0.0","0.0","25.0","3.72023809524","7.0","8.04597701149","12.0","356.0","35782.0","196.0","329.0","0.0","237.0","72.0364741641","98.9240121581","48.431547619","0.0","0.0","0.0","0.0","209.0",".    ",".    ","0.0","0.0","34.0","55.8823529412","44.1176470588","1.0","0.0","0.0","0.0","361.0","537.202380952"
"Neuenfelde","4954.0","1073.0","21.6592652402","728.0","14.6951958014","1499.0","30.258377069","2358.0","47.6556184317","673.0","62.8384687208","2260.0","2.23185840708","942.0","41.6814159292","548.0","24.2477876106","113.0","20.6204379562","15.6755941041","316.032679023","60.0","21.0","839.0","565.0","274.0","1701.0","51.0351035104","217.0","6.51065106511","21.0","3.19634703196","31.0","5.95009596929","666.0","13.4436818732","216.0","24.1881298992","314.0","1909.0","32879.0","1033.0","1938.0","1.0","1178.0","60.7843137255","95.2698658411","37.2694792087","291.0","15.0154798762","0.0","0.0","204.0",".    ",".    ","2.0","1.0","347.0","63.976945245","32.5648414986","1.0","1.0","3.0","1.0","1891.0","381.711748082"
"Cranz","826.0","123.0","14.8910411622","150.0","18.1598062954","195.0","23.607748184","308.0","37.3786407767","66.0","53.6585365854","476.0","1.78781512605","262.0","55.0420168067","75.0","15.756302521","20.0","26.6666666667","1.332876373","619.712387985","7.0","11.0","160.0","111.0","49.0","341.0","59.5113438045","38.0","6.63176265271","0.0","0.0","5.0","4.46428571429","98.0","11.8644067797","27.0","26.213592233","54.0","378.0","31335.0","166.0","397.0","0.0","145.0","36.523929471","87.3098236776","41.9636803874","0.0","0.0","0.0","0.0","212.0",".    ",".    ","1.0","1.0","37.0","45.9459459459","45.9459459459","2.0","2.0","0.0","0.0","338.0","409.200968523"
"Hamburg-Mitte","301550.0","48313.0","16.0215552976","42892.0","14.2238434754","84912.0","28.1585143426","145211.0","49.3871290294","34356.0","71.1142389932","165199.0","1.75870919315","95818.0","58.0015617528","27896.0","16.8863007645","8309.0","29.7856323487","142.3","2119.11454673","3633.0","2381.0","34119.0","30797.0","3322.0","115032.0","52.7822260562","15975.0","7.33009998302","1106.0","3.1344764064","2369.0","7.43518925366","50938.0","16.8920577019","14129.0","34.6970850421","25683.0","134169.0","26041.0","23907.0","144576.0","1117.0","13152.0","9.09694555113","65.8809760956","31.5861648151","22552.0","15.5987162461","5428.0","24.06881873",".    ",".    ",".    ","138.0","35.0","14736.0","65.4994571118","29.8317046688","741.0","248.0","282.0","72.0","77372.0","256.580998176"
"Altona","270263.0","47920.0","17.7308769606","48612.0","17.9869238483","43496.0","16.0939529273","86383.0","31.9713237771","21362.0","44.5821854913","145752.0","1.84132636259","77965.0","53.4915472858","28758.0","19.730775564","7150.0","24.8626469156","77.9","3469.35815148","3115.0","2583.0","25368.0","22537.0","2831.0","97691.0","53.9338931492","10008.0","5.52528280637","776.0","2.92675567625","1728.0","5.91780821918","25860.0","9.5684573915","6521.0","16.0932872655","14539.0","130362.0","48620.0","37542.0","134141.0","861.0","28965.0","21.5929507011","80.9755853915","40.1910213385","10501.0","7.82832989168","3392.0","32.3016855538",".    ",".    ",".    ","199.0","36.0","14424.0","45.7293399889","51.7748197449","846.0","200.0","252.0","63.0","89705.0","331.917428579"
"Eimsbüttel","262130.0","39569.0","15.09518178","49842.0","19.0142295807","35540.0","13.5581581658","71787.0","27.3992000122","16197.0","40.9428715875","151685.0","1.72881959324","86659.0","57.1308962653","24971.0","16.4624056433","5896.0","23.6113892115","49.8","5263.65461847","3122.0","2267.0","27266.0","25136.0","2130.0","104384.0","58.4610731828","7273.0","4.0733003646","538.0","2.16203182768","1265.0","4.41135444274","16329.0","6.22935184832","3883.0","11.5103008745","9460.0","134036.0","44653.0","31829.0","140241.0","532.0","22018.0","15.7001162285","76.2178464215","40.7769694426","5123.0","3.65299734029","1184.0","23.11145813",".    ",".    ",".    ","192.0","33.0","11082.0","40.5883414546","56.3075257174","870.0","161.0","273.0","57.0","90157.0","343.940029756"
"Hamburg-Nord","306732.0","41017.0","13.3722598229","50742.0","16.5427800164","40636.0","13.2480471552","81169.0","26.4759798549","16899.0","41.2060178976","190234.0","1.60626912119","119564.0","62.8510150657","26210.0","13.7777684326","6803.0","25.9557420832","57.8","5306.78200692","3860.0","2640.0","35373.0","31809.0","3564.0","135899.0","61.5743950124","9930.0","4.49917764276","664.0","2.25206891874","1742.0","5.5154508612","21612.0","7.04589022339","4655.0","13.1933225633","13328.0","161769.0","41123.0","31064.0","176563.0","2048.0","16486.0","9.33717709826","68.412306089","39.3799212342","8002.0","4.53209336044","1693.0","21.1572106973",".    ",".    ",".    ","180.0","26.0","10991.0","46.2924210718","50.9234828496","1045.0","255.0","298.0","79.0","98144.0","319.966615808"
"Wandsbek","429918.0","72171.0","16.7871547597","95142.0","22.130266702","53305.0","12.3988760647","127932.0","29.7726764969","32662.0","45.2676950369","224170.0","1.90175313378","108236.0","48.2829995093","43656.0","19.4745059553","10602.0","24.2853216053","147.5","2914.69830508","4228.0","4579.0","34800.0","28663.0","6137.0","158271.0","57.5164895067","13364.0","4.85654583447","1093.0","2.43733832843","2504.0","4.80835701667","40048.0","9.31526477142","11029.0","18.5047230751","20544.0","205276.0","39964.0","77202.0","210132.0","1556.0","66221.0","31.5140007234","83.5637123332","40.8436259938","16680.0","7.93786762606","3644.0","21.8465227818",".    ",".    ",".    ","218.0","55.0","23455.0","49.2645491366","47.6955872948","787.0","269.0","352.0","83.0","171040.0","397.843309654"
"Bergedorf","126395.0","22704.0","17.9627358677","23802.0","18.8314411171","16720.0","13.2283713754","46229.0","36.6048522472","11780.0","51.9354554272","61133.0","2.02339162155","26391.0","43.1698100862","13391.0","21.9046995894","3461.0","25.8457172728","154.7","817.032967033","1338.0","1189.0","10172.0","9098.0","1074.0","49312.0","58.7355281338","3836.0","4.5690599838","211.0","1.4339109752","678.0","4.30612892982","13297.0","10.520194628","3778.0","20.2715029243","6541.0","56815.0","33147.0","21699.0","57229.0","381.0","19206.0","33.559908438","83.5888448164","37.8472724396","7455.0","13.0266123818","1966.0","26.3715627096",".    ",".    ",".    ","59.0","20.0","7564.0","56.5705975674","41.2480169223","226.0","78.0","91.0","23.0","49306.0","390.094544879"
"Harburg","163771.0","28844.0","17.6123977994","30219.0","18.4519847836","35335.0","21.5758589738","72535.0","44.312690529","18297.0","63.4519350811","83493.0","1.92767058316","40673.0","48.7142634712","16628.0","19.9154420131","4301.0","25.8660091412","125.1","1309.12070344","1934.0","1475.0","18255.0","14694.0","3561.0","60778.0","55.4634885291","6916.0","6.31125549817","599.0","2.93973301924","1050.0","5.7273768614","22093.0","13.4901783588","6400.0","26.7000417188","10826.0","71341.0","30004.0","25955.0","75710.0","586.0","21845.0","28.8535200106","77.3235768062","35.7460600473","7459.0","9.85206709814","1774.0","23.7833489744",".    ",".    ",".    ","76.0","17.0","9039.0","57.849319615","35.855736254","308.0","92.0","130.0","33.0","54056.0","330.070647428"
"Hamburg","1860759.0","300538.0","16.1513661898","341251.0","18.3393443213","309944.0","16.6568588409","631246.0","34.0758726718","151553.0","50.4388139875","1021666.0","1.79870525201","555306.0","54.3529881586","181510.0","17.7660801084","46522.0","25.6305437717","755.1","2464.25506555","21233.0","17116.0","106257.0","89352.0","16905.0","723026.0","57.0641360461","67685.0","5.3419739377","5065.0","2.58283954269","11370.0","5.48015192119","191041.0","10.2668319756","50527.0","20.01330867","101572.0","943570.0","39054.0","249198.0","938592.0","7081.0","187893.0","20.018602332","76.0204508455","38.345743323","78956.0","8.41217483209","19081.0","24.1666244491","625.0","3539.0","3965.0","1062.0","222.0","93367.0","51.3543329013","45.0533914552","4823.0","1303.0","1678.0","410.0","629834.0","338.482307489"
