field_1,x,y,distance_to_water,restaurant_density,gml_id,OBJECTID,Bezirk_Name,Stadtteil,Ortsteilnummer,Bezirk,SHP_Length,SHP_Area
18,548645.00000,5934563,7.79309,0,F17__48,48,Altona,Rissen,227,2,28011.65134,16691536.08397
57,549645.00000,5934563,3.16147,0,F17__48,48,Altona,Rissen,227,2,28011.65134,16691536.08397
58,549645.00000,5935563,43.37800,0,F17__48,48,Altona,Rissen,227,2,28011.65134,16691536.08397
59,549645.00000,5936563,51.66988,0,F17__48,48,Altona,Rissen,227,2,28011.65134,16691536.08397
60,549645.00000,5937563,64.36430,1,F17__48,48,Altona,Rissen,227,2,28011.65134,16691536.08397
61,549645.00000,5938563,19.25995,0,F17__48,48,Altona,Rissen,227,2,28011.65134,16691536.08397
62,549645.00000,5939563,113.46075,0,F17__48,48,Altona,Rissen,227,2,28011.65134,16691536.08397
96,550645.00000,5934563,7.93821,0,F17__65,65,Altona,Blankenese,223,2,12711.34391,6099852.58749
97,550645.00000,5935563,116.76662,1,F17__65,65,Altona,Blankenese,223,2,12711.34391,6099852.58749
98,550645.00000,5936563,227.88084,0,F17__48,48,Altona,Rissen,227,2,28011.65134,16691536.08397
99,550645.00000,5937563,31.80922,2,F17__48,48,Altona,Rissen,227,2,28011.65134,16691536.08397
100,550645.00000,5938563,72.57596,0,F17__48,48,Altona,Rissen,227,2,28011.65134,16691536.08397
101,550645.00000,5939563,132.85174,1,F17__48,48,Altona,Rissen,227,2,28011.65134,16691536.08397
102,550645.00000,5940563,25.14648,0,F17__48,48,Altona,Rissen,227,2,28011.65134,16691536.08397
103,550645.00000,5941563,244.24617,0,F17__48,48,Altona,Rissen,227,2,28011.65134,16691536.08397
129,551645.00000,5928563,135.28398,0,F17__181,181,Harburg,Neuenfelde,717,7,18991.22622,15661713.91618
130,551645.00000,5929563,56.87720,0,F17__181,181,Harburg,Neuenfelde,717,7,18991.22622,15661713.91618
132,551645.00000,5931563,219.99210,0,F17__181,181,Harburg,Neuenfelde,717,7,18991.22622,15661713.91618
133,551645.00000,5932563,46.64887,0,F17__174,174,Harburg,Cranz,718,7,5942.21216,1332226.53858
134,551645.00000,5933563,5.25826,0,F17__43,43,Hamburg-Mitte,Finkenwerder,141,1,20776.54772,19628662.10629
135,551645.00000,5934563,3.12740,0,F17__65,65,Altona,Blankenese,223,2,12711.34391,6099852.58749
136,551645.00000,5935563,487.21256,1,F17__65,65,Altona,Blankenese,223,2,12711.34391,6099852.58749
137,551645.00000,5936563,726.26145,0,F17__48,48,Altona,Rissen,227,2,28011.65134,16691536.08397
138,551645.00000,5937563,80.70947,0,F17__48,48,Altona,Rissen,227,2,28011.65134,16691536.08397
139,551645.00000,5938563,55.98230,0,F17__48,48,Altona,Rissen,227,2,28011.65134,16691536.08397
140,551645.00000,5939563,249.55935,0,F17__53,53,Altona,Sülldorf,226,2,13717.27978,5732035.71646
141,551645.00000,5940563,142.99548,0,F17__48,48,Altona,Rissen,227,2,28011.65134,16691536.08397
167,552645.00000,5927563,156.42369,0,F17__181,181,Harburg,Neuenfelde,717,7,18991.22622,15661713.91618
168,552645.00000,5928563,44.07526,0,F17__181,181,Harburg,Neuenfelde,717,7,18991.22622,15661713.91618
169,552645.00000,5929563,298.72038,0,F17__181,181,Harburg,Neuenfelde,717,7,18991.22622,15661713.91618
170,552645.00000,5930563,394.67860,0,F17__181,181,Harburg,Neuenfelde,717,7,18991.22622,15661713.91618
171,552645.00000,5931563,306.35115,0,F17__181,181,Harburg,Neuenfelde,717,7,18991.22622,15661713.91618
172,552645.00000,5932563,7.88149,0,F17__43,43,Hamburg-Mitte,Finkenwerder,141,1,20776.54772,19628662.10629
173,552645.00000,5933563,9.12231,0,F17__43,43,Hamburg-Mitte,Finkenwerder,141,1,20776.54772,19628662.10629
174,552645.00000,5934563,8.08380,1,F17__65,65,Altona,Blankenese,223,2,12711.34391,6099852.58749
175,552645.00000,5935563,745.51656,1,F17__65,65,Altona,Blankenese,223,2,12711.34391,6099852.58749
176,552645.00000,5936563,15.00885,0,F17__53,53,Altona,Sülldorf,226,2,13717.27978,5732035.71646
177,552645.00000,5937563,44.58429,1,F17__53,53,Altona,Sülldorf,226,2,13717.27978,5732035.71646
178,552645.00000,5938563,228.76094,0,F17__53,53,Altona,Sülldorf,226,2,13717.27978,5732035.71646
203,553645.00000,5924563,122.20964,0,F17__179,179,Harburg,Neugraben-Fischbek,715,7,25296.96032,22509669.43525
204,553645.00000,5925563,17.70742,0,F17__179,179,Harburg,Neugraben-Fischbek,715,7,25296.96032,22509669.43525
205,553645.00000,5926563,477.27299,0,F17__179,179,Harburg,Neugraben-Fischbek,715,7,25296.96032,22509669.43525
206,553645.00000,5927563,151.80868,0,F17__181,181,Harburg,Neuenfelde,717,7,18991.22622,15661713.91618
207,553645.00000,5928563,706.29291,0,F17__181,181,Harburg,Neuenfelde,717,7,18991.22622,15661713.91618
208,553645.00000,5929563,360.08088,0,F17__181,181,Harburg,Neuenfelde,717,7,18991.22622,15661713.91618
209,553645.00000,5930563,91.95734,2,F17__181,181,Harburg,Neuenfelde,717,7,18991.22622,15661713.91618
210,553645.00000,5931563,26.20801,0,F17__181,181,Harburg,Neuenfelde,717,7,18991.22622,15661713.91618
211,553645.00000,5932563,2.52708,0,F17__43,43,Hamburg-Mitte,Finkenwerder,141,1,20776.54772,19628662.10629
212,553645.00000,5933563,5.24259,0,F17__43,43,Hamburg-Mitte,Finkenwerder,141,1,20776.54772,19628662.10629
213,553645.00000,5934563,116.76169,11,F17__65,65,Altona,Blankenese,223,2,12711.34391,6099852.58749
214,553645.00000,5935563,704.07193,7,F17__64,64,Altona,Blankenese,224,2,5742.73353,1630226.21441
215,553645.00000,5936563,110.92771,3,F17__53,53,Altona,Sülldorf,226,2,13717.27978,5732035.71646
216,553645.00000,5937563,122.07677,0,F17__53,53,Altona,Sülldorf,226,2,13717.27978,5732035.71646
241,554645.00000,5923563,251.14000,0,F17__179,179,Harburg,Neugraben-Fischbek,715,7,25296.96032,22509669.43525
242,554645.00000,5924563,29.24231,0,F17__179,179,Harburg,Neugraben-Fischbek,715,7,25296.96032,22509669.43525
243,554645.00000,5925563,10.73750,0,F17__179,179,Harburg,Neugraben-Fischbek,715,7,25296.96032,22509669.43525
244,554645.00000,5926563,374.28310,0,F17__179,179,Harburg,Neugraben-Fischbek,715,7,25296.96032,22509669.43525
245,554645.00000,5927563,32.96129,0,F17__179,179,Harburg,Neugraben-Fischbek,715,7,25296.96032,22509669.43525
246,554645.00000,5928563,154.72059,0,F17__181,181,Harburg,Neuenfelde,717,7,18991.22622,15661713.91618
247,554645.00000,5929563,220.88026,1,F17__181,181,Harburg,Neuenfelde,717,7,18991.22622,15661713.91618
248,554645.00000,5930563,222.37763,0,F17__181,181,Harburg,Neuenfelde,717,7,18991.22622,15661713.91618
249,554645.00000,5931563,239.44686,0,F17__43,43,Hamburg-Mitte,Finkenwerder,141,1,20776.54772,19628662.10629
250,554645.00000,5932563,454.93920,0,F17__43,43,Hamburg-Mitte,Finkenwerder,141,1,20776.54772,19628662.10629
251,554645.00000,5933563,9.25196,0,F17__43,43,Hamburg-Mitte,Finkenwerder,141,1,20776.54772,19628662.10629
252,554645.00000,5934563,45.71665,2,F17__63,63,Altona,Nienstedten,222,2,9104.78265,4376294.18801
253,554645.00000,5935563,255.33524,0,F17__67,67,Altona,Iserbrook,225,2,9465.18370,2668117.56273
254,554645.00000,5936563,234.83552,4,F17__67,67,Altona,Iserbrook,225,2,9465.18370,2668117.56273
255,554645.00000,5937563,105.05380,0,F17__67,67,Altona,Iserbrook,225,2,9465.18370,2668117.56273
280,555645.00000,5923563,210.91759,0,F17__179,179,Harburg,Neugraben-Fischbek,715,7,25296.96032,22509669.43525
281,555645.00000,5924563,143.30857,0,F17__179,179,Harburg,Neugraben-Fischbek,715,7,25296.96032,22509669.43525
282,555645.00000,5925563,203.00469,0,F17__179,179,Harburg,Neugraben-Fischbek,715,7,25296.96032,22509669.43525
283,555645.00000,5926563,298.34675,0,F17__179,179,Harburg,Neugraben-Fischbek,715,7,25296.96032,22509669.43525
284,555645.00000,5927563,40.86098,0,F17__179,179,Harburg,Neugraben-Fischbek,715,7,25296.96032,22509669.43525
285,555645.00000,5928563,375.34524,0,F17__182,182,Harburg,Francop,716,7,13971.76082,8803004.03213
286,555645.00000,5929563,153.66049,0,F17__182,182,Harburg,Francop,716,7,13971.76082,8803004.03213
287,555645.00000,5930563,238.71933,0,F17__43,43,Hamburg-Mitte,Finkenwerder,141,1,20776.54772,19628662.10629
288,555645.00000,5931563,118.88094,0,F17__43,43,Hamburg-Mitte,Finkenwerder,141,1,20776.54772,19628662.10629
289,555645.00000,5932563,192.20288,0,F17__43,43,Hamburg-Mitte,Finkenwerder,141,1,20776.54772,19628662.10629
290,555645.00000,5933563,5.23162,4,F17__63,63,Altona,Nienstedten,222,2,9104.78265,4376294.18801
291,555645.00000,5934563,80.76327,2,F17__63,63,Altona,Nienstedten,222,2,9104.78265,4376294.18801
292,555645.00000,5935563,156.19653,0,F17__52,52,Altona,Osdorf,221,2,12914.38952,7245654.59302
293,555645.00000,5936563,91.73294,1,F17__52,52,Altona,Osdorf,221,2,12914.38952,7245654.59302
294,555645.00000,5937563,54.53769,0,F17__52,52,Altona,Osdorf,221,2,12914.38952,7245654.59302
295,555645.00000,5938563,16.27531,0,F17__52,52,Altona,Osdorf,221,2,12914.38952,7245654.59302
317,556645.00000,5921563,10.97988,0,F17__179,179,Harburg,Neugraben-Fischbek,715,7,25296.96032,22509669.43525
318,556645.00000,5922563,144.57147,0,F17__179,179,Harburg,Neugraben-Fischbek,715,7,25296.96032,22509669.43525
319,556645.00000,5923563,233.50324,0,F17__179,179,Harburg,Neugraben-Fischbek,715,7,25296.96032,22509669.43525
320,556645.00000,5924563,125.30443,3,F17__179,179,Harburg,Neugraben-Fischbek,715,7,25296.96032,22509669.43525
321,556645.00000,5925563,395.16104,4,F17__179,179,Harburg,Neugraben-Fischbek,715,7,25296.96032,22509669.43525
322,556645.00000,5926563,165.04245,0,F17__179,179,Harburg,Neugraben-Fischbek,715,7,25296.96032,22509669.43525
323,556645.00000,5927563,26.35251,0,F17__179,179,Harburg,Neugraben-Fischbek,715,7,25296.96032,22509669.43525
324,556645.00000,5928563,299.22658,0,F17__182,182,Harburg,Francop,716,7,13971.76082,8803004.03213
325,556645.00000,5929563,345.95747,0,F17__182,182,Harburg,Francop,716,7,13971.76082,8803004.03213
326,556645.00000,5930563,155.95151,0,F17__43,43,Hamburg-Mitte,Finkenwerder,141,1,20776.54772,19628662.10629
327,556645.00000,5931563,203.23388,0,F17__43,43,Hamburg-Mitte,Finkenwerder,141,1,20776.54772,19628662.10629
328,556645.00000,5932563,8.18121,0,F17__43,43,Hamburg-Mitte,Finkenwerder,141,1,20776.54772,19628662.10629
329,556645.00000,5933563,9.38247,2,F17__63,63,Altona,Nienstedten,222,2,9104.78265,4376294.18801
330,556645.00000,5934563,360.04867,1,F17__63,63,Altona,Nienstedten,222,2,9104.78265,4376294.18801
331,556645.00000,5935563,205.27182,0,F17__52,52,Altona,Osdorf,221,2,12914.38952,7245654.59302
332,556645.00000,5936563,190.85944,2,F17__52,52,Altona,Osdorf,221,2,12914.38952,7245654.59302
333,556645.00000,5937563,128.62707,1,F17__52,52,Altona,Osdorf,221,2,12914.38952,7245654.59302
334,556645.00000,5938563,50.02959,0,F17__60,60,Altona,Lurup,220,2,12932.12927,6287915.75134
357,557645.00000,5922563,35.85655,1,F17__179,179,Harburg,Neugraben-Fischbek,715,7,25296.96032,22509669.43525
358,557645.00000,5923563,17.94898,0,F17__173,173,Harburg,Hausbruch,714,7,20632.24895,9833360.84260
359,557645.00000,5924563,176.88237,1,F17__173,173,Harburg,Hausbruch,714,7,20632.24895,9833360.84260
360,557645.00000,5925563,276.00360,1,F17__179,179,Harburg,Neugraben-Fischbek,715,7,25296.96032,22509669.43525
361,557645.00000,5926563,31.26535,0,F17__173,173,Harburg,Hausbruch,714,7,20632.24895,9833360.84260
362,557645.00000,5927563,330.12603,0,F17__179,179,Harburg,Neugraben-Fischbek,715,7,25296.96032,22509669.43525
363,557645.00000,5928563,225.47153,0,F17__182,182,Harburg,Francop,716,7,13971.76082,8803004.03213
364,557645.00000,5929563,445.78995,0,F17__182,182,Harburg,Francop,716,7,13971.76082,8803004.03213
365,557645.00000,5930563,95.45032,0,F17__43,43,Hamburg-Mitte,Finkenwerder,141,1,20776.54772,19628662.10629
366,557645.00000,5931563,223.96483,0,F17__43,43,Hamburg-Mitte,Finkenwerder,141,1,20776.54772,19628662.10629
367,557645.00000,5932563,13.51736,1,F17__43,43,Hamburg-Mitte,Finkenwerder,141,1,20776.54772,19628662.10629
368,557645.00000,5933563,108.01973,1,F17__56,56,Altona,Othmarschen,219,2,10701.73812,5942504.72640
369,557645.00000,5934563,280.96343,2,F17__56,56,Altona,Othmarschen,219,2,10701.73812,5942504.72640
370,557645.00000,5935563,258.73132,2,F17__45,45,Altona,Groß Flottbek,218,2,6929.69928,2369124.49062
371,557645.00000,5936563,311.85916,0,F17__44,44,Altona,Bahrenfeld,217,2,10509.34037,4617921.22052
372,557645.00000,5937563,320.22379,1,F17__60,60,Altona,Lurup,220,2,12932.12927,6287915.75134
373,557645.00000,5938563,31.99312,9,F17__60,60,Altona,Lurup,220,2,12932.12927,6287915.75134
374,557645.00000,5939563,65.34462,2,F17__60,60,Altona,Lurup,220,2,12932.12927,6287915.75134
375,557645.00000,5940563,80.27877,0,F17__60,60,Altona,Lurup,220,2,12932.12927,6287915.75134
396,558645.00000,5922563,43.19751,0,F17__173,173,Harburg,Hausbruch,714,7,20632.24895,9833360.84260
397,558645.00000,5923563,572.06702,0,F17__173,173,Harburg,Hausbruch,714,7,20632.24895,9833360.84260
398,558645.00000,5924563,200.68144,0,F17__173,173,Harburg,Hausbruch,714,7,20632.24895,9833360.84260
399,558645.00000,5925563,395.65114,1,F17__173,173,Harburg,Hausbruch,714,7,20632.24895,9833360.84260
400,558645.00000,5926563,17.20771,0,F17__173,173,Harburg,Hausbruch,714,7,20632.24895,9833360.84260
401,558645.00000,5927563,125.24236,0,F17__173,173,Harburg,Hausbruch,714,7,20632.24895,9833360.84260
402,558645.00000,5928563,16.74157,0,F17__176,176,Harburg,Moorburg,712,7,16041.52072,9992096.61874
403,558645.00000,5929563,24.78937,0,F17__166,166,Harburg,Altenwerder,713,7,13271.94645,6694988.55760
404,558645.00000,5930563,135.97483,1,F17__43,43,Hamburg-Mitte,Finkenwerder,141,1,20776.54772,19628662.10629
405,558645.00000,5931563,98.67359,0,F17__43,43,Hamburg-Mitte,Finkenwerder,141,1,20776.54772,19628662.10629
406,558645.00000,5932563,8.33150,0,F17__39,39,Hamburg-Mitte,Waltershof,140,1,14289.03494,9770442.75020
407,558645.00000,5933563,294.29195,0,F17__56,56,Altona,Othmarschen,219,2,10701.73812,5942504.72640
408,558645.00000,5934563,163.31414,9,F17__56,56,Altona,Othmarschen,219,2,10701.73812,5942504.72640
409,558645.00000,5935563,238.79335,2,F17__45,45,Altona,Groß Flottbek,218,2,6929.69928,2369124.49062
410,558645.00000,5936563,116.17726,3,F17__44,44,Altona,Bahrenfeld,217,2,10509.34037,4617921.22052
411,558645.00000,5937563,429.30993,1,F17__44,44,Altona,Bahrenfeld,217,2,10509.34037,4617921.22052
412,558645.00000,5938563,176.40373,0,F17__60,60,Altona,Lurup,220,2,12932.12927,6287915.75134
413,558645.00000,5939563,21.04473,0,F17__60,60,Altona,Lurup,220,2,12932.12927,6287915.75134
414,558645.00000,5940563,133.81107,0,F17__71,71,Eimsbüttel,Eidelstedt,320,3,15494.75968,8715780.58700
415,558645.00000,5941563,157.35365,0,F17__71,71,Eimsbüttel,Eidelstedt,320,3,15494.75968,8715780.58700
436,559645.00000,5923563,68.43178,0,F17__175,175,Harburg,Heimfeld,711,7,22027.58083,12994259.03667
437,559645.00000,5924563,338.98677,0,F17__175,175,Harburg,Heimfeld,711,7,22027.58083,12994259.03667
438,559645.00000,5925563,17.66576,0,F17__173,173,Harburg,Hausbruch,714,7,20632.24895,9833360.84260
439,559645.00000,5926563,80.88358,0,F17__173,173,Harburg,Hausbruch,714,7,20632.24895,9833360.84260
440,559645.00000,5927563,59.24461,0,F17__176,176,Harburg,Moorburg,712,7,16041.52072,9992096.61874
441,559645.00000,5928563,72.77291,0,F17__166,166,Harburg,Altenwerder,713,7,13271.94645,6694988.55760
442,559645.00000,5929563,211.59608,0,F17__166,166,Harburg,Altenwerder,713,7,13271.94645,6694988.55760
443,559645.00000,5930563,1.90690,0,F17__39,39,Hamburg-Mitte,Waltershof,140,1,14289.03494,9770442.75020
444,559645.00000,5931563,5.80512,0,F17__39,39,Hamburg-Mitte,Waltershof,140,1,14289.03494,9770442.75020
445,559645.00000,5932563,2.48807,0,F17__39,39,Hamburg-Mitte,Waltershof,140,1,14289.03494,9770442.75020
446,559645.00000,5933563,182.18999,2,F17__56,56,Altona,Othmarschen,219,2,10701.73812,5942504.72640
447,559645.00000,5934563,91.79202,2,F17__56,56,Altona,Othmarschen,219,2,10701.73812,5942504.72640
448,559645.00000,5935563,120.08511,3,F17__49,49,Altona,Bahrenfeld,216,2,8115.83520,2998082.05474
449,559645.00000,5936563,292.68973,0,F17__49,49,Altona,Bahrenfeld,216,2,8115.83520,2998082.05474
450,559645.00000,5937563,412.35030,1,F17__44,44,Altona,Bahrenfeld,217,2,10509.34037,4617921.22052
451,559645.00000,5938563,154.59874,4,F17__71,71,Eimsbüttel,Eidelstedt,320,3,15494.75968,8715780.58700
452,559645.00000,5939563,83.50338,0,F17__71,71,Eimsbüttel,Eidelstedt,320,3,15494.75968,8715780.58700
453,559645.00000,5940563,99.75685,14,F17__71,71,Eimsbüttel,Eidelstedt,320,3,15494.75968,8715780.58700
454,559645.00000,5941563,142.04376,1,F17__71,71,Eimsbüttel,Eidelstedt,320,3,15494.75968,8715780.58700
455,559645.00000,5942563,110.97263,0,F17__80,80,Eimsbüttel,Schnelsen,319,3,14995.94154,8945640.11411
456,559645.00000,5943563,63.74945,0,F17__80,80,Eimsbüttel,Schnelsen,319,3,14995.94154,8945640.11411
471,560645.00000,5919563,32.96904,0,F17__168,168,Harburg,Eißendorf,710,7,18518.91918,8333407.96709
475,560645.00000,5923563,40.95017,0,F17__175,175,Harburg,Heimfeld,711,7,22027.58083,12994259.03667
476,560645.00000,5924563,454.89959,0,F17__175,175,Harburg,Heimfeld,711,7,22027.58083,12994259.03667
477,560645.00000,5925563,25.34568,0,F17__173,173,Harburg,Hausbruch,714,7,20632.24895,9833360.84260
478,560645.00000,5926563,225.89470,0,F17__176,176,Harburg,Moorburg,712,7,16041.52072,9992096.61874
479,560645.00000,5927563,149.61294,0,F17__176,176,Harburg,Moorburg,712,7,16041.52072,9992096.61874
480,560645.00000,5928563,85.72655,0,F17__166,166,Harburg,Altenwerder,713,7,13271.94645,6694988.55760
481,560645.00000,5929563,62.47231,0,F17__166,166,Harburg,Altenwerder,713,7,13271.94645,6694988.55760
482,560645.00000,5930563,60.97111,0,F17__39,39,Hamburg-Mitte,Waltershof,140,1,14289.03494,9770442.75020
483,560645.00000,5931563,9.79727,0,F17__39,39,Hamburg-Mitte,Waltershof,140,1,14289.03494,9770442.75020
484,560645.00000,5932563,42.32772,0,F17__39,39,Hamburg-Mitte,Waltershof,140,1,14289.03494,9770442.75020
485,560645.00000,5933563,316.86838,10,F17__56,56,Altona,Othmarschen,219,2,10701.73812,5942504.72640
486,560645.00000,5934563,336.22896,8,F17__47,47,Altona,Ottensen,212,2,4162.65578,994588.98292
487,560645.00000,5935563,123.19589,12,F17__49,49,Altona,Bahrenfeld,216,2,8115.83520,2998082.05474
488,560645.00000,5936563,382.56985,1,F17__66,66,Altona,Bahrenfeld,215,2,9361.41303,2918078.79670
489,560645.00000,5937563,316.93359,1,F17__66,66,Altona,Bahrenfeld,215,2,9361.41303,2918078.79670
490,560645.00000,5938563,145.88233,4,F17__73,73,Eimsbüttel,Stellingen,321,3,12374.71602,6084483.16825
491,560645.00000,5939563,107.74549,3,F17__71,71,Eimsbüttel,Eidelstedt,320,3,15494.75968,8715780.58700
492,560645.00000,5940563,133.09727,0,F17__71,71,Eimsbüttel,Eidelstedt,320,3,15494.75968,8715780.58700
493,560645.00000,5941563,56.24072,0,F17__71,71,Eimsbüttel,Eidelstedt,320,3,15494.75968,8715780.58700
494,560645.00000,5942563,72.09938,0,F17__80,80,Eimsbüttel,Schnelsen,319,3,14995.94154,8945640.11411
495,560645.00000,5943563,85.79819,7,F17__80,80,Eimsbüttel,Schnelsen,319,3,14995.94154,8945640.11411
496,560645.00000,5944563,125.77401,0,F17__80,80,Eimsbüttel,Schnelsen,319,3,14995.94154,8945640.11411
510,561645.00000,5919563,17.52481,0,F17__169,169,Harburg,Marmstorf,709,7,13389.45986,5839303.78277
511,561645.00000,5920563,1.01686,0,F17__169,169,Harburg,Marmstorf,709,7,13389.45986,5839303.78277
512,561645.00000,5921563,23.29886,0,F17__168,168,Harburg,Eißendorf,710,7,18518.91918,8333407.96709
513,561645.00000,5922563,31.59160,0,F17__168,168,Harburg,Eißendorf,710,7,18518.91918,8333407.96709
514,561645.00000,5923563,141.34107,0,F17__175,175,Harburg,Heimfeld,711,7,22027.58083,12994259.03667
515,561645.00000,5924563,85.93767,0,F17__175,175,Harburg,Heimfeld,711,7,22027.58083,12994259.03667
516,561645.00000,5925563,40.13149,0,F17__175,175,Harburg,Heimfeld,711,7,22027.58083,12994259.03667
517,561645.00000,5926563,145.16796,0,F17__176,176,Harburg,Moorburg,712,7,16041.52072,9992096.61874
518,561645.00000,5927563,156.42684,0,F17__176,176,Harburg,Moorburg,712,7,16041.52072,9992096.61874
519,561645.00000,5928563,95.82957,0,F17__166,166,Harburg,Altenwerder,713,7,13271.94645,6694988.55760
520,561645.00000,5929563,30.30849,0,F17__166,166,Harburg,Altenwerder,713,7,13271.94645,6694988.55760
521,561645.00000,5930563,1.91583,0,F17__39,39,Hamburg-Mitte,Waltershof,140,1,14289.03494,9770442.75020
522,561645.00000,5931563,37.81480,0,F17__39,39,Hamburg-Mitte,Waltershof,140,1,14289.03494,9770442.75020
523,561645.00000,5932563,2.49493,0,F17__39,39,Hamburg-Mitte,Waltershof,140,1,14289.03494,9770442.75020
524,561645.00000,5933563,52.65942,27,F17__59,59,Altona,Ottensen,214,2,4979.57633,1012111.59121
525,561645.00000,5934563,336.16695,59,F17__46,46,Altona,Ottensen,211,2,2949.58861,418953.27699
526,561645.00000,5935563,177.93473,8,F17__66,66,Altona,Bahrenfeld,215,2,9361.41303,2918078.79670
527,561645.00000,5936563,208.56977,0,F17__73,73,Eimsbüttel,Stellingen,321,3,12374.71602,6084483.16825
528,561645.00000,5937563,129.38835,7,F17__73,73,Eimsbüttel,Stellingen,321,3,12374.71602,6084483.16825
529,561645.00000,5938563,42.23527,2,F17__73,73,Eimsbüttel,Stellingen,321,3,12374.71602,6084483.16825
530,561645.00000,5939563,224.64673,2,F17__73,73,Eimsbüttel,Stellingen,321,3,12374.71602,6084483.16825
531,561645.00000,5940563,286.26952,0,F17__77,77,Eimsbüttel,Niendorf,318,3,18547.77480,12408048.82076
532,561645.00000,5941563,84.41663,1,F17__77,77,Eimsbüttel,Niendorf,318,3,18547.77480,12408048.82076
533,561645.00000,5942563,131.61383,2,F17__80,80,Eimsbüttel,Schnelsen,319,3,14995.94154,8945640.11411
534,561645.00000,5943563,176.69041,0,F17__80,80,Eimsbüttel,Schnelsen,319,3,14995.94154,8945640.11411
535,561645.00000,5944563,106.44311,0,F17__80,80,Eimsbüttel,Schnelsen,319,3,14995.94154,8945640.11411
550,562645.00000,5920563,24.28844,0,F17__169,169,Harburg,Marmstorf,709,7,13389.45986,5839303.78277
551,562645.00000,5921563,25.89783,1,F17__169,169,Harburg,Marmstorf,709,7,13389.45986,5839303.78277
552,562645.00000,5922563,17.64292,1,F17__168,168,Harburg,Eißendorf,710,7,18518.91918,8333407.96709
553,562645.00000,5923563,88.23759,0,F17__168,168,Harburg,Eißendorf,710,7,18518.91918,8333407.96709
554,562645.00000,5924563,50.92378,0,F17__175,175,Harburg,Heimfeld,711,7,22027.58083,12994259.03667
555,562645.00000,5925563,24.90737,0,F17__175,175,Harburg,Heimfeld,711,7,22027.58083,12994259.03667
556,562645.00000,5926563,400.07677,0,F17__176,176,Harburg,Moorburg,712,7,16041.52072,9992096.61874
557,562645.00000,5927563,11.89517,0,F17__176,176,Harburg,Moorburg,712,7,16041.52072,9992096.61874
558,562645.00000,5928563,7.84740,0,F17__2,2,Hamburg-Mitte,Wilhelmsburg,137,1,19474.43597,18445315.91158
559,562645.00000,5929563,24.58004,0,F17__2,2,Hamburg-Mitte,Wilhelmsburg,137,1,19474.43597,18445315.91158
560,562645.00000,5930563,159.21368,0,F17__2,2,Hamburg-Mitte,Wilhelmsburg,137,1,19474.43597,18445315.91158
561,562645.00000,5931563,9.67075,0,F17__32,32,Hamburg-Mitte,Steinwerder,139,1,12217.21807,7421356.80972
562,562645.00000,5932563,109.68719,0,F17__32,32,Hamburg-Mitte,Steinwerder,139,1,12217.21807,7421356.80972
563,562645.00000,5933563,242.41413,17,F17__58,58,Altona,Altona-Altstadt,202,2,4188.01297,775807.44509
564,562645.00000,5934563,360.08679,15,F17__50,50,Altona,Altona-Altstadt,204,2,2643.31824,320926.94870
565,562645.00000,5935563,79.02935,7,F17__51,51,Altona,Altona-Nord,209,2,4800.97773,995052.90693
566,562645.00000,5936563,103.80643,15,F17__83,83,Eimsbüttel,Eimsbüttel,304,3,3918.29673,394486.22030
567,562645.00000,5937563,327.98548,15,F17__73,73,Eimsbüttel,Stellingen,321,3,12374.71602,6084483.16825
568,562645.00000,5938563,196.43972,4,F17__74,74,Eimsbüttel,Lokstedt,317,3,10030.47753,4893124.37592
569,562645.00000,5939563,152.31771,0,F17__74,74,Eimsbüttel,Lokstedt,317,3,10030.47753,4893124.37592
570,562645.00000,5940563,83.74319,0,F17__77,77,Eimsbüttel,Niendorf,318,3,18547.77480,12408048.82076
571,562645.00000,5941563,122.78645,8,F17__77,77,Eimsbüttel,Niendorf,318,3,18547.77480,12408048.82076
572,562645.00000,5942563,40.10161,3,F17__77,77,Eimsbüttel,Niendorf,318,3,18547.77480,12408048.82076
573,562645.00000,5943563,132.49824,8,F17__77,77,Eimsbüttel,Niendorf,318,3,18547.77480,12408048.82076
574,562645.00000,5944563,67.35309,0,F17__77,77,Eimsbüttel,Niendorf,318,3,18547.77480,12408048.82076
589,563645.00000,5920563,33.01058,0,F17__169,169,Harburg,Marmstorf,709,7,13389.45986,5839303.78277
590,563645.00000,5921563,18.52236,0,F17__169,169,Harburg,Marmstorf,709,7,13389.45986,5839303.78277
591,563645.00000,5922563,15.59021,3,F17__168,168,Harburg,Eißendorf,710,7,18518.91918,8333407.96709
592,563645.00000,5923563,109.06516,2,F17__168,168,Harburg,Eißendorf,710,7,18518.91918,8333407.96709
593,563645.00000,5924563,200.12424,5,F17__175,175,Harburg,Heimfeld,711,7,22027.58083,12994259.03667
594,563645.00000,5925563,73.25987,0,F17__175,175,Harburg,Heimfeld,711,7,22027.58083,12994259.03667
595,563645.00000,5926563,0.82019,0,F17__175,175,Harburg,Heimfeld,711,7,22027.58083,12994259.03667
596,563645.00000,5927563,6.97603,0,F17__2,2,Hamburg-Mitte,Wilhelmsburg,137,1,19474.43597,18445315.91158
597,563645.00000,5928563,14.68326,0,F17__2,2,Hamburg-Mitte,Wilhelmsburg,137,1,19474.43597,18445315.91158
598,563645.00000,5929563,49.76377,0,F17__2,2,Hamburg-Mitte,Wilhelmsburg,137,1,19474.43597,18445315.91158
599,563645.00000,5930563,16.45687,0,F17__32,32,Hamburg-Mitte,Steinwerder,139,1,12217.21807,7421356.80972
600,563645.00000,5931563,124.19816,0,F17__32,32,Hamburg-Mitte,Steinwerder,139,1,12217.21807,7421356.80972
601,563645.00000,5932563,188.94762,0,F17__32,32,Hamburg-Mitte,Steinwerder,139,1,12217.21807,7421356.80972
602,563645.00000,5933563,65.24666,87,F17__9,9,Hamburg-Mitte,St.Pauli,112,1,3614.74567,550718.43204
603,563645.00000,5934563,60.09737,48,F17__42,42,Hamburg-Mitte,St.Pauli,110,1,2842.93327,313039.30160
604,563645.00000,5935563,81.75853,72,F17__90,90,Eimsbüttel,Eimsbüttel,310,3,2300.58971,258841.97531
605,563645.00000,5936563,39.22760,34,F17__88,88,Eimsbüttel,Eimsbüttel,305,3,2302.83770,312561.35471
606,563645.00000,5937563,19.69182,11,F17__74,74,Eimsbüttel,Lokstedt,317,3,10030.47753,4893124.37592
607,563645.00000,5938563,34.42315,2,F17__74,74,Eimsbüttel,Lokstedt,317,3,10030.47753,4893124.37592
608,563645.00000,5939563,113.07450,4,F17__74,74,Eimsbüttel,Lokstedt,317,3,10030.47753,4893124.37592
609,563645.00000,5940563,121.24021,2,F17__77,77,Eimsbüttel,Niendorf,318,3,18547.77480,12408048.82076
610,563645.00000,5941563,97.51263,0,F17__117,117,Hamburg-Nord,Fuhlsbüttel,431,4,18571.70084,7766323.08521
611,563645.00000,5942563,134.30702,0,F17__77,77,Eimsbüttel,Niendorf,318,3,18547.77480,12408048.82076
612,563645.00000,5943563,64.39155,0,F17__77,77,Eimsbüttel,Niendorf,318,3,18547.77480,12408048.82076
613,563645.00000,5944563,184.44383,2,F17__77,77,Eimsbüttel,Niendorf,318,3,18547.77480,12408048.82076
628,564645.00000,5920563,29.76146,0,F17__169,169,Harburg,Marmstorf,709,7,13389.45986,5839303.78277
629,564645.00000,5921563,47.05417,0,F17__169,169,Harburg,Marmstorf,709,7,13389.45986,5839303.78277
630,564645.00000,5922563,24.42906,0,F17__165,165,Harburg,Wilstorf,705,7,8460.75605,3420296.86667
631,564645.00000,5923563,218.84766,5,F17__172,172,Harburg,Harburg,701,7,4581.04284,977210.97333
632,564645.00000,5924563,99.80260,2,F17__172,172,Harburg,Harburg,701,7,4581.04284,977210.97333
633,564645.00000,5925563,72.82157,0,F17__175,175,Harburg,Heimfeld,711,7,22027.58083,12994259.03667
634,564645.00000,5926563,187.61389,0,F17__2,2,Hamburg-Mitte,Wilhelmsburg,137,1,19474.43597,18445315.91158
635,564645.00000,5927563,26.16301,0,F17__2,2,Hamburg-Mitte,Wilhelmsburg,137,1,19474.43597,18445315.91158
636,564645.00000,5928563,7.69210,0,F17__2,2,Hamburg-Mitte,Wilhelmsburg,137,1,19474.43597,18445315.91158
637,564645.00000,5929563,199.69432,0,F17__2,2,Hamburg-Mitte,Wilhelmsburg,137,1,19474.43597,18445315.91158
638,564645.00000,5930563,7.81325,0,F17__2,2,Hamburg-Mitte,Wilhelmsburg,137,1,19474.43597,18445315.91158
639,564645.00000,5931563,9.54516,0,F17__32,32,Hamburg-Mitte,Steinwerder,139,1,12217.21807,7421356.80972
640,564645.00000,5932563,15.92702,1,F17__32,32,Hamburg-Mitte,Steinwerder,139,1,12217.21807,7421356.80972
641,564645.00000,5933563,49.27068,58,F17__33,33,Hamburg-Mitte,Neustadt,105,1,3160.74654,529838.82386
642,564645.00000,5934563,200.46285,34,F17__4,4,Hamburg-Mitte,Neustadt,106,1,4045.82044,643061.30654
643,564645.00000,5935563,81.91234,23,F17__81,81,Eimsbüttel,Rotherbaum,311,3,3824.72410,592193.21017
644,564645.00000,5936563,92.86650,12,F17__78,78,Eimsbüttel,Harvestehude,313,3,5432.72596,1037692.24702
645,564645.00000,5937563,249.97414,67,F17__109,109,Hamburg-Nord,Hoheluft-Ost,401,4,2425.65634,332909.47090
646,564645.00000,5938563,64.58398,7,F17__104,104,Hamburg-Nord,Eppendorf,403,4,4700.11865,1039452.83047
647,564645.00000,5939563,123.76604,5,F17__103,103,Hamburg-Nord,Eppendorf,405,4,4656.15007,953123.14442
648,564645.00000,5940563,143.11065,5,F17__95,95,Hamburg-Nord,Groß Borstel,406,4,9684.75196,3985683.50691
649,564645.00000,5941563,105.29537,1,F17__95,95,Hamburg-Nord,Groß Borstel,406,4,9684.75196,3985683.50691
650,564645.00000,5942563,61.62467,0,F17__77,77,Eimsbüttel,Niendorf,318,3,18547.77480,12408048.82076
651,564645.00000,5943563,128.81098,0,F17__77,77,Eimsbüttel,Niendorf,318,3,18547.77480,12408048.82076
652,564645.00000,5944563,105.07078,0,F17__77,77,Eimsbüttel,Niendorf,318,3,18547.77480,12408048.82076
666,565645.00000,5919563,18.93990,0,F17__178,178,Harburg,Sinstorf,708,7,9543.12395,2514792.38356
667,565645.00000,5920563,32.52028,1,F17__180,180,Harburg,Langenbek,707,7,4495.10384,793311.83877
668,565645.00000,5921563,62.56629,1,F17__165,165,Harburg,Wilstorf,705,7,8460.75605,3420296.86667
669,565645.00000,5922563,15.59449,5,F17__165,165,Harburg,Wilstorf,705,7,8460.75605,3420296.86667
670,565645.00000,5923563,17.38463,29,F17__177,177,Harburg,Harburg,702,7,10494.05381,3011079.51858
671,565645.00000,5924563,15.49972,7,F17__177,177,Harburg,Harburg,702,7,10494.05381,3011079.51858
672,565645.00000,5925563,7.56543,0,F17__2,2,Hamburg-Mitte,Wilhelmsburg,137,1,19474.43597,18445315.91158
673,565645.00000,5926563,82.24109,2,F17__2,2,Hamburg-Mitte,Wilhelmsburg,137,1,19474.43597,18445315.91158
674,565645.00000,5927563,52.35819,0,F17__2,2,Hamburg-Mitte,Wilhelmsburg,137,1,19474.43597,18445315.91158
675,565645.00000,5928563,23.93121,0,F17__2,2,Hamburg-Mitte,Wilhelmsburg,137,1,19474.43597,18445315.91158
676,565645.00000,5929563,19.10193,5,F17__2,2,Hamburg-Mitte,Wilhelmsburg,137,1,19474.43597,18445315.91158
677,565645.00000,5930563,1.97175,4,F17__38,38,Hamburg-Mitte,Kleiner Grasbrook,138,1,8982.88417,4470300.58457
678,565645.00000,5931563,49.56694,0,F17__38,38,Hamburg-Mitte,Kleiner Grasbrook,138,1,8982.88417,4470300.58457
679,565645.00000,5932563,2.53812,9,F17__27,27,Hamburg-Mitte,HafenCity,103,1,5013.33337,1069566.22246
680,565645.00000,5933563,26.28426,74,F17__15,15,Hamburg-Mitte,Hamburg-Altstadt,102,1,2916.40396,545795.53319
681,565645.00000,5934563,92.20460,78,F17__24,24,Hamburg-Mitte,Neustadt,108,1,4033.11073,826703.91428
682,565645.00000,5935563,113.08347,22,F17__86,86,Eimsbüttel,Rotherbaum,312,3,5741.69760,2141218.72078
683,565645.00000,5936563,54.99725,9,F17__78,78,Eimsbüttel,Harvestehude,313,3,5432.72596,1037692.24702
684,565645.00000,5937563,65.45747,8,F17__75,75,Eimsbüttel,Harvestehude,314,3,5003.47963,1011214.75298
685,565645.00000,5938563,144.69008,31,F17__115,115,Hamburg-Nord,Eppendorf,404,4,3792.46148,673625.18309
686,565645.00000,5939563,31.69178,9,F17__112,112,Hamburg-Nord,Winterhude,408,4,7179.05540,2029584.60001
687,565645.00000,5940563,111.61025,0,F17__95,95,Hamburg-Nord,Groß Borstel,406,4,9684.75196,3985683.50691
688,565645.00000,5941563,109.13481,0,F17__95,95,Hamburg-Nord,Groß Borstel,406,4,9684.75196,3985683.50691
689,565645.00000,5942563,42.01120,1,F17__117,117,Hamburg-Nord,Fuhlsbüttel,431,4,18571.70084,7766323.08521
690,565645.00000,5943563,13.69621,0,F17__117,117,Hamburg-Nord,Fuhlsbüttel,431,4,18571.70084,7766323.08521
691,565645.00000,5944563,90.82346,0,F17__106,106,Hamburg-Nord,Langenhorn,432,4,15909.28146,13359148.57934
692,565645.00000,5945563,121.65683,0,F17__106,106,Hamburg-Nord,Langenhorn,432,4,15909.28146,13359148.57934
693,565645.00000,5946563,183.76669,1,F17__106,106,Hamburg-Nord,Langenhorn,432,4,15909.28146,13359148.57934
694,565645.00000,5947563,94.87403,1,F17__106,106,Hamburg-Nord,Langenhorn,432,4,15909.28146,13359148.57934
706,566645.00000,5920563,31.88505,0,F17__170,170,Harburg,Rönneburg,706,7,8998.91269,2245884.91410
707,566645.00000,5921563,10.40396,1,F17__170,170,Harburg,Rönneburg,706,7,8998.91269,2245884.91410
708,566645.00000,5922563,23.42442,0,F17__170,170,Harburg,Rönneburg,706,7,8998.91269,2245884.91410
709,566645.00000,5923563,34.27173,1,F17__171,171,Harburg,Neuland,703,7,13564.15361,8079006.91892
710,566645.00000,5924563,112.52326,0,F17__171,171,Harburg,Neuland,703,7,13564.15361,8079006.91892
711,566645.00000,5925563,24.60715,0,F17__18,18,Hamburg-Mitte,Wilhelmsburg,136,1,15995.67227,8937261.94980
712,566645.00000,5926563,27.95371,0,F17__18,18,Hamburg-Mitte,Wilhelmsburg,136,1,15995.67227,8937261.94980
713,566645.00000,5927563,90.94146,2,F17__2,2,Hamburg-Mitte,Wilhelmsburg,137,1,19474.43597,18445315.91158
714,566645.00000,5928563,7.53689,1,F17__2,2,Hamburg-Mitte,Wilhelmsburg,137,1,19474.43597,18445315.91158
715,566645.00000,5929563,151.56538,1,F17__2,2,Hamburg-Mitte,Wilhelmsburg,137,1,19474.43597,18445315.91158
716,566645.00000,5930563,41.88820,2,F17__2,2,Hamburg-Mitte,Wilhelmsburg,137,1,19474.43597,18445315.91158
717,566645.00000,5931563,93.51199,0,F17__38,38,Hamburg-Mitte,Kleiner Grasbrook,138,1,8982.88417,4470300.58457
718,566645.00000,5932563,30.43947,1,F17__6,6,Hamburg-Mitte,HafenCity,104,1,6007.20649,1354891.41115
719,566645.00000,5933563,88.40583,26,F17__25,25,Hamburg-Mitte,Hamburg-Altstadt,101,1,3976.84400,753588.44833
720,566645.00000,5934563,128.25883,107,F17__22,22,Hamburg-Mitte,St.Georg,114,1,4704.35301,872407.50578
721,566645.00000,5935563,8.75223,0,F17__86,86,Eimsbüttel,Rotherbaum,312,3,5741.69760,2141218.72078
722,566645.00000,5936563,8.26880,1,F17__120,120,Hamburg-Nord,Uhlenhorst,414,4,4728.83014,981619.73314
723,566645.00000,5937563,130.44961,33,F17__97,97,Hamburg-Nord,Winterhude,413,4,4338.36875,1024863.45309
724,566645.00000,5938563,269.70541,13,F17__110,110,Hamburg-Nord,Winterhude,409,4,8247.13345,2906344.49608
725,566645.00000,5939563,65.81209,1,F17__112,112,Hamburg-Nord,Winterhude,408,4,7179.05540,2029584.60001
726,566645.00000,5940563,72.29600,7,F17__96,96,Hamburg-Nord,Alsterdorf,407,4,10202.18900,3152300.87192
727,566645.00000,5941563,142.18295,1,F17__95,95,Hamburg-Nord,Groß Borstel,406,4,9684.75196,3985683.50691
728,566645.00000,5942563,70.84058,2,F17__117,117,Hamburg-Nord,Fuhlsbüttel,431,4,18571.70084,7766323.08521
729,566645.00000,5943563,53.15478,0,F17__117,117,Hamburg-Nord,Fuhlsbüttel,431,4,18571.70084,7766323.08521
730,566645.00000,5944563,88.78943,6,F17__106,106,Hamburg-Nord,Langenhorn,432,4,15909.28146,13359148.57934
731,566645.00000,5945563,182.91351,2,F17__106,106,Hamburg-Nord,Langenhorn,432,4,15909.28146,13359148.57934
732,566645.00000,5946563,68.00754,0,F17__106,106,Hamburg-Nord,Langenhorn,432,4,15909.28146,13359148.57934
733,566645.00000,5947563,265.00295,2,F17__106,106,Hamburg-Nord,Langenhorn,432,4,15909.28146,13359148.57934
745,567645.00000,5920563,72.17828,0,F17__170,170,Harburg,Rönneburg,706,7,8998.91269,2245884.91410
746,567645.00000,5921563,7.32326,0,F17__167,167,Harburg,Gut Moor,704,7,9290.57653,1984252.92677
747,567645.00000,5922563,204.44687,0,F17__167,167,Harburg,Gut Moor,704,7,9290.57653,1984252.92677
748,567645.00000,5923563,7.90230,0,F17__171,171,Harburg,Neuland,703,7,13564.15361,8079006.91892
749,567645.00000,5924563,345.48395,0,F17__171,171,Harburg,Neuland,703,7,13564.15361,8079006.91892
750,567645.00000,5925563,7.57753,0,F17__18,18,Hamburg-Mitte,Wilhelmsburg,136,1,15995.67227,8937261.94980
751,567645.00000,5926563,22.59379,1,F17__18,18,Hamburg-Mitte,Wilhelmsburg,136,1,15995.67227,8937261.94980
752,567645.00000,5927563,97.62179,0,F17__18,18,Hamburg-Mitte,Wilhelmsburg,136,1,15995.67227,8937261.94980
753,567645.00000,5928563,1.48068,0,F17__18,18,Hamburg-Mitte,Wilhelmsburg,136,1,15995.67227,8937261.94980
754,567645.00000,5929563,50.40894,1,F17__18,18,Hamburg-Mitte,Wilhelmsburg,136,1,15995.67227,8937261.94980
755,567645.00000,5930563,129.94554,0,F17__12,12,Hamburg-Mitte,Veddel,134,1,9352.00294,4368204.49137
756,567645.00000,5931563,211.55837,3,F17__12,12,Hamburg-Mitte,Veddel,134,1,9352.00294,4368204.49137
757,567645.00000,5932563,24.89121,0,F17__6,6,Hamburg-Mitte,HafenCity,104,1,6007.20649,1354891.41115
758,567645.00000,5933563,5.26534,22,F17__20,20,Hamburg-Mitte,Hammerbrook,116,1,2329.60080,224155.96694
759,567645.00000,5934563,188.77477,33,F17__23,23,Hamburg-Mitte,St.Georg,113,1,4745.97699,949088.23644
760,567645.00000,5935563,61.32589,20,F17__93,93,Hamburg-Nord,Hohenfelde,416,4,3759.72123,538329.74209
761,567645.00000,5936563,51.66852,15,F17__120,120,Hamburg-Nord,Uhlenhorst,414,4,4728.83014,981619.73314
762,567645.00000,5937563,17.14913,24,F17__108,108,Hamburg-Nord,Winterhude,411,4,3327.70043,677265.49689
763,567645.00000,5938563,75.66326,0,F17__110,110,Hamburg-Nord,Winterhude,409,4,8247.13345,2906344.49608
764,567645.00000,5939563,66.27405,3,F17__112,112,Hamburg-Nord,Winterhude,408,4,7179.05540,2029584.60001
765,567645.00000,5940563,110.16028,1,F17__96,96,Hamburg-Nord,Alsterdorf,407,4,10202.18900,3152300.87192
766,567645.00000,5941563,47.80610,1,F17__101,101,Hamburg-Nord,Ohlsdorf,430,4,17214.95786,7155841.56365
767,567645.00000,5942563,95.90020,13,F17__117,117,Hamburg-Nord,Fuhlsbüttel,431,4,18571.70084,7766323.08521
768,567645.00000,5943563,59.55254,2,F17__117,117,Hamburg-Nord,Fuhlsbüttel,431,4,18571.70084,7766323.08521
769,567645.00000,5944563,84.50193,0,F17__106,106,Hamburg-Nord,Langenhorn,432,4,15909.28146,13359148.57934
770,567645.00000,5945563,111.46596,0,F17__106,106,Hamburg-Nord,Langenhorn,432,4,15909.28146,13359148.57934
771,567645.00000,5946563,19.15373,5,F17__106,106,Hamburg-Nord,Langenhorn,432,4,15909.28146,13359148.57934
772,567645.00000,5947563,116.00495,2,F17__106,106,Hamburg-Nord,Langenhorn,432,4,15909.28146,13359148.57934
773,567645.00000,5948563,99.39915,0,F17__106,106,Hamburg-Nord,Langenhorn,432,4,15909.28146,13359148.57934
786,568645.00000,5922563,33.23071,0,F17__167,167,Harburg,Gut Moor,704,7,9290.57653,1984252.92677
787,568645.00000,5923563,347.35247,0,F17__171,171,Harburg,Neuland,703,7,13564.15361,8079006.91892
788,568645.00000,5924563,290.44454,0,F17__171,171,Harburg,Neuland,703,7,13564.15361,8079006.91892
789,568645.00000,5925563,24.64743,0,F17__7,7,Hamburg-Mitte,Wilhelmsburg,135,1,16616.99745,7979999.90889
790,568645.00000,5926563,32.09735,0,F17__7,7,Hamburg-Mitte,Wilhelmsburg,135,1,16616.99745,7979999.90889
791,568645.00000,5927563,79.42993,0,F17__7,7,Hamburg-Mitte,Wilhelmsburg,135,1,16616.99745,7979999.90889
792,568645.00000,5928563,19.40902,0,F17__18,18,Hamburg-Mitte,Wilhelmsburg,136,1,15995.67227,8937261.94980
793,568645.00000,5929563,26.54460,0,F17__18,18,Hamburg-Mitte,Wilhelmsburg,136,1,15995.67227,8937261.94980
794,568645.00000,5930563,15.85834,0,F17__12,12,Hamburg-Mitte,Veddel,134,1,9352.00294,4368204.49137
795,568645.00000,5931563,9.29690,2,F17__12,12,Hamburg-Mitte,Veddel,134,1,9352.00294,4368204.49137
796,568645.00000,5932563,88.78062,4,F17__29,29,Hamburg-Mitte,Rothenburgsort,133,1,4408.55757,992889.27012
797,568645.00000,5933563,134.67522,4,F17__26,26,Hamburg-Mitte,Hammerbrook,118,1,2990.40945,592649.07507
798,568645.00000,5934563,80.39345,6,F17__8,8,Hamburg-Mitte,Borgfelde,120,1,2979.43331,420577.71375
799,568645.00000,5935563,9.89604,21,F17__147,147,Wandsbek,Eilbek,501,5,3379.54253,650619.81269
800,568645.00000,5936563,241.24529,13,F17__114,114,Hamburg-Nord,Barmbek-Süd,422,4,3536.31922,605338.69682
801,568645.00000,5937563,37.32547,6,F17__102,102,Hamburg-Nord,Barmbek-Süd,421,4,3306.30583,546798.94245
802,568645.00000,5938563,126.65815,2,F17__105,105,Hamburg-Nord,Barmbek-Nord,428,4,5107.60700,985384.48782
803,568645.00000,5939563,24.98428,14,F17__92,92,Hamburg-Nord,Barmbek-Nord,429,4,4292.86499,964823.81530
804,568645.00000,5940563,216.28239,3,F17__101,101,Hamburg-Nord,Ohlsdorf,430,4,17214.95786,7155841.56365
805,568645.00000,5941563,65.20756,4,F17__101,101,Hamburg-Nord,Ohlsdorf,430,4,17214.95786,7155841.56365
806,568645.00000,5942563,80.48587,2,F17__101,101,Hamburg-Nord,Ohlsdorf,430,4,17214.95786,7155841.56365
807,568645.00000,5943563,72.85565,0,F17__149,149,Wandsbek,Hummelsbüttel,520,5,15377.87746,9077268.44833
808,568645.00000,5944563,57.52337,1,F17__149,149,Wandsbek,Hummelsbüttel,520,5,15377.87746,9077268.44833
809,568645.00000,5945563,16.00987,0,F17__149,149,Wandsbek,Hummelsbüttel,520,5,15377.87746,9077268.44833
810,568645.00000,5946563,91.54702,0,F17__149,149,Wandsbek,Hummelsbüttel,520,5,15377.87746,9077268.44833
811,568645.00000,5947563,167.42855,0,F17__149,149,Wandsbek,Hummelsbüttel,520,5,15377.87746,9077268.44833
812,568645.00000,5948563,101.75945,0,F17__106,106,Hamburg-Nord,Langenhorn,432,4,15909.28146,13359148.57934
827,569645.00000,5924563,0.83371,0,F17__171,171,Harburg,Neuland,703,7,13564.15361,8079006.91892
828,569645.00000,5925563,33.89196,0,F17__7,7,Hamburg-Mitte,Wilhelmsburg,135,1,16616.99745,7979999.90889
829,569645.00000,5926563,22.71026,0,F17__7,7,Hamburg-Mitte,Wilhelmsburg,135,1,16616.99745,7979999.90889
830,569645.00000,5927563,7.01531,0,F17__7,7,Hamburg-Mitte,Wilhelmsburg,135,1,16616.99745,7979999.90889
831,569645.00000,5928563,33.34476,0,F17__7,7,Hamburg-Mitte,Wilhelmsburg,135,1,16616.99745,7979999.90889
832,569645.00000,5929563,54.40637,0,F17__12,12,Hamburg-Mitte,Veddel,134,1,9352.00294,4368204.49137
833,569645.00000,5930563,104.30076,0,F17__12,12,Hamburg-Mitte,Veddel,134,1,9352.00294,4368204.49137
834,569645.00000,5931563,5.86234,0,F17__16,16,Hamburg-Mitte,Rothenburgsort,132,1,15807.09600,6192235.32978
835,569645.00000,5932563,139.35685,0,F17__16,16,Hamburg-Mitte,Rothenburgsort,132,1,15807.09600,6192235.32978
836,569645.00000,5933563,47.47443,3,F17__17,17,Hamburg-Mitte,Hamm,127,1,2900.91126,366624.90205
837,569645.00000,5934563,12.96134,5,F17__5,5,Hamburg-Mitte,Hamm,124,1,2799.73601,421836.21514
838,569645.00000,5935563,61.28666,9,F17__140,140,Wandsbek,Eilbek,503,5,2621.42965,357978.72357
839,569645.00000,5936563,134.89367,2,F17__132,132,Wandsbek,Eilbek,502,5,2384.24910,323263.26468
840,569645.00000,5937563,59.96282,5,F17__119,119,Hamburg-Nord,Barmbek-Süd,423,4,4290.49226,777941.32752
841,569645.00000,5938563,127.67273,7,F17__107,107,Hamburg-Nord,Barmbek-Nord,426,4,4469.36602,1013345.41085
842,569645.00000,5939563,77.77170,2,F17__105,105,Hamburg-Nord,Barmbek-Nord,428,4,5107.60700,985384.48782
843,569645.00000,5940563,48.49526,4,F17__138,138,Wandsbek,Steilshoop,516,5,6996.31574,2496695.79540
844,569645.00000,5941563,50.54989,0,F17__101,101,Hamburg-Nord,Ohlsdorf,430,4,17214.95786,7155841.56365
845,569645.00000,5942563,150.20529,0,F17__101,101,Hamburg-Nord,Ohlsdorf,430,4,17214.95786,7155841.56365
846,569645.00000,5943563,52.57199,2,F17__101,101,Hamburg-Nord,Ohlsdorf,430,4,17214.95786,7155841.56365
847,569645.00000,5944563,106.66370,1,F17__149,149,Wandsbek,Hummelsbüttel,520,5,15377.87746,9077268.44833
848,569645.00000,5945563,175.77629,1,F17__149,149,Wandsbek,Hummelsbüttel,520,5,15377.87746,9077268.44833
849,569645.00000,5946563,64.04881,0,F17__149,149,Wandsbek,Hummelsbüttel,520,5,15377.87746,9077268.44833
850,569645.00000,5947563,309.24487,0,F17__149,149,Wandsbek,Hummelsbüttel,520,5,15377.87746,9077268.44833
866,570645.00000,5924563,7.10606,0,F17__153,153,Bergedorf,Ochsenwerder,608,6,18557.34882,14081127.29483
867,570645.00000,5925563,12.27438,0,F17__161,161,Bergedorf,Spadenland,614,6,9703.51095,3416913.27359
868,570645.00000,5926563,33.94039,0,F17__161,161,Bergedorf,Spadenland,614,6,9703.51095,3416913.27359
869,570645.00000,5927563,26.57535,0,F17__150,150,Bergedorf,Tatenberg,613,6,7713.13635,3063470.43420
870,570645.00000,5928563,7.22678,0,F17__16,16,Hamburg-Mitte,Rothenburgsort,132,1,15807.09600,6192235.32978
871,570645.00000,5929563,9.55270,0,F17__16,16,Hamburg-Mitte,Rothenburgsort,132,1,15807.09600,6192235.32978
872,570645.00000,5930563,7.35561,0,F17__16,16,Hamburg-Mitte,Rothenburgsort,132,1,15807.09600,6192235.32978
873,570645.00000,5931563,9.17432,1,F17__3,3,Hamburg-Mitte,Billbrook,131,1,10929.83632,6285402.73880
874,570645.00000,5932563,37.48833,0,F17__16,16,Hamburg-Mitte,Rothenburgsort,132,1,15807.09600,6192235.32978
875,570645.00000,5933563,149.71001,0,F17__34,34,Hamburg-Mitte,Hamm,126,1,5973.80142,894563.78828
876,570645.00000,5934563,157.13804,7,F17__37,37,Hamburg-Mitte,Hamm,123,1,3892.94030,846940.95510
877,570645.00000,5935563,72.01125,1,F17__141,141,Wandsbek,Marienthal,510,5,4935.51413,1329732.36725
878,570645.00000,5936563,23.39203,26,F17__139,139,Wandsbek,Wandsbek,505,5,3258.72632,525359.68564
879,570645.00000,5937563,9.78020,6,F17__122,122,Hamburg-Nord,Dulsberg,425,4,3776.89180,778749.37977
880,570645.00000,5938563,58.70460,0,F17__107,107,Hamburg-Nord,Barmbek-Nord,426,4,4469.36602,1013345.41085
881,570645.00000,5939563,48.40712,6,F17__128,128,Wandsbek,Bramfeld,515,5,17545.87939,10060108.30654
882,570645.00000,5940563,22.63901,4,F17__128,128,Wandsbek,Bramfeld,515,5,17545.87939,10060108.30654
883,570645.00000,5941563,93.55303,1,F17__138,138,Wandsbek,Steilshoop,516,5,6996.31574,2496695.79540
884,570645.00000,5942563,63.69274,0,F17__101,101,Hamburg-Nord,Ohlsdorf,430,4,17214.95786,7155841.56365
885,570645.00000,5943563,260.07678,0,F17__127,127,Wandsbek,Wellingsbüttel,517,5,10113.63675,4083628.05176
886,570645.00000,5944563,135.48600,1,F17__124,124,Wandsbek,Poppenbüttel,519,5,14793.54333,8099920.17431
887,570645.00000,5945563,308.22182,0,F17__124,124,Wandsbek,Poppenbüttel,519,5,14793.54333,8099920.17431
888,570645.00000,5946563,321.19628,1,F17__124,124,Wandsbek,Poppenbüttel,519,5,14793.54333,8099920.17431
889,570645.00000,5947563,155.94836,0,F17__124,124,Wandsbek,Poppenbüttel,519,5,14793.54333,8099920.17431
890,570645.00000,5948563,218.14449,0,F17__135,135,Wandsbek,Lemsahl-Mellingstedt,521,5,15720.11839,7995471.05983
891,570645.00000,5949563,192.87082,0,F17__135,135,Wandsbek,Lemsahl-Mellingstedt,521,5,15720.11839,7995471.05983
904,571645.00000,5923563,43.58167,0,F17__153,153,Bergedorf,Ochsenwerder,608,6,18557.34882,14081127.29483
905,571645.00000,5924563,36.08864,0,F17__153,153,Bergedorf,Ochsenwerder,608,6,18557.34882,14081127.29483
906,571645.00000,5925563,18.57916,1,F17__153,153,Bergedorf,Ochsenwerder,608,6,18557.34882,14081127.29483
907,571645.00000,5926563,32.76802,0,F17__150,150,Bergedorf,Tatenberg,613,6,7713.13635,3063470.43420
908,571645.00000,5927563,9.08962,1,F17__150,150,Bergedorf,Tatenberg,613,6,7713.13635,3063470.43420
909,571645.00000,5928563,198.89750,2,F17__156,156,Bergedorf,Moorfleet,612,6,11019.32861,4370398.42672
910,571645.00000,5929563,73.20061,0,F17__156,156,Bergedorf,Moorfleet,612,6,11019.32861,4370398.42672
911,571645.00000,5930563,92.56662,2,F17__3,3,Hamburg-Mitte,Billbrook,131,1,10929.83632,6285402.73880
912,571645.00000,5931563,119.94195,0,F17__3,3,Hamburg-Mitte,Billbrook,131,1,10929.83632,6285402.73880
913,571645.00000,5932563,144.91450,1,F17__3,3,Hamburg-Mitte,Billbrook,131,1,10929.83632,6285402.73880
914,571645.00000,5933563,15.90815,3,F17__28,28,Hamburg-Mitte,Horn,128,1,7250.75895,2579587.64444
915,571645.00000,5934563,89.09139,7,F17__19,19,Hamburg-Mitte,Horn,129,1,9105.27241,3314011.31055
916,571645.00000,5935563,146.53375,0,F17__144,144,Wandsbek,Marienthal,511,5,5708.07013,1881348.86422
917,571645.00000,5936563,122.46492,1,F17__136,136,Wandsbek,Wandsbek,507,5,3820.78031,851255.88561
918,571645.00000,5937563,236.22286,3,F17__146,146,Wandsbek,Wandsbek,506,5,2976.24961,450591.82958
919,571645.00000,5938563,118.59070,0,F17__130,130,Wandsbek,Wandsbek,509,5,6885.52076,2198931.24108
920,571645.00000,5939563,132.60847,1,F17__128,128,Wandsbek,Bramfeld,515,5,17545.87939,10060108.30654
921,571645.00000,5940563,106.28159,2,F17__128,128,Wandsbek,Bramfeld,515,5,17545.87939,10060108.30654
922,571645.00000,5941563,146.41862,9,F17__128,128,Wandsbek,Bramfeld,515,5,17545.87939,10060108.30654
923,571645.00000,5942563,97.00735,0,F17__101,101,Hamburg-Nord,Ohlsdorf,430,4,17214.95786,7155841.56365
924,571645.00000,5943563,48.97976,0,F17__127,127,Wandsbek,Wellingsbüttel,517,5,10113.63675,4083628.05176
925,571645.00000,5944563,119.81395,2,F17__127,127,Wandsbek,Wellingsbüttel,517,5,10113.63675,4083628.05176
926,571645.00000,5945563,64.55440,2,F17__124,124,Wandsbek,Poppenbüttel,519,5,14793.54333,8099920.17431
927,571645.00000,5946563,187.84686,4,F17__124,124,Wandsbek,Poppenbüttel,519,5,14793.54333,8099920.17431
928,571645.00000,5947563,64.75540,0,F17__124,124,Wandsbek,Poppenbüttel,519,5,14793.54333,8099920.17431
929,571645.00000,5948563,126.49440,0,F17__135,135,Wandsbek,Lemsahl-Mellingstedt,521,5,15720.11839,7995471.05983
930,571645.00000,5949563,424.50899,0,F17__135,135,Wandsbek,Lemsahl-Mellingstedt,521,5,15720.11839,7995471.05983
931,571645.00000,5950563,334.07849,0,F17__125,125,Wandsbek,Duvenstedt,522,5,14932.41840,6777426.16239
932,571645.00000,5951563,103.08889,0,F17__125,125,Wandsbek,Duvenstedt,522,5,14932.41840,6777426.16239
933,571645.00000,5952563,138.95731,0,F17__125,125,Wandsbek,Duvenstedt,522,5,14932.41840,6777426.16239
942,572645.00000,5922563,28.21905,0,F17__153,153,Bergedorf,Ochsenwerder,608,6,18557.34882,14081127.29483
943,572645.00000,5923563,298.28451,0,F17__153,153,Bergedorf,Ochsenwerder,608,6,18557.34882,14081127.29483
944,572645.00000,5924563,272.73422,0,F17__153,153,Bergedorf,Ochsenwerder,608,6,18557.34882,14081127.29483
945,572645.00000,5925563,10.25857,0,F17__153,153,Bergedorf,Ochsenwerder,608,6,18557.34882,14081127.29483
946,572645.00000,5926563,6.98633,0,F17__153,153,Bergedorf,Ochsenwerder,608,6,18557.34882,14081127.29483
947,572645.00000,5927563,145.62832,0,F17__160,160,Bergedorf,Allermöhe,610,6,21057.90924,8645889.43925
948,572645.00000,5928563,9.15118,0,F17__156,156,Bergedorf,Moorfleet,612,6,11019.32861,4370398.42672
949,572645.00000,5929563,89.57886,0,F17__156,156,Bergedorf,Moorfleet,612,6,11019.32861,4370398.42672
950,572645.00000,5930563,54.98343,0,F17__3,3,Hamburg-Mitte,Billbrook,131,1,10929.83632,6285402.73880
951,572645.00000,5931563,9.05281,0,F17__3,3,Hamburg-Mitte,Billbrook,131,1,10929.83632,6285402.73880
952,572645.00000,5932563,66.86830,1,F17__3,3,Hamburg-Mitte,Billbrook,131,1,10929.83632,6285402.73880
953,572645.00000,5933563,10.45349,1,F17__19,19,Hamburg-Mitte,Horn,129,1,9105.27241,3314011.31055
954,572645.00000,5934563,50.46425,1,F17__19,19,Hamburg-Mitte,Horn,129,1,9105.27241,3314011.31055
955,572645.00000,5935563,188.66301,0,F17__19,19,Hamburg-Mitte,Horn,129,1,9105.27241,3314011.31055
956,572645.00000,5936563,120.56827,2,F17__144,144,Wandsbek,Marienthal,511,5,5708.07013,1881348.86422
957,572645.00000,5937563,70.36599,2,F17__131,131,Wandsbek,Wandsbek,508,5,5757.72179,1913486.24851
958,572645.00000,5938563,137.31378,6,F17__130,130,Wandsbek,Wandsbek,509,5,6885.52076,2198931.24108
959,572645.00000,5939563,129.62264,0,F17__133,133,Wandsbek,Farmsen-Berne,514,5,16612.65473,8220629.89820
960,572645.00000,5940563,8.45093,1,F17__133,133,Wandsbek,Farmsen-Berne,514,5,16612.65473,8220629.89820
961,572645.00000,5941563,173.56110,2,F17__128,128,Wandsbek,Bramfeld,515,5,17545.87939,10060108.30654
962,572645.00000,5942563,101.82533,1,F17__128,128,Wandsbek,Bramfeld,515,5,17545.87939,10060108.30654
963,572645.00000,5943563,202.55961,0,F17__127,127,Wandsbek,Wellingsbüttel,517,5,10113.63675,4083628.05176
964,572645.00000,5944563,90.76659,3,F17__143,143,Wandsbek,Sasel,518,5,16849.48812,8357469.70019
965,572645.00000,5945563,171.75621,1,F17__124,124,Wandsbek,Poppenbüttel,519,5,14793.54333,8099920.17431
966,572645.00000,5946563,238.27456,0,F17__143,143,Wandsbek,Sasel,518,5,16849.48812,8357469.70019
967,572645.00000,5947563,147.39338,1,F17__135,135,Wandsbek,Lemsahl-Mellingstedt,521,5,15720.11839,7995471.05983
968,572645.00000,5948563,81.88405,0,F17__135,135,Wandsbek,Lemsahl-Mellingstedt,521,5,15720.11839,7995471.05983
969,572645.00000,5949563,140.70004,0,F17__135,135,Wandsbek,Lemsahl-Mellingstedt,521,5,15720.11839,7995471.05983
970,572645.00000,5950563,123.36605,0,F17__125,125,Wandsbek,Duvenstedt,522,5,14932.41840,6777426.16239
971,572645.00000,5951563,48.52104,2,F17__125,125,Wandsbek,Duvenstedt,522,5,14932.41840,6777426.16239
979,573645.00000,5920563,1.51074,0,F17__153,153,Bergedorf,Ochsenwerder,608,6,18557.34882,14081127.29483
980,573645.00000,5921563,7.38091,0,F17__153,153,Bergedorf,Ochsenwerder,608,6,18557.34882,14081127.29483
981,573645.00000,5922563,35.93845,0,F17__153,153,Bergedorf,Ochsenwerder,608,6,18557.34882,14081127.29483
982,573645.00000,5923563,23.90619,0,F17__153,153,Bergedorf,Ochsenwerder,608,6,18557.34882,14081127.29483
983,573645.00000,5924563,1.14452,0,F17__153,153,Bergedorf,Ochsenwerder,608,6,18557.34882,14081127.29483
984,573645.00000,5925563,29.86465,0,F17__158,158,Bergedorf,Reitbrook,609,6,13430.04464,6925582.02266
985,573645.00000,5926563,1.35544,0,F17__160,160,Bergedorf,Allermöhe,610,6,21057.90924,8645889.43925
986,573645.00000,5927563,143.66864,0,F17__160,160,Bergedorf,Allermöhe,610,6,21057.90924,8645889.43925
987,573645.00000,5928563,174.02255,0,F17__160,160,Bergedorf,Allermöhe,610,6,21057.90924,8645889.43925
988,573645.00000,5929563,6.48597,0,F17__163,163,Bergedorf,Billwerder,611,6,16612.13926,9460958.97256
989,573645.00000,5930563,14.99015,0,F17__163,163,Bergedorf,Billwerder,611,6,16612.13926,9460958.97256
990,573645.00000,5931563,5.91455,1,F17__3,3,Hamburg-Mitte,Billbrook,131,1,10929.83632,6285402.73880
991,573645.00000,5932563,34.51579,3,F17__31,31,Hamburg-Mitte,Billstedt,130,1,21984.92558,16912571.87728
992,573645.00000,5933563,50.30543,5,F17__31,31,Hamburg-Mitte,Billstedt,130,1,21984.92558,16912571.87728
993,573645.00000,5934563,51.09564,0,F17__31,31,Hamburg-Mitte,Billstedt,130,1,21984.92558,16912571.87728
994,573645.00000,5935563,4.77880,0,F17__31,31,Hamburg-Mitte,Billstedt,130,1,21984.92558,16912571.87728
995,573645.00000,5936563,68.86420,1,F17__137,137,Wandsbek,Jenfeld,512,5,10495.47826,4987907.45543
996,573645.00000,5937563,19.07123,2,F17__126,126,Wandsbek,Tonndorf,513,5,10003.49828,3938546.43775
997,573645.00000,5938563,81.24943,1,F17__126,126,Wandsbek,Tonndorf,513,5,10003.49828,3938546.43775
998,573645.00000,5939563,269.40964,4,F17__133,133,Wandsbek,Farmsen-Berne,514,5,16612.65473,8220629.89820
999,573645.00000,5940563,127.69638,6,F17__133,133,Wandsbek,Farmsen-Berne,514,5,16612.65473,8220629.89820
1000,573645.00000,5941563,111.64784,1,F17__133,133,Wandsbek,Farmsen-Berne,514,5,16612.65473,8220629.89820
1001,573645.00000,5942563,184.88471,2,F17__128,128,Wandsbek,Bramfeld,515,5,17545.87939,10060108.30654
1002,573645.00000,5943563,116.97279,0,F17__143,143,Wandsbek,Sasel,518,5,16849.48812,8357469.70019
1003,573645.00000,5944563,97.92879,1,F17__143,143,Wandsbek,Sasel,518,5,16849.48812,8357469.70019
1004,573645.00000,5945563,14.31312,4,F17__143,143,Wandsbek,Sasel,518,5,16849.48812,8357469.70019
1005,573645.00000,5946563,186.23334,1,F17__134,134,Wandsbek,Bergstedt,524,5,15151.77649,7035939.47283
1006,573645.00000,5947563,229.04835,0,F17__134,134,Wandsbek,Bergstedt,524,5,15151.77649,7035939.47283
1007,573645.00000,5948563,75.16543,0,F17__135,135,Wandsbek,Lemsahl-Mellingstedt,521,5,15720.11839,7995471.05983
1008,573645.00000,5949563,34.51147,0,F17__135,135,Wandsbek,Lemsahl-Mellingstedt,521,5,15720.11839,7995471.05983
1009,573645.00000,5950563,42.95061,0,F17__125,125,Wandsbek,Duvenstedt,522,5,14932.41840,6777426.16239
1010,573645.00000,5951563,58.34372,2,F17__125,125,Wandsbek,Duvenstedt,522,5,14932.41840,6777426.16239
1018,574645.00000,5920563,214.82068,0,F17__154,154,Bergedorf,Kirchwerder,607,6,32767.41292,32296670.14606
1019,574645.00000,5921563,12.67877,0,F17__154,154,Bergedorf,Kirchwerder,607,6,32767.41292,32296670.14606
1020,574645.00000,5922563,22.79406,0,F17__153,153,Bergedorf,Ochsenwerder,608,6,18557.34882,14081127.29483
1021,574645.00000,5923563,33.00935,0,F17__153,153,Bergedorf,Ochsenwerder,608,6,18557.34882,14081127.29483
1022,574645.00000,5924563,67.80070,0,F17__158,158,Bergedorf,Reitbrook,609,6,13430.04464,6925582.02266
1023,574645.00000,5925563,24.30837,0,F17__158,158,Bergedorf,Reitbrook,609,6,13430.04464,6925582.02266
1024,574645.00000,5926563,27.42764,0,F17__160,160,Bergedorf,Allermöhe,610,6,21057.90924,8645889.43925
1025,574645.00000,5927563,68.46208,0,F17__160,160,Bergedorf,Allermöhe,610,6,21057.90924,8645889.43925
1026,574645.00000,5928563,215.09744,0,F17__163,163,Bergedorf,Billwerder,611,6,16612.13926,9460958.97256
1027,574645.00000,5929563,11.20941,0,F17__163,163,Bergedorf,Billwerder,611,6,16612.13926,9460958.97256
1028,574645.00000,5930563,105.42292,0,F17__151,151,Bergedorf,Lohbrügge,601,6,21815.21793,13038704.46588
1029,574645.00000,5931563,138.54343,2,F17__31,31,Hamburg-Mitte,Billstedt,130,1,21984.92558,16912571.87728
1030,574645.00000,5932563,20.66013,3,F17__31,31,Hamburg-Mitte,Billstedt,130,1,21984.92558,16912571.87728
1031,574645.00000,5933563,54.02893,0,F17__31,31,Hamburg-Mitte,Billstedt,130,1,21984.92558,16912571.87728
1032,574645.00000,5934563,65.05952,0,F17__31,31,Hamburg-Mitte,Billstedt,130,1,21984.92558,16912571.87728
1033,574645.00000,5935563,44.33894,0,F17__31,31,Hamburg-Mitte,Billstedt,130,1,21984.92558,16912571.87728
1034,574645.00000,5936563,132.17100,2,F17__137,137,Wandsbek,Jenfeld,512,5,10495.47826,4987907.45543
1035,574645.00000,5937563,45.84000,2,F17__137,137,Wandsbek,Jenfeld,512,5,10495.47826,4987907.45543
1036,574645.00000,5938563,349.98415,4,F17__126,126,Wandsbek,Tonndorf,513,5,10003.49828,3938546.43775
1037,574645.00000,5939563,124.89729,1,F17__133,133,Wandsbek,Farmsen-Berne,514,5,16612.65473,8220629.89820
1038,574645.00000,5940563,138.79247,1,F17__148,148,Wandsbek,Rahlstedt,526,5,26420.18242,26548334.65418
1039,574645.00000,5941563,153.78312,0,F17__133,133,Wandsbek,Farmsen-Berne,514,5,16612.65473,8220629.89820
1040,574645.00000,5942563,183.18865,0,F17__133,133,Wandsbek,Farmsen-Berne,514,5,16612.65473,8220629.89820
1041,574645.00000,5943563,50.78741,0,F17__133,133,Wandsbek,Farmsen-Berne,514,5,16612.65473,8220629.89820
1042,574645.00000,5944563,111.06024,1,F17__143,143,Wandsbek,Sasel,518,5,16849.48812,8357469.70019
1043,574645.00000,5945563,73.37471,0,F17__143,143,Wandsbek,Sasel,518,5,16849.48812,8357469.70019
1044,574645.00000,5946563,350.30027,0,F17__134,134,Wandsbek,Bergstedt,524,5,15151.77649,7035939.47283
1045,574645.00000,5947563,57.22774,4,F17__134,134,Wandsbek,Bergstedt,524,5,15151.77649,7035939.47283
1046,574645.00000,5948563,127.73152,0,F17__134,134,Wandsbek,Bergstedt,524,5,15151.77649,7035939.47283
1047,574645.00000,5949563,38.82749,0,F17__142,142,Wandsbek,Wohldorf-Ohlstedt,523,5,23638.14385,17277651.41890
1048,574645.00000,5950563,135.05346,0,F17__142,142,Wandsbek,Wohldorf-Ohlstedt,523,5,23638.14385,17277651.41890
1049,574645.00000,5951563,143.22317,2,F17__142,142,Wandsbek,Wohldorf-Ohlstedt,523,5,23638.14385,17277651.41890
1050,574645.00000,5952563,69.98954,0,F17__142,142,Wandsbek,Wohldorf-Ohlstedt,523,5,23638.14385,17277651.41890
1057,575645.00000,5920563,17.05303,0,F17__154,154,Bergedorf,Kirchwerder,607,6,32767.41292,32296670.14606
1058,575645.00000,5921563,31.56619,0,F17__154,154,Bergedorf,Kirchwerder,607,6,32767.41292,32296670.14606
1059,575645.00000,5922563,79.23885,0,F17__154,154,Bergedorf,Kirchwerder,607,6,32767.41292,32296670.14606
1060,575645.00000,5923563,23.91418,0,F17__154,154,Bergedorf,Kirchwerder,607,6,32767.41292,32296670.14606
1061,575645.00000,5924563,51.18614,0,F17__158,158,Bergedorf,Reitbrook,609,6,13430.04464,6925582.02266
1062,575645.00000,5925563,19.24855,0,F17__160,160,Bergedorf,Allermöhe,610,6,21057.90924,8645889.43925
1063,575645.00000,5926563,135.77635,0,F17__160,160,Bergedorf,Allermöhe,610,6,21057.90924,8645889.43925
1064,575645.00000,5927563,25.07503,0,F17__164,164,Bergedorf,Neuallermöhe,615,6,9963.95216,4201825.81238
1065,575645.00000,5928563,45.32587,0,F17__163,163,Bergedorf,Billwerder,611,6,16612.13926,9460958.97256
1066,575645.00000,5929563,44.15055,0,F17__151,151,Bergedorf,Lohbrügge,601,6,21815.21793,13038704.46588
1067,575645.00000,5930563,37.80528,0,F17__151,151,Bergedorf,Lohbrügge,601,6,21815.21793,13038704.46588
1068,575645.00000,5931563,320.51477,0,F17__31,31,Hamburg-Mitte,Billstedt,130,1,21984.92558,16912571.87728
1069,575645.00000,5932563,63.91425,0,F17__31,31,Hamburg-Mitte,Billstedt,130,1,21984.92558,16912571.87728
1070,575645.00000,5933563,85.96478,1,F17__31,31,Hamburg-Mitte,Billstedt,130,1,21984.92558,16912571.87728
1071,575645.00000,5934563,79.26880,0,F17__31,31,Hamburg-Mitte,Billstedt,130,1,21984.92558,16912571.87728
1072,575645.00000,5935563,59.37587,1,F17__31,31,Hamburg-Mitte,Billstedt,130,1,21984.92558,16912571.87728
1073,575645.00000,5936563,235.70334,2,F17__137,137,Wandsbek,Jenfeld,512,5,10495.47826,4987907.45543
1074,575645.00000,5937563,52.09129,1,F17__137,137,Wandsbek,Jenfeld,512,5,10495.47826,4987907.45543
1075,575645.00000,5938563,467.98314,1,F17__148,148,Wandsbek,Rahlstedt,526,5,26420.18242,26548334.65418
1076,575645.00000,5939563,35.57088,3,F17__148,148,Wandsbek,Rahlstedt,526,5,26420.18242,26548334.65418
1077,575645.00000,5940563,156.80445,0,F17__148,148,Wandsbek,Rahlstedt,526,5,26420.18242,26548334.65418
1078,575645.00000,5941563,17.53305,1,F17__148,148,Wandsbek,Rahlstedt,526,5,26420.18242,26548334.65418
1079,575645.00000,5942563,286.24939,4,F17__148,148,Wandsbek,Rahlstedt,526,5,26420.18242,26548334.65418
1080,575645.00000,5943563,79.60630,0,F17__133,133,Wandsbek,Farmsen-Berne,514,5,16612.65473,8220629.89820
1081,575645.00000,5944563,105.33435,0,F17__145,145,Wandsbek,Volksdorf,525,5,18775.51272,11567928.79128
1082,575645.00000,5945563,30.30036,0,F17__145,145,Wandsbek,Volksdorf,525,5,18775.51272,11567928.79128
1083,575645.00000,5946563,233.64127,0,F17__134,134,Wandsbek,Bergstedt,524,5,15151.77649,7035939.47283
1084,575645.00000,5947563,230.61084,1,F17__134,134,Wandsbek,Bergstedt,524,5,15151.77649,7035939.47283
1085,575645.00000,5948563,64.64257,0,F17__142,142,Wandsbek,Wohldorf-Ohlstedt,523,5,23638.14385,17277651.41890
1086,575645.00000,5949563,33.29795,0,F17__142,142,Wandsbek,Wohldorf-Ohlstedt,523,5,23638.14385,17277651.41890
1087,575645.00000,5950563,136.85299,0,F17__142,142,Wandsbek,Wohldorf-Ohlstedt,523,5,23638.14385,17277651.41890
1088,575645.00000,5951563,124.00084,0,F17__142,142,Wandsbek,Wohldorf-Ohlstedt,523,5,23638.14385,17277651.41890
1089,575645.00000,5952563,58.20387,0,F17__142,142,Wandsbek,Wohldorf-Ohlstedt,523,5,23638.14385,17277651.41890
1090,575645.00000,5953563,49.29777,0,F17__142,142,Wandsbek,Wohldorf-Ohlstedt,523,5,23638.14385,17277651.41890
1094,576645.00000,5918563,19.92587,0,F17__154,154,Bergedorf,Kirchwerder,607,6,32767.41292,32296670.14606
1095,576645.00000,5919563,13.19638,1,F17__154,154,Bergedorf,Kirchwerder,607,6,32767.41292,32296670.14606
1096,576645.00000,5920563,28.30857,0,F17__154,154,Bergedorf,Kirchwerder,607,6,32767.41292,32296670.14606
1097,576645.00000,5921563,9.85745,0,F17__154,154,Bergedorf,Kirchwerder,607,6,32767.41292,32296670.14606
1098,576645.00000,5922563,165.13485,0,F17__154,154,Bergedorf,Kirchwerder,607,6,32767.41292,32296670.14606
1099,576645.00000,5923563,24.78301,0,F17__154,154,Bergedorf,Kirchwerder,607,6,32767.41292,32296670.14606
1100,576645.00000,5924563,17.17362,0,F17__158,158,Bergedorf,Reitbrook,609,6,13430.04464,6925582.02266
1101,576645.00000,5925563,10.04779,0,F17__160,160,Bergedorf,Allermöhe,610,6,21057.90924,8645889.43925
1102,576645.00000,5926563,85.41305,0,F17__164,164,Bergedorf,Neuallermöhe,615,6,9963.95216,4201825.81238
1103,576645.00000,5927563,40.08723,0,F17__163,163,Bergedorf,Billwerder,611,6,16612.13926,9460958.97256
1104,576645.00000,5928563,110.72623,0,F17__163,163,Bergedorf,Billwerder,611,6,16612.13926,9460958.97256
1105,576645.00000,5929563,109.45884,0,F17__151,151,Bergedorf,Lohbrügge,601,6,21815.21793,13038704.46588
1106,576645.00000,5930563,56.42473,1,F17__151,151,Bergedorf,Lohbrügge,601,6,21815.21793,13038704.46588
1107,576645.00000,5931563,186.80161,0,F17__31,31,Hamburg-Mitte,Billstedt,130,1,21984.92558,16912571.87728
1108,576645.00000,5932563,103.52511,0,F17__31,31,Hamburg-Mitte,Billstedt,130,1,21984.92558,16912571.87728
1110,576645.00000,5934563,64.92683,0,F17__31,31,Hamburg-Mitte,Billstedt,130,1,21984.92558,16912571.87728
1113,576645.00000,5937563,157.85929,0,F17__148,148,Wandsbek,Rahlstedt,526,5,26420.18242,26548334.65418
1114,576645.00000,5938563,110.29130,0,F17__148,148,Wandsbek,Rahlstedt,526,5,26420.18242,26548334.65418
1115,576645.00000,5939563,160.80771,2,F17__148,148,Wandsbek,Rahlstedt,526,5,26420.18242,26548334.65418
1116,576645.00000,5940563,59.81652,5,F17__148,148,Wandsbek,Rahlstedt,526,5,26420.18242,26548334.65418
1117,576645.00000,5941563,104.58330,1,F17__148,148,Wandsbek,Rahlstedt,526,5,26420.18242,26548334.65418
1118,576645.00000,5942563,204.82907,0,F17__148,148,Wandsbek,Rahlstedt,526,5,26420.18242,26548334.65418
1119,576645.00000,5943563,108.47399,0,F17__148,148,Wandsbek,Rahlstedt,526,5,26420.18242,26548334.65418
1120,576645.00000,5944563,125.86795,0,F17__145,145,Wandsbek,Volksdorf,525,5,18775.51272,11567928.79128
1121,576645.00000,5945563,38.67287,3,F17__145,145,Wandsbek,Volksdorf,525,5,18775.51272,11567928.79128
1122,576645.00000,5946563,41.98445,0,F17__145,145,Wandsbek,Volksdorf,525,5,18775.51272,11567928.79128
1127,576645.00000,5951563,18.55200,0,F17__142,142,Wandsbek,Wohldorf-Ohlstedt,523,5,23638.14385,17277651.41890
1128,576645.00000,5952563,323.60598,0,F17__142,142,Wandsbek,Wohldorf-Ohlstedt,523,5,23638.14385,17277651.41890
1129,576645.00000,5953563,148.08259,0,F17__142,142,Wandsbek,Wohldorf-Ohlstedt,523,5,23638.14385,17277651.41890
1130,576645.00000,5954563,155.38703,0,F17__142,142,Wandsbek,Wohldorf-Ohlstedt,523,5,23638.14385,17277651.41890
1132,577645.00000,5917563,28.18629,3,F17__154,154,Bergedorf,Kirchwerder,607,6,32767.41292,32296670.14606
1133,577645.00000,5918563,30.46302,0,F17__154,154,Bergedorf,Kirchwerder,607,6,32767.41292,32296670.14606
1134,577645.00000,5919563,19.76940,0,F17__154,154,Bergedorf,Kirchwerder,607,6,32767.41292,32296670.14606
1135,577645.00000,5920563,31.04361,0,F17__154,154,Bergedorf,Kirchwerder,607,6,32767.41292,32296670.14606
1136,577645.00000,5921563,178.42015,0,F17__154,154,Bergedorf,Kirchwerder,607,6,32767.41292,32296670.14606
1137,577645.00000,5922563,1.50728,0,F17__154,154,Bergedorf,Kirchwerder,607,6,32767.41292,32296670.14606
1138,577645.00000,5923563,47.26022,0,F17__155,155,Bergedorf,Neuengamme,606,6,27475.32501,18608510.23447
1139,577645.00000,5924563,15.90772,0,F17__158,158,Bergedorf,Reitbrook,609,6,13430.04464,6925582.02266
1140,577645.00000,5925563,29.31283,1,F17__160,160,Bergedorf,Allermöhe,610,6,21057.90924,8645889.43925
1141,577645.00000,5926563,15.32899,4,F17__164,164,Bergedorf,Neuallermöhe,615,6,9963.95216,4201825.81238
1142,577645.00000,5927563,7.11639,0,F17__163,163,Bergedorf,Billwerder,611,6,16612.13926,9460958.97256
1143,577645.00000,5928563,113.36724,0,F17__163,163,Bergedorf,Billwerder,611,6,16612.13926,9460958.97256
1144,577645.00000,5929563,55.69585,0,F17__151,151,Bergedorf,Lohbrügge,601,6,21815.21793,13038704.46588
1145,577645.00000,5930563,65.94117,0,F17__151,151,Bergedorf,Lohbrügge,601,6,21815.21793,13038704.46588
1153,577645.00000,5938563,327.64900,0,F17__148,148,Wandsbek,Rahlstedt,526,5,26420.18242,26548334.65418
1154,577645.00000,5939563,74.09218,0,F17__148,148,Wandsbek,Rahlstedt,526,5,26420.18242,26548334.65418
1155,577645.00000,5940563,167.66683,0,F17__148,148,Wandsbek,Rahlstedt,526,5,26420.18242,26548334.65418
1156,577645.00000,5941563,98.01319,0,F17__148,148,Wandsbek,Rahlstedt,526,5,26420.18242,26548334.65418
1157,577645.00000,5942563,129.89228,0,F17__148,148,Wandsbek,Rahlstedt,526,5,26420.18242,26548334.65418
1158,577645.00000,5943563,67.91387,0,F17__148,148,Wandsbek,Rahlstedt,526,5,26420.18242,26548334.65418
1159,577645.00000,5944563,226.61391,0,F17__145,145,Wandsbek,Volksdorf,525,5,18775.51272,11567928.79128
1160,577645.00000,5945563,43.01186,0,F17__145,145,Wandsbek,Volksdorf,525,5,18775.51272,11567928.79128
1161,577645.00000,5946563,73.64389,0,F17__145,145,Wandsbek,Volksdorf,525,5,18775.51272,11567928.79128
1167,577645.00000,5952563,94.92306,0,F17__142,142,Wandsbek,Wohldorf-Ohlstedt,523,5,23638.14385,17277651.41890
1168,577645.00000,5953563,222.88883,0,F17__142,142,Wandsbek,Wohldorf-Ohlstedt,523,5,23638.14385,17277651.41890
1169,577645.00000,5954563,116.15416,0,F17__142,142,Wandsbek,Wohldorf-Ohlstedt,523,5,23638.14385,17277651.41890
1171,578645.00000,5917563,31.54540,4,F17__154,154,Bergedorf,Kirchwerder,607,6,32767.41292,32296670.14606
1172,578645.00000,5918563,54.50044,0,F17__154,154,Bergedorf,Kirchwerder,607,6,32767.41292,32296670.14606
1173,578645.00000,5919563,24.32025,0,F17__154,154,Bergedorf,Kirchwerder,607,6,32767.41292,32296670.14606
1174,578645.00000,5920563,19.49139,0,F17__154,154,Bergedorf,Kirchwerder,607,6,32767.41292,32296670.14606
1175,578645.00000,5921563,9.75211,0,F17__154,154,Bergedorf,Kirchwerder,607,6,32767.41292,32296670.14606
1176,578645.00000,5922563,48.03394,0,F17__155,155,Bergedorf,Neuengamme,606,6,27475.32501,18608510.23447
1177,578645.00000,5923563,23.90024,0,F17__155,155,Bergedorf,Neuengamme,606,6,27475.32501,18608510.23447
1178,578645.00000,5924563,6.47578,0,F17__155,155,Bergedorf,Neuengamme,606,6,27475.32501,18608510.23447
1179,578645.00000,5925563,42.21053,0,F17__162,162,Bergedorf,Bergedorf,602,6,16698.71798,5161664.52952
1180,578645.00000,5926563,29.74223,0,F17__162,162,Bergedorf,Bergedorf,602,6,16698.71798,5161664.52952
1181,578645.00000,5927563,55.22200,1,F17__162,162,Bergedorf,Bergedorf,602,6,16698.71798,5161664.52952
1182,578645.00000,5928563,49.21302,0,F17__151,151,Bergedorf,Lohbrügge,601,6,21815.21793,13038704.46588
1183,578645.00000,5929563,116.00199,1,F17__151,151,Bergedorf,Lohbrügge,601,6,21815.21793,13038704.46588
1192,578645.00000,5938563,197.69598,0,F17__148,148,Wandsbek,Rahlstedt,526,5,26420.18242,26548334.65418
1193,578645.00000,5939563,262.85603,0,F17__148,148,Wandsbek,Rahlstedt,526,5,26420.18242,26548334.65418
1194,578645.00000,5940563,138.05752,1,F17__148,148,Wandsbek,Rahlstedt,526,5,26420.18242,26548334.65418
1195,578645.00000,5941563,97.54058,0,F17__148,148,Wandsbek,Rahlstedt,526,5,26420.18242,26548334.65418
1196,578645.00000,5942563,55.89057,0,F17__148,148,Wandsbek,Rahlstedt,526,5,26420.18242,26548334.65418
1197,578645.00000,5943563,264.36587,0,F17__148,148,Wandsbek,Rahlstedt,526,5,26420.18242,26548334.65418
1198,578645.00000,5944563,120.65652,1,F17__145,145,Wandsbek,Volksdorf,525,5,18775.51272,11567928.79128
1199,578645.00000,5945563,226.42175,1,F17__145,145,Wandsbek,Volksdorf,525,5,18775.51272,11567928.79128
1210,579645.00000,5917563,10.00337,0,F17__154,154,Bergedorf,Kirchwerder,607,6,32767.41292,32296670.14606
1211,579645.00000,5918563,17.65852,0,F17__154,154,Bergedorf,Kirchwerder,607,6,32767.41292,32296670.14606
1212,579645.00000,5919563,9.43013,0,F17__154,154,Bergedorf,Kirchwerder,607,6,32767.41292,32296670.14606
1213,579645.00000,5920563,34.82968,0,F17__154,154,Bergedorf,Kirchwerder,607,6,32767.41292,32296670.14606
1214,579645.00000,5921563,19.05780,0,F17__154,154,Bergedorf,Kirchwerder,607,6,32767.41292,32296670.14606
1215,579645.00000,5922563,32.46728,0,F17__155,155,Bergedorf,Neuengamme,606,6,27475.32501,18608510.23447
1216,579645.00000,5923563,52.15597,0,F17__155,155,Bergedorf,Neuengamme,606,6,27475.32501,18608510.23447
1217,579645.00000,5924563,1.61396,1,F17__155,155,Bergedorf,Neuengamme,606,6,27475.32501,18608510.23447
1218,579645.00000,5925563,41.56720,0,F17__152,152,Bergedorf,Curslack,604,6,17101.79864,10568284.88330
1219,579645.00000,5926563,31.30630,3,F17__162,162,Bergedorf,Bergedorf,602,6,16698.71798,5161664.52952
1220,579645.00000,5927563,7.15013,3,F17__151,151,Bergedorf,Lohbrügge,601,6,21815.21793,13038704.46588
1221,579645.00000,5928563,69.96768,9,F17__151,151,Bergedorf,Lohbrügge,601,6,21815.21793,13038704.46588
1222,579645.00000,5929563,119.92639,0,F17__151,151,Bergedorf,Lohbrügge,601,6,21815.21793,13038704.46588
1235,579645.00000,5942563,159.84571,0,F17__148,148,Wandsbek,Rahlstedt,526,5,26420.18242,26548334.65418
1236,579645.00000,5943563,129.84475,0,F17__148,148,Wandsbek,Rahlstedt,526,5,26420.18242,26548334.65418
1249,580645.00000,5917563,8.80241,1,F17__154,154,Bergedorf,Kirchwerder,607,6,32767.41292,32296670.14606
1250,580645.00000,5918563,6.51091,1,F17__154,154,Bergedorf,Kirchwerder,607,6,32767.41292,32296670.14606
1251,580645.00000,5919563,11.78372,0,F17__155,155,Bergedorf,Neuengamme,606,6,27475.32501,18608510.23447
1252,580645.00000,5920563,18.13929,0,F17__155,155,Bergedorf,Neuengamme,606,6,27475.32501,18608510.23447
1253,580645.00000,5921563,9.64820,0,F17__155,155,Bergedorf,Neuengamme,606,6,27475.32501,18608510.23447
1254,580645.00000,5922563,16.81752,0,F17__155,155,Bergedorf,Neuengamme,606,6,27475.32501,18608510.23447
1255,580645.00000,5923563,12.64509,0,F17__155,155,Bergedorf,Neuengamme,606,6,27475.32501,18608510.23447
1256,580645.00000,5924563,9.68652,0,F17__152,152,Bergedorf,Curslack,604,6,17101.79864,10568284.88330
1257,580645.00000,5925563,42.53662,0,F17__152,152,Bergedorf,Curslack,604,6,17101.79864,10568284.88330
1258,580645.00000,5926563,16.51588,3,F17__159,159,Bergedorf,Bergedorf,603,6,13929.56606,5187204.07045
1259,580645.00000,5927563,179.51897,11,F17__162,162,Bergedorf,Bergedorf,602,6,16698.71798,5161664.52952
1260,580645.00000,5928563,153.32133,0,F17__151,151,Bergedorf,Lohbrügge,601,6,21815.21793,13038704.46588
1261,580645.00000,5929563,156.09767,0,F17__151,151,Bergedorf,Lohbrügge,601,6,21815.21793,13038704.46588
1288,581645.00000,5917563,28.38252,0,F17__154,154,Bergedorf,Kirchwerder,607,6,32767.41292,32296670.14606
1289,581645.00000,5918563,55.41168,0,F17__154,154,Bergedorf,Kirchwerder,607,6,32767.41292,32296670.14606
1290,581645.00000,5919563,40.69630,0,F17__155,155,Bergedorf,Neuengamme,606,6,27475.32501,18608510.23447
1291,581645.00000,5920563,2.02689,0,F17__155,155,Bergedorf,Neuengamme,606,6,27475.32501,18608510.23447
1292,581645.00000,5921563,38.17343,0,F17__155,155,Bergedorf,Neuengamme,606,6,27475.32501,18608510.23447
1293,581645.00000,5922563,16.51730,0,F17__155,155,Bergedorf,Neuengamme,606,6,27475.32501,18608510.23447
1294,581645.00000,5923563,23.94435,0,F17__152,152,Bergedorf,Curslack,604,6,17101.79864,10568284.88330
1295,581645.00000,5924563,1.77084,0,F17__152,152,Bergedorf,Curslack,604,6,17101.79864,10568284.88330
1296,581645.00000,5925563,19.67443,1,F17__159,159,Bergedorf,Bergedorf,603,6,13929.56606,5187204.07045
1297,581645.00000,5926563,111.51051,0,F17__159,159,Bergedorf,Bergedorf,603,6,13929.56606,5187204.07045
1298,581645.00000,5927563,88.14823,2,F17__162,162,Bergedorf,Bergedorf,602,6,16698.71798,5161664.52952
1327,582645.00000,5917563,8.69001,0,F17__154,154,Bergedorf,Kirchwerder,607,6,32767.41292,32296670.14606
1328,582645.00000,5918563,35.00241,0,F17__155,155,Bergedorf,Neuengamme,606,6,27475.32501,18608510.23447
1329,582645.00000,5919563,31.73502,0,F17__155,155,Bergedorf,Neuengamme,606,6,27475.32501,18608510.23447
1330,582645.00000,5920563,22.18229,0,F17__155,155,Bergedorf,Neuengamme,606,6,27475.32501,18608510.23447
1331,582645.00000,5921563,24.09832,0,F17__152,152,Bergedorf,Curslack,604,6,17101.79864,10568284.88330
1332,582645.00000,5922563,32.18573,0,F17__152,152,Bergedorf,Curslack,604,6,17101.79864,10568284.88330
1333,582645.00000,5923563,112.38233,0,F17__152,152,Bergedorf,Curslack,604,6,17101.79864,10568284.88330
1334,582645.00000,5924563,6.16065,0,F17__152,152,Bergedorf,Curslack,604,6,17101.79864,10568284.88330
1335,582645.00000,5925563,54.96455,0,F17__152,152,Bergedorf,Curslack,604,6,17101.79864,10568284.88330
1368,583645.00000,5919563,6.98169,0,F17__157,157,Bergedorf,Altengamme,605,6,21822.06901,15605402.11712
1369,583645.00000,5920563,2.16541,0,F17__157,157,Bergedorf,Altengamme,605,6,21822.06901,15605402.11712
1370,583645.00000,5921563,19.92712,0,F17__157,157,Bergedorf,Altengamme,605,6,21822.06901,15605402.11712
1371,583645.00000,5922563,33.92604,0,F17__157,157,Bergedorf,Altengamme,605,6,21822.06901,15605402.11712
1372,583645.00000,5923563,23.95648,0,F17__157,157,Bergedorf,Altengamme,605,6,21822.06901,15605402.11712
1373,583645.00000,5924563,69.77553,0,F17__157,157,Bergedorf,Altengamme,605,6,21822.06901,15605402.11712
1374,583645.00000,5925563,79.20028,0,F17__159,159,Bergedorf,Bergedorf,603,6,13929.56606,5187204.07045
1408,584645.00000,5920563,31.58511,0,F17__157,157,Bergedorf,Altengamme,605,6,21822.06901,15605402.11712
1409,584645.00000,5921563,24.05852,0,F17__157,157,Bergedorf,Altengamme,605,6,21822.06901,15605402.11712
1410,584645.00000,5922563,33.13611,0,F17__157,157,Bergedorf,Altengamme,605,6,21822.06901,15605402.11712
1411,584645.00000,5923563,24.62181,0,F17__157,157,Bergedorf,Altengamme,605,6,21822.06901,15605402.11712
1447,585645.00000,5920563,2.30637,1,F17__157,157,Bergedorf,Altengamme,605,6,21822.06901,15605402.11712
1448,585645.00000,5921563,20.06900,0,F17__157,157,Bergedorf,Altengamme,605,6,21822.06901,15605402.11712
1449,585645.00000,5922563,29.92689,0,F17__157,157,Bergedorf,Altengamme,605,6,21822.06901,15605402.11712
1450,585645.00000,5923563,98.40172,0,F17__157,157,Bergedorf,Altengamme,605,6,21822.06901,15605402.11712
1487,586645.00000,5921563,23.02993,0,F17__157,157,Bergedorf,Altengamme,605,6,21822.06901,15605402.11712
