,x,y,distance_to_water,restaurant_density
0,548645.0,5916563,8985.93072035468,0
1,548645.0,5917563,8171.34765786947,0
2,548645.0,5918563,7402.357339423961,0
3,548645.0,5919563,6693.583639145595,0
4,548645.0,5920563,6065.9726564921175,0
5,548645.0,5921563,5486.794922151702,0
6,548645.0,5922563,4965.527400704871,0
7,548645.0,5923563,4605.215110779522,0
8,548645.0,5924563,4305.013179243492,0
9,548645.0,5925563,3728.1598375652156,0
10,548645.0,5926563,3245.9689642682424,0
11,548645.0,5927563,2679.843529952988,0
12,548645.0,5928563,2413.8782432154976,0
13,548645.0,5929563,2202.6978806626767,0
14,548645.0,5930563,2362.354103515702,0
15,548645.0,5931563,2332.6415143758536,0
16,548645.0,5932563,1950.9534203654262,0
17,548645.0,5933563,957.7031511746303,0
18,548645.0,5934563,7.793091419479405,0
19,548645.0,5935563,35.85433971560655,0
20,548645.0,5936563,103.2354135063042,0
21,548645.0,5937563,110.15966535358508,0
22,548645.0,5938563,617.2824068069497,0
23,548645.0,5939563,737.9388075470741,0
24,548645.0,5940563,1218.4622006973837,0
25,548645.0,5941563,1440.4764577939643,0
26,548645.0,5942563,1735.8168572414152,0
27,548645.0,5943563,2270.3759277988306,0
28,548645.0,5944563,2959.437594082439,0
29,548645.0,5945563,3651.2137544268785,0
30,548645.0,5946563,4461.440674015916,0
31,548645.0,5947563,5336.435504623958,0
32,548645.0,5948563,6249.05072009011,0
33,548645.0,5949563,7184.96526849687,0
34,548645.0,5950563,8136.142631293645,0
35,548645.0,5951563,9097.796871990571,0
36,548645.0,5952563,10066.925992141245,0
37,548645.0,5953563,11041.561933825149,0
38,548645.0,5954563,12020.365258416407,0
39,549645.0,5916563,8454.022477563914,0
40,549645.0,5917563,7604.986140005106,0
41,549645.0,5918563,6771.985368001372,0
42,549645.0,5919563,5990.305289313691,0
43,549645.0,5920563,5281.374672854416,0
44,549645.0,5921563,4678.127912973366,0
45,549645.0,5922563,4096.027005810478,0
46,549645.0,5923563,3650.887711465518,0
47,549645.0,5924563,3446.813736065688,0
48,549645.0,5925563,2896.2626360572895,0
49,549645.0,5926563,2398.827746628684,0
50,549645.0,5927563,1834.89958472741,0
51,549645.0,5928563,1418.4862756019415,0
52,549645.0,5929563,1205.4898915449476,0
53,549645.0,5930563,1472.214682927288,0
54,549645.0,5931563,1409.0834615858569,0
55,549645.0,5932563,1214.7708428714159,0
56,549645.0,5933563,836.7506780418958,0
57,549645.0,5934563,3.1614740255244667,0
58,549645.0,5935563,43.37800025933877,0
59,549645.0,5936563,51.669875725801,0
60,549645.0,5937563,64.36430367839492,1
61,549645.0,5938563,19.259952190523087,0
62,549645.0,5939563,113.46074649758748,0
63,549645.0,5940563,264.82902936852435,0
64,549645.0,5941563,524.0403924388169,0
65,549645.0,5942563,857.0159578534675,0
66,549645.0,5943563,1570.5039231384776,0
67,549645.0,5944563,2244.899458737722,0
68,549645.0,5945563,3100.4297423241965,0
69,549645.0,5946563,4023.15244482931,0
70,549645.0,5947563,4975.82622300896,0
71,549645.0,5948563,5944.06742970091,0
72,549645.0,5949563,6921.345867393044,0
73,549645.0,5950563,7904.310192757261,0
74,549645.0,5951563,8891.07477364654,0
75,549645.0,5952563,9880.501082324796,0
76,549645.0,5953563,10871.862427618786,0
77,549645.0,5954563,11864.673769316903,0
78,550645.0,5916563,7657.067040993724,0
79,550645.0,5917563,7052.487156489949,0
80,550645.0,5918563,6238.964454805426,0
81,550645.0,5919563,5380.3948835638885,0
82,550645.0,5920563,4579.587398209077,0
83,550645.0,5921563,3870.629785435257,0
84,550645.0,5922563,3301.2743141863616,0
85,550645.0,5923563,2729.460742877209,0
86,550645.0,5924563,2449.79586829372,0
87,550645.0,5925563,2208.505997186501,0
88,550645.0,5926563,1497.8437971240103,0
89,550645.0,5927563,1216.46698936026,0
90,550645.0,5928563,444.29545920816884,0
91,550645.0,5929563,233.524739071157,0
92,550645.0,5930563,506.65930175795995,0
93,550645.0,5931563,413.29328898097435,0
94,550645.0,5932563,298.04582081438514,0
95,550645.0,5933563,589.5619569409191,0
96,550645.0,5934563,7.938212379854803,0
97,550645.0,5935563,116.76661910051195,1
98,550645.0,5936563,227.8808403923347,0
99,550645.0,5937563,31.809221400126734,2
100,550645.0,5938563,72.57596196770297,0
101,550645.0,5939563,132.85174457564884,1
102,550645.0,5940563,25.146478232545416,0
103,550645.0,5941563,244.2461670955542,0
104,550645.0,5942563,219.91123503924197,0
105,550645.0,5943563,864.7457887528619,0
106,550645.0,5944563,1822.3271622882035,0
107,550645.0,5945563,2809.620489258459,0
108,550645.0,5946563,3803.5586364493597,0
109,550645.0,5947563,4800.015552907727,0
110,550645.0,5948563,5797.69267169308,0
111,550645.0,5949563,6796.052628007763,0
112,550645.0,5950563,7794.833053369314,0
113,550645.0,5951563,8793.890682578807,0
114,550645.0,5952563,9793.140678270374,0
115,550645.0,5953563,10792.529608559871,0
116,550645.0,5954563,11792.02214884661,0
117,551645.0,5916563,6879.466946257824,0
118,551645.0,5917563,6254.555495562762,0
119,551645.0,5918563,5650.775982979161,0
120,551645.0,5919563,4900.3612873931415,0
121,551645.0,5920563,4004.6863025381,0
122,551645.0,5921563,3171.9842396347417,0
123,551645.0,5922563,2463.8651417496626,0
124,551645.0,5923563,1889.6906657137527,0
125,551645.0,5924563,1456.8715322521962,0
126,551645.0,5925563,1350.3293060115425,0
127,551645.0,5926563,855.9775249211259,0
128,551645.0,5927563,285.02015598079845,0
129,551645.0,5928563,135.28397879554615,0
130,551645.0,5929563,56.877204574708884,0
131,551645.0,5930563,23.621725597472224,0
132,551645.0,5931563,219.9920957357973,0
133,551645.0,5932563,46.64887441870005,0
134,551645.0,5933563,5.258261245636149,0
135,551645.0,5934563,3.127402616841043,0
136,551645.0,5935563,487.2125603806063,1
137,551645.0,5936563,726.2614470829899,0
138,551645.0,5937563,80.70947045720685,0
139,551645.0,5938563,55.98230087482859,0
140,551645.0,5939563,249.55934533835023,0
141,551645.0,5940563,142.99547904310836,0
142,551645.0,5941563,731.7892469279898,0
143,551645.0,5942563,673.6929910547054,0
144,551645.0,5943563,1014.4397398260131,0
145,551645.0,5944563,1897.9407243077526,0
146,551645.0,5945563,2859.242906825757,0
147,551645.0,5946563,3840.359489355257,0
148,551645.0,5947563,4829.228925483709,0
149,551645.0,5948563,5821.902010681398,0
150,551645.0,5949563,6816.717247269662,0
151,551645.0,5950563,7812.856394205082,0
152,551645.0,5951563,8809.870376101955,0
153,551645.0,5952563,9807.492393622662,0
154,551645.0,5953563,10805.554037540784,0
155,551645.0,5954563,11803.943792879627,0
156,552645.0,5916563,6101.421228906112,0
157,552645.0,5917563,5468.558195313323,0
158,552645.0,5918563,4854.832891820222,0
159,552645.0,5919563,4248.74408304928,0
160,552645.0,5920563,3531.082933432777,0
161,552645.0,5921563,2669.527235371851,0
162,552645.0,5922563,1774.9217715569857,0
163,552645.0,5923563,1076.7952161667447,0
164,552645.0,5924563,493.4060464412052,0
165,552645.0,5925563,363.7746068460045,0
166,552645.0,5926563,457.95990687714976,0
167,552645.0,5927563,156.42369389741086,0
168,552645.0,5928563,44.07526141930341,0
169,552645.0,5929563,298.72037652180325,0
170,552645.0,5930563,394.6785989590482,0
171,552645.0,5931563,306.35114950051326,0
172,552645.0,5932563,7.881493042399872,0
173,552645.0,5933563,9.122308235630545,0
174,552645.0,5934563,8.083801293099555,1
175,552645.0,5935563,745.5165635654944,1
176,552645.0,5936563,15.008850604556503,0
177,552645.0,5937563,44.58429262967085,1
178,552645.0,5938563,228.76093504702024,0
179,552645.0,5939563,308.07792542759563,0
180,552645.0,5940563,149.8766460772434,0
181,552645.0,5941563,1130.084756875769,0
182,552645.0,5942563,1654.4786747078856,0
183,552645.0,5943563,1819.4479086554604,0
184,552645.0,5944563,2425.5889387029897,0
185,552645.0,5945563,3233.6624293215677,0
186,552645.0,5946563,4126.701311465785,0
187,552645.0,5947563,5059.916473747467,0
188,552645.0,5948563,6014.6359597691835,0
189,552645.0,5949563,6982.04387953815,0
190,552645.0,5950563,7957.513917238455,0
191,552645.0,5951563,8938.406947006344,0
192,552645.0,5952563,9923.114922116887,0
193,552645.0,5953563,10910.604967864358,0
194,552645.0,5954563,11900.184526806042,0
195,553645.0,5916563,5386.187891698065,0
196,553645.0,5917563,4690.163059759324,0
197,553645.0,5918563,4059.949754172219,0
198,553645.0,5919563,3454.3434266531644,0
199,553645.0,5920563,2849.1042610184804,0
200,553645.0,5921563,2136.73190417914,0
201,553645.0,5922563,1373.8979376507887,0
202,553645.0,5923563,485.0153252409316,0
203,553645.0,5924563,122.20964076526302,0
204,553645.0,5925563,17.707418956581684,0
205,553645.0,5926563,477.27298667446576,0
206,553645.0,5927563,151.80867622310657,0
207,553645.0,5928563,706.292912921016,0
208,553645.0,5929563,360.0808781320642,0
209,553645.0,5930563,91.95734401044291,2
210,553645.0,5931563,26.20800705566606,0
211,553645.0,5932563,2.5270835194229573,0
212,553645.0,5933563,5.2425877276965425,0
213,553645.0,5934563,116.76168893976791,11
214,553645.0,5935563,704.0719275454086,7
215,553645.0,5936563,110.92771245993501,3
216,553645.0,5937563,122.07677381289689,0
217,553645.0,5938563,272.16331634764236,0
218,553645.0,5939563,979.5829308205575,0
219,553645.0,5940563,954.7242527465247,0
220,553645.0,5941563,1479.8501475587104,0
221,553645.0,5942563,2338.464136923349,0
222,553645.0,5943563,2755.30277807779,0
223,553645.0,5944563,3188.225902619003,0
224,553645.0,5945563,3838.9940626912053,0
225,553645.0,5946563,4616.3802292083665,0
226,553645.0,5947563,5466.6312686949595,0
227,553645.0,5948563,6360.593402751116,0
228,553645.0,5949563,7282.1864465535755,0
229,553645.0,5950563,8222.124448682114,0
230,553645.0,5951563,9019.201072567035,0
231,553645.0,5952563,9742.978407258717,0
232,553645.0,5953563,10512.148614875307,0
233,553645.0,5954563,11317.460349307174,0
234,554645.0,5916563,4752.612074855846,0
235,554645.0,5917563,3972.5780417136716,0
236,554645.0,5918563,3281.450600224802,0
237,554645.0,5919563,2657.30225553617,0
238,554645.0,5920563,2056.974251047966,0
239,554645.0,5921563,1445.0508250317564,0
240,554645.0,5922563,733.0033890838491,0
241,554645.0,5923563,251.13999872345315,0
242,554645.0,5924563,29.24231211108284,0
243,554645.0,5925563,10.737502949781273,0
244,554645.0,5926563,374.2831024320304,0
245,554645.0,5927563,32.961286656422615,0
246,554645.0,5928563,154.72058564725717,0
247,554645.0,5929563,220.88026279686258,1
248,554645.0,5930563,222.37762661435755,0
249,554645.0,5931563,239.446856842419,0
250,554645.0,5932563,454.93919594006917,0
251,554645.0,5933563,9.251963075269188,0
252,554645.0,5934563,45.71665181355959,2
253,554645.0,5935563,255.3352386419974,0
254,554645.0,5936563,234.83551991780746,4
255,554645.0,5937563,105.05379760491994,0
256,554645.0,5938563,799.7949790974626,0
257,554645.0,5939563,1245.6752804509479,0
258,554645.0,5940563,1940.9523567830402,0
259,554645.0,5941563,2253.6618754756855,0
260,554645.0,5942563,2890.925441691589,0
261,554645.0,5943563,3692.683031329231,0
262,554645.0,5944563,4055.377554889707,0
263,554645.0,5945563,4584.66772186936,0
264,554645.0,5946563,5252.834389850717,0
265,554645.0,5947563,5839.836985574267,0
266,554645.0,5948563,6345.037720081884,0
267,554645.0,5949563,6946.839226840593,0
268,554645.0,5950563,7605.144015762387,0
269,554645.0,5951563,8331.73785937854,0
270,554645.0,5952563,9110.296154040052,0
271,554645.0,5953563,9928.601929336888,0
272,554645.0,5954563,10777.605324382008,0
273,555645.0,5916563,4261.880226315179,0
274,555645.0,5917563,3370.1154026081012,0
275,555645.0,5918563,2559.6352455645724,0
276,555645.0,5919563,1881.0121095571083,0
277,555645.0,5920563,1257.6569114311994,0
278,555645.0,5921563,651.7953565596797,0
279,555645.0,5922563,116.19070264559441,0
280,555645.0,5923563,210.917586144626,0
281,555645.0,5924563,143.30856714123718,0
282,555645.0,5925563,203.00469425619647,0
283,555645.0,5926563,298.3467540875693,0
284,555645.0,5927563,40.860982111290255,0
285,555645.0,5928563,375.34524428140946,0
286,555645.0,5929563,153.66049184309168,0
287,555645.0,5930563,238.71932713036145,0
288,555645.0,5931563,118.88093703965122,0
289,555645.0,5932563,192.2028786713895,0
290,555645.0,5933563,5.231617960008491,4
291,555645.0,5934563,80.76326562084695,2
292,555645.0,5935563,156.19653211485078,0
293,555645.0,5936563,91.73293675968488,1
294,555645.0,5937563,54.537685070113255,0
295,555645.0,5938563,16.275309399143197,0
296,555645.0,5939563,661.5089500607723,0
297,555645.0,5940563,1431.4863098649905,0
298,555645.0,5941563,1959.5305332364921,0
299,555645.0,5942563,2506.281821601048,0
300,555645.0,5943563,3181.1880664296527,0
301,555645.0,5944563,3792.7567336137845,0
302,555645.0,5945563,4236.34098646297,0
303,555645.0,5946563,4524.134330775819,0
304,555645.0,5947563,4962.217155071424,0
305,555645.0,5948563,5545.340634863048,0
306,555645.0,5949563,6191.158454891827,0
307,555645.0,5950563,6921.711007438392,0
308,555645.0,5951563,7712.9581567261885,0
309,555645.0,5952563,8548.061989967333,0
310,555645.0,5953563,9415.360005928584,0
311,555645.0,5954563,10306.72810828707,0
312,556645.0,5916563,3967.357381538379,0
313,556645.0,5917563,2988.9763057420014,0
314,556645.0,5918563,2031.756412498099,0
315,556645.0,5919563,1149.8212396573601,0
316,556645.0,5920563,555.4233258382757,0
317,556645.0,5921563,10.979876222112248,0
318,556645.0,5922563,144.5714739792193,0
319,556645.0,5923563,233.50323986136232,0
320,556645.0,5924563,125.30443451581343,3
321,556645.0,5925563,395.1610416341092,4
322,556645.0,5926563,165.04245032308185,0
323,556645.0,5927563,26.35250996937293,0
324,556645.0,5928563,299.22658123408746,0
325,556645.0,5929563,345.95747312214155,0
326,556645.0,5930563,155.9515072668499,0
327,556645.0,5931563,203.23388301674433,0
328,556645.0,5932563,8.181212906276178,0
329,556645.0,5933563,9.38247406531322,2
330,556645.0,5934563,360.0486676567445,1
331,556645.0,5935563,205.27181756792024,0
332,556645.0,5936563,190.8594357550805,2
333,556645.0,5937563,128.62707299427257,1
334,556645.0,5938563,50.02958702833062,0
335,556645.0,5939563,107.6504901948181,0
336,556645.0,5940563,545.4425210013089,0
337,556645.0,5941563,1104.3396866855398,0
338,556645.0,5942563,1766.985008985271,0
339,556645.0,5943563,2435.5383208711164,0
340,556645.0,5944563,2967.5063911015995,0
341,556645.0,5945563,3291.1832017874053,0
342,556645.0,5946563,3603.8444082546584,0
343,556645.0,5947563,4140.471249760001,0
344,556645.0,5948563,4777.307874386019,0
345,556645.0,5949563,5513.829049180425,0
346,556645.0,5950563,6323.128263802748,0
347,556645.0,5951563,7180.640033967473,0
348,556645.0,5952563,8071.011804868806,0
349,556645.0,5953563,8974.069478364903,0
350,556645.0,5954563,9889.058107960187,0
351,557645.0,5916563,3534.823056934633,0
352,557645.0,5917563,2917.238571950851,0
353,557645.0,5918563,1924.6650745306008,0
354,557645.0,5919563,947.8345913491054,0
355,557645.0,5920563,304.0479830519658,0
356,557645.0,5921563,259.14596083139145,0
357,557645.0,5922563,35.8565549579418,1
358,557645.0,5923563,17.948981941499834,0
359,557645.0,5924563,176.88237494538987,1
360,557645.0,5925563,276.00360277432213,1
361,557645.0,5926563,31.265354347278503,0
362,557645.0,5927563,330.12602858354944,0
363,557645.0,5928563,225.47153172298619,0
364,557645.0,5929563,445.78994612474975,0
365,557645.0,5930563,95.45032435163023,0
366,557645.0,5931563,223.96482936181437,0
367,557645.0,5932563,13.517358597143325,1
368,557645.0,5933563,108.01972755305783,1
369,557645.0,5934563,280.9634321425612,2
370,557645.0,5935563,258.7313177725735,2
371,557645.0,5936563,311.85915928259584,0
372,557645.0,5937563,320.2237902746682,1
373,557645.0,5938563,31.993116557344273,9
374,557645.0,5939563,65.34462352004053,2
375,557645.0,5940563,80.27876989914611,0
376,557645.0,5941563,352.8661643781124,0
377,557645.0,5942563,1109.314546094422,0
378,557645.0,5943563,1581.110808032074,0
379,557645.0,5944563,2007.499125300915,0
380,557645.0,5945563,2313.3935989648626,0
381,557645.0,5946563,2739.9995611153618,0
382,557645.0,5947563,3363.762482661754,0
383,557645.0,5948563,4110.2966190626685,0
384,557645.0,5949563,4947.138420702745,0
385,557645.0,5950563,5835.5649949690805,0
386,557645.0,5951563,6739.038751435424,0
387,557645.0,5952563,7659.907999019368,0
388,557645.0,5953563,8598.472993126947,0
389,557645.0,5954563,9549.517530934536,0
390,558645.0,5916563,2866.1496948725744,0
391,558645.0,5917563,2124.5636977925446,0
392,558645.0,5918563,1668.5207758424724,0
393,558645.0,5919563,1573.1153619327042,0
394,558645.0,5920563,1291.799793075036,0
395,558645.0,5921563,644.5342581711578,0
396,558645.0,5922563,43.19751426691699,0
397,558645.0,5923563,572.0670195583969,0
398,558645.0,5924563,200.68144097328204,0
399,558645.0,5925563,395.6511433277774,1
400,558645.0,5926563,17.20771307914242,0
401,558645.0,5927563,125.24235612675824,0
402,558645.0,5928563,16.741565155932957,0
403,558645.0,5929563,24.78937321800583,0
404,558645.0,5930563,135.97482644315602,1
405,558645.0,5931563,98.67359039834356,0
406,558645.0,5932563,8.331502211458078,0
407,558645.0,5933563,294.29195156605556,0
408,558645.0,5934563,163.31414001012868,9
409,558645.0,5935563,238.79334979052794,2
410,558645.0,5936563,116.17725609470953,3
411,558645.0,5937563,429.30992846258005,1
412,558645.0,5938563,176.40372647953592,0
413,558645.0,5939563,21.044728843788217,0
414,558645.0,5940563,133.81107167063308,0
415,558645.0,5941563,157.35364973583367,0
416,558645.0,5942563,216.22825748460596,0
417,558645.0,5943563,851.1942771703518,0
418,558645.0,5944563,1119.8264575098397,0
419,558645.0,5945563,1368.0983223933888,0
420,558645.0,5946563,1951.1856787232916,0
421,558645.0,5947563,2717.860520661447,0
422,558645.0,5948563,3600.889621563726,0
423,558645.0,5949563,4505.0375785531605,0
424,558645.0,5950563,5436.442848432115,0
425,558645.0,5951563,6388.619420842133,0
426,558645.0,5952563,7353.502931559478,0
427,558645.0,5953563,8326.677165865529,0
428,558645.0,5954563,9305.54135365799,0
429,559645.0,5916563,2436.114550467527,0
430,559645.0,5917563,1494.526993921281,0
431,559645.0,5918563,729.7724084392065,0
432,559645.0,5919563,788.0322242838582,0
433,559645.0,5920563,1107.0853823338862,0
434,559645.0,5921563,1294.504038717133,0
435,559645.0,5922563,605.4350239714653,0
436,559645.0,5923563,68.43177957053913,0
437,559645.0,5924563,338.9867698492556,0
438,559645.0,5925563,17.665757032843093,0
439,559645.0,5926563,80.88357849307306,0
440,559645.0,5927563,59.24460561712286,0
441,559645.0,5928563,72.77291177291495,0
442,559645.0,5929563,211.59608249360636,0
443,559645.0,5930563,1.906896777978558,0
444,559645.0,5931563,5.80511723533936,0
445,559645.0,5932563,2.4880733971810898,0
446,559645.0,5933563,182.18998722454003,2
447,559645.0,5934563,91.79201870366148,2
448,559645.0,5935563,120.08511286812261,3
449,559645.0,5936563,292.689734959967,0
450,559645.0,5937563,412.3502979036784,1
451,559645.0,5938563,154.5987377891727,4
452,559645.0,5939563,83.50337605865309,0
453,559645.0,5940563,99.75684658262661,14
454,559645.0,5941563,142.04376063170824,1
455,559645.0,5942563,110.97262644209471,0
456,559645.0,5943563,63.74945160698914,0
457,559645.0,5944563,312.66646375361296,1
458,559645.0,5945563,547.1316714895748,0
459,559645.0,5946563,1370.7637735445949,0
460,559645.0,5947563,2275.1008494139155,0
461,559645.0,5948563,3230.4227486656437,0
462,559645.0,5949563,4206.5637276985435,0
463,559645.0,5950563,5191.794069036409,0
464,559645.0,5951563,6181.769400048355,0
465,559645.0,5952563,7174.525780528409,0
466,559645.0,5953563,8095.241231677722,0
467,559645.0,5954563,8774.895704039596,0
468,560645.0,5916563,2186.825199126075,0
469,560645.0,5917563,1197.1898682290332,0
470,560645.0,5918563,233.8797445888839,0
471,560645.0,5919563,32.96903897659115,0
472,560645.0,5920563,131.927781416618,0
473,560645.0,5921563,423.65658884886716,0
474,560645.0,5922563,28.709577040041804,0
475,560645.0,5923563,40.9501651646804,0
476,560645.0,5924563,454.8995890249869,0
477,560645.0,5925563,25.3456814780924,0
478,560645.0,5926563,225.8946959512744,0
479,560645.0,5927563,149.6129392772432,0
480,560645.0,5928563,85.72655061356342,0
481,560645.0,5929563,62.47230727139369,0
482,560645.0,5930563,60.97110947177871,0
483,560645.0,5931563,9.79727042000705,0
484,560645.0,5932563,42.32771774829575,0
485,560645.0,5933563,316.8683778224051,10
486,560645.0,5934563,336.2289604043079,8
487,560645.0,5935563,123.19588573006655,12
488,560645.0,5936563,382.5698455938526,1
489,560645.0,5937563,316.93359198032374,1
490,560645.0,5938563,145.8823297257477,4
491,560645.0,5939563,107.74549057470566,3
492,560645.0,5940563,133.09726781298835,0
493,560645.0,5941563,56.240718454836696,0
494,560645.0,5942563,72.09937659641743,0
495,560645.0,5943563,85.79819110610734,7
496,560645.0,5944563,125.77401230692378,0
497,560645.0,5945563,135.8312488462586,1
498,560645.0,5946563,1118.624869067977,0
499,560645.0,5947563,2116.3316276305395,0
500,560645.0,5948563,3115.5091908902004,0
501,560645.0,5949563,4115.08632703292,0
502,560645.0,5950563,5114.828779083936,0
503,560645.0,5951563,6088.248140083349,0
504,560645.0,5952563,6686.855318341972,0
505,560645.0,5953563,7360.699563639034,0
506,560645.0,5954563,8090.803397208833,0
507,561645.0,5916563,2295.610499586889,0
508,561645.0,5917563,1385.960567574352,0
509,561645.0,5918563,677.7532073592437,0
510,561645.0,5919563,17.524813826810103,0
511,561645.0,5920563,1.016855952849299,0
512,561645.0,5921563,23.298858912391882,0
513,561645.0,5922563,31.591601538103376,0
514,561645.0,5923563,141.34106551993432,0
515,561645.0,5924563,85.93767175863222,0
516,561645.0,5925563,40.131488162750756,0
517,561645.0,5926563,145.16795524062775,0
518,561645.0,5927563,156.42683577752655,0
519,561645.0,5928563,95.82956807826935,0
520,561645.0,5929563,30.308491322766365,0
521,561645.0,5930563,1.9158321021516214,0
522,561645.0,5931563,37.814804903108346,0
523,561645.0,5932563,2.494928165605163,0
524,561645.0,5933563,52.65942416700664,27
525,561645.0,5934563,336.1669489247756,59
526,561645.0,5935563,177.93472619196578,8
527,561645.0,5936563,208.56977090714426,0
528,561645.0,5937563,129.38834623021563,7
529,561645.0,5938563,42.235272466147045,2
530,561645.0,5939563,224.64673422677748,2
531,561645.0,5940563,286.2695235682363,0
532,561645.0,5941563,84.41662798601688,1
533,561645.0,5942563,131.6138284972699,2
534,561645.0,5943563,176.69040813982753,0
535,561645.0,5944563,106.44310864694266,0
536,561645.0,5945563,273.8155425826395,0
537,561645.0,5946563,1259.1420422433227,0
538,561645.0,5947563,2244.3354786506657,0
539,561645.0,5948563,3238.6177296673254,0
540,561645.0,5949563,4210.190301478715,0
541,561645.0,5950563,4703.164584597301,0
542,561645.0,5951563,5281.584752498213,0
543,561645.0,5952563,5946.511709863114,0
544,561645.0,5953563,6681.485143934356,0
545,561645.0,5954563,7470.2650773030055,0
546,562645.0,5916563,2782.367560725392,0
547,562645.0,5917563,1964.5675843547228,0
548,562645.0,5918563,970.6334210977109,0
549,562645.0,5919563,55.34700657435445,0
550,562645.0,5920563,24.288436893742023,0
551,562645.0,5921563,25.89783396282572,1
552,562645.0,5922563,17.642916384638426,1
553,562645.0,5923563,88.23758948385158,0
554,562645.0,5924563,50.92378346393521,0
555,562645.0,5925563,24.907372845259424,0
556,562645.0,5926563,400.0767662705768,0
557,562645.0,5927563,11.895166074430797,0
558,562645.0,5928563,7.847402395385725,0
559,562645.0,5929563,24.5800393386439,0
560,562645.0,5930563,159.21367544356423,0
561,562645.0,5931563,9.67075241132159,0
562,562645.0,5932563,109.68719280824449,0
563,562645.0,5933563,242.4141302379999,17
564,562645.0,5934563,360.08678647822575,15
565,562645.0,5935563,79.02935452130093,7
566,562645.0,5936563,103.80642624750064,15
567,562645.0,5937563,327.9854833320183,15
568,562645.0,5938563,196.43971841883732,4
569,562645.0,5939563,152.3177126912951,0
570,562645.0,5940563,83.74319423909596,0
571,562645.0,5941563,122.78644649368577,8
572,562645.0,5942563,40.10161151700044,3
573,562645.0,5943563,132.49823933503902,8
574,562645.0,5944563,67.35309297924712,0
575,562645.0,5945563,374.0199163334142,0
576,562645.0,5946563,1370.9768973736386,0
577,562645.0,5947563,2337.914521459061,0
578,562645.0,5948563,2981.701736707645,0
579,562645.0,5949563,3330.5589856783185,0
580,562645.0,5950563,3882.8135349517993,0
581,562645.0,5951563,4532.3398995356065,0
582,562645.0,5952563,5274.78794312577,0
583,562645.0,5953563,6076.35144166017,0
584,562645.0,5954563,6926.167047106255,0
585,563645.0,5916563,2545.379284858526,0
586,563645.0,5917563,1747.3060198174892,0
587,563645.0,5918563,1268.112596303022,0
588,563645.0,5919563,443.4092693972514,0
589,563645.0,5920563,33.01058293945386,0
590,563645.0,5921563,18.522363118820568,0
591,563645.0,5922563,15.59021016788293,3
592,563645.0,5923563,109.0651551097301,2
593,563645.0,5924563,200.12424233374588,5
594,563645.0,5925563,73.25986866206827,0
595,563645.0,5926563,0.8201941060369071,0
596,563645.0,5927563,6.976027582115952,0
597,563645.0,5928563,14.683260586992283,0
598,563645.0,5929563,49.763767373998974,0
599,563645.0,5930563,16.45686611134627,0
600,563645.0,5931563,124.19816040068636,0
601,563645.0,5932563,188.9476237668454,0
602,563645.0,5933563,65.2466573960135,87
603,563645.0,5934563,60.09736617354683,48
604,563645.0,5935563,81.75853241062309,72
605,563645.0,5936563,39.22759559147721,34
606,563645.0,5937563,19.69181960057711,11
607,563645.0,5938563,34.4231452453175,2
608,563645.0,5939563,113.07449788282794,4
609,563645.0,5940563,121.2402069949631,2
610,563645.0,5941563,97.51262679512755,0
611,563645.0,5942563,134.30702455823837,0
612,563645.0,5943563,64.39154750302532,0
613,563645.0,5944563,184.44383225381236,2
614,563645.0,5945563,609.7614604222359,0
615,563645.0,5946563,1552.728673904846,0
616,563645.0,5947563,1798.7931023617887,0
617,563645.0,5948563,2012.3501344190195,0
618,563645.0,5949563,2484.2995012516462,0
619,563645.0,5950563,3118.2059608540476,0
620,563645.0,5951563,3871.6263040359945,0
621,563645.0,5952563,4694.596187102611,0
622,563645.0,5953563,5575.748961513003,0
623,563645.0,5954563,6491.4343256069615,0
624,564645.0,5916563,2210.4438181089954,0
625,564645.0,5917563,1226.8299402897178,0
626,564645.0,5918563,333.5015617688975,0
627,564645.0,5919563,10.771325552494986,0
628,564645.0,5920563,29.76146126211309,0
629,564645.0,5921563,47.05416950859145,0
630,564645.0,5922563,24.42906033792606,0
631,564645.0,5923563,218.84765517103978,5
632,564645.0,5924563,99.80259603085115,2
633,564645.0,5925563,72.82157242122392,0
634,564645.0,5926563,187.6138867576496,0
635,564645.0,5927563,26.163011838846394,0
636,564645.0,5928563,7.692096886861259,0
637,564645.0,5929563,199.69431677663235,0
638,564645.0,5930563,7.813254863926324,0
639,564645.0,5931563,9.54516015386004,0
640,564645.0,5932563,15.927022392594083,1
641,564645.0,5933563,49.27068021392696,58
642,564645.0,5934563,200.46284568726628,34
643,564645.0,5935563,81.91233610781667,23
644,564645.0,5936563,92.86650106046555,12
645,564645.0,5937563,249.97413772509776,67
646,564645.0,5938563,64.58398216748539,7
647,564645.0,5939563,123.76603883946163,5
648,564645.0,5940563,143.11064815792324,5
649,564645.0,5941563,105.2953695777433,1
650,564645.0,5942563,61.624668036449705,0
651,564645.0,5943563,128.81098212404453,0
652,564645.0,5944563,105.07078445014962,0
653,564645.0,5945563,617.1009386589565,0
654,564645.0,5946563,888.2563767815533,0
655,564645.0,5947563,845.3931987449288,0
656,564645.0,5948563,1099.3456600665259,0
657,564645.0,5949563,1704.2041731227507,0
658,564645.0,5950563,2471.169107021243,0
659,564645.0,5951563,3340.122733875378,0
660,564645.0,5952563,4266.86805504999,0
661,564645.0,5953563,5220.718927605762,0
662,564645.0,5954563,6189.15577788409,0
663,565645.0,5916563,2277.0580702302327,0
664,565645.0,5917563,1319.0999526997894,0
665,565645.0,5918563,417.38387400794113,0
666,565645.0,5919563,18.939900170923757,0
667,565645.0,5920563,32.52028083961756,1
668,565645.0,5921563,62.566286538162736,1
669,565645.0,5922563,15.594492030312923,5
670,565645.0,5923563,17.384634259021254,29
671,565645.0,5924563,15.499721559110345,7
672,565645.0,5925563,7.565432039121456,0
673,565645.0,5926563,82.24109003625196,2
674,565645.0,5927563,52.35819453558696,0
675,565645.0,5928563,23.931206302399254,0
676,565645.0,5929563,19.101934181733814,5
677,565645.0,5930563,1.9717464877102937,4
678,565645.0,5931563,49.56693860546817,0
679,565645.0,5932563,2.538117042158049,9
680,565645.0,5933563,26.28426137573395,74
681,565645.0,5934563,92.20459801599972,78
682,565645.0,5935563,113.08347284605907,22
683,565645.0,5936563,54.99725393617699,9
684,565645.0,5937563,65.45746906326475,8
685,565645.0,5938563,144.69008204933507,31
686,565645.0,5939563,31.6917838033038,9
687,565645.0,5940563,111.61024688730592,0
688,565645.0,5941563,109.13481374451385,0
689,565645.0,5942563,42.01120444245462,1
690,565645.0,5943563,13.696205821583757,0
691,565645.0,5944563,90.8234593842485,0
692,565645.0,5945563,121.6568285485037,0
693,565645.0,5946563,183.76669093283672,1
694,565645.0,5947563,94.87402802926974,1
695,565645.0,5948563,292.2589828769749,0
696,565645.0,5949563,1106.2835409102483,0
697,565645.0,5950563,2067.2702761719083,0
698,565645.0,5951563,3053.416040535393,0
699,565645.0,5952563,4046.3678328167102,0
700,565645.0,5953563,5042.1062821313835,0
701,565645.0,5954563,5601.676530877113,0
702,566645.0,5916563,2631.9696727952055,0
703,566645.0,5917563,1831.4634557646605,0
704,566645.0,5918563,1126.7386024589614,0
705,566645.0,5919563,479.3880568004118,0
706,566645.0,5920563,31.88505348725247,0
707,566645.0,5921563,10.403960997932622,1
708,566645.0,5922563,23.424421461001575,0
709,566645.0,5923563,34.271727984597554,1
710,566645.0,5924563,112.52325997208366,0
711,566645.0,5925563,24.607152324647206,0
712,566645.0,5926563,27.953706051686176,0
713,566645.0,5927563,90.94146486862537,2
714,566645.0,5928563,7.536887309542386,1
715,566645.0,5929563,151.56537848212201,1
716,566645.0,5930563,41.88820173656166,2
717,566645.0,5931563,93.51199131154685,0
718,566645.0,5932563,30.43946527356697,1
719,566645.0,5933563,88.40582570127198,26
720,566645.0,5934563,128.25883260092087,107
721,566645.0,5935563,8.75222550026941,0
722,566645.0,5936563,8.268796750175207,1
723,566645.0,5937563,130.44960957465415,33
724,566645.0,5938563,269.7054092764742,13
725,566645.0,5939563,65.81208945901534,1
726,566645.0,5940563,72.29600261935857,7
727,566645.0,5941563,142.18295194775914,1
728,566645.0,5942563,70.84058213427689,2
729,566645.0,5943563,53.15477643697861,0
730,566645.0,5944563,88.7894272472428,6
731,566645.0,5945563,182.91351134479925,2
732,566645.0,5946563,68.00753564668211,0
733,566645.0,5947563,265.00294518591886,2
734,566645.0,5948563,107.50598680015871,0
735,566645.0,5949563,1030.1944763261142,0
736,566645.0,5950563,2027.5709065055648,0
737,566645.0,5951563,3026.6791872880676,0
738,566645.0,5952563,3995.17868581949,0
739,566645.0,5953563,4269.101113932319,0
740,566645.0,5954563,4742.256415497794,0
741,567645.0,5916563,3245.6597913707756,0
742,567645.0,5917563,2533.3477422378087,0
743,567645.0,5918563,1845.6781058384126,0
744,567645.0,5919563,935.5071030306555,0
745,567645.0,5920563,72.178278573323,0
746,567645.0,5921563,7.323259898196526,0
747,567645.0,5922563,204.44687186109334,0
748,567645.0,5923563,7.902298261253858,0
749,567645.0,5924563,345.4839455173569,0
750,567645.0,5925563,7.577531008537447,0
751,567645.0,5926563,22.593785025402244,1
752,567645.0,5927563,97.62179431576703,0
753,567645.0,5928563,1.4806759965540428,0
754,567645.0,5929563,50.40893841667064,1
755,567645.0,5930563,129.94554272114,0
756,567645.0,5931563,211.55837359202474,3
757,567645.0,5932563,24.891210268300398,0
758,567645.0,5933563,5.265342090968971,22
759,567645.0,5934563,188.77476553024948,33
760,567645.0,5935563,61.32589475687159,20
761,567645.0,5936563,51.668523325532036,15
762,567645.0,5937563,17.149128350499975,24
763,567645.0,5938563,75.66326219161333,0
764,567645.0,5939563,66.27404714518345,3
765,567645.0,5940563,110.16028328349896,1
766,567645.0,5941563,47.80609741748795,1
767,567645.0,5942563,95.90019697681576,13
768,567645.0,5943563,59.55254159077321,2
769,567645.0,5944563,84.50192630836946,0
770,567645.0,5945563,111.46595876847624,0
771,567645.0,5946563,19.153730635798027,5
772,567645.0,5947563,116.00494809573581,2
773,567645.0,5948563,99.39914868622554,0
774,567645.0,5949563,981.6289592175845,0
775,567645.0,5950563,1979.219703921131,0
776,567645.0,5951563,2967.810151614329,0
777,567645.0,5952563,3011.9210954765867,0
778,567645.0,5953563,3366.814559005099,0
779,567645.0,5954563,3949.583758332075,0
780,568645.0,5916563,3945.397532306679,0
781,568645.0,5917563,3110.914050692684,0
782,568645.0,5918563,2192.6747125084844,0
783,568645.0,5919563,1364.033543292396,0
784,568645.0,5920563,650.0430755196753,0
785,568645.0,5921563,437.0136580645132,0
786,568645.0,5922563,33.230709168216244,0
787,568645.0,5923563,347.3524743726823,0
788,568645.0,5924563,290.44453607889244,0
789,568645.0,5925563,24.64742783364684,0
790,568645.0,5926563,32.09734985372966,0
791,568645.0,5927563,79.42992789294145,0
792,568645.0,5928563,19.40901685458371,0
793,568645.0,5929563,26.544604078285445,0
794,568645.0,5930563,15.858341123825392,0
795,568645.0,5931563,9.296902688944678,2
796,568645.0,5932563,88.78062143402286,4
797,568645.0,5933563,134.6752157500855,4
798,568645.0,5934563,80.39345271878763,6
799,568645.0,5935563,9.896037897513118,21
800,568645.0,5936563,241.24529053809158,13
801,568645.0,5937563,37.325468661365704,6
802,568645.0,5938563,126.65814831740025,2
803,568645.0,5939563,24.984276306401892,14
804,568645.0,5940563,216.28238793402653,3
805,568645.0,5941563,65.20755874991539,4
806,568645.0,5942563,80.48586776607232,2
807,568645.0,5943563,72.85564701581434,0
808,568645.0,5944563,57.52336590354717,1
809,568645.0,5945563,16.009870277971142,0
810,568645.0,5946563,91.54701703451886,0
811,568645.0,5947563,167.42854550128837,0
812,568645.0,5948563,101.75945132395675,0
813,568645.0,5949563,931.6878821265439,0
814,568645.0,5950563,1850.1825597291431,0
815,568645.0,5951563,1979.4224030700473,0
816,568645.0,5952563,2044.965681650286,0
817,568645.0,5953563,2538.829696627806,0
818,568645.0,5954563,3208.7120937951754,0
819,569645.0,5916563,4428.367090232077,0
820,569645.0,5917563,3569.3796729862624,0
821,569645.0,5918563,2768.6279690352503,0
822,569645.0,5919563,2056.4548581989166,0
823,569645.0,5920563,1422.9972787532408,0
824,569645.0,5921563,899.6711351223929,0
825,569645.0,5922563,162.46411327102462,0
826,569645.0,5923563,428.0799991940183,0
827,569645.0,5924563,0.8337132528379582,0
828,569645.0,5925563,33.8919577504237,0
829,569645.0,5926563,22.71026492375173,0
830,569645.0,5927563,7.0153120790228565,0
831,569645.0,5928563,33.34476322706083,0
832,569645.0,5929563,54.406365736443306,0
833,569645.0,5930563,104.30076221708009,0
834,569645.0,5931563,5.862339903219147,0
835,569645.0,5932563,139.35684785517725,0
836,569645.0,5933563,47.474428714790015,3
837,569645.0,5934563,12.961336367280035,5
838,569645.0,5935563,61.28665561417683,9
839,569645.0,5936563,134.8936656630094,2
840,569645.0,5937563,59.9628223143029,5
841,569645.0,5938563,127.67273307339225,7
842,569645.0,5939563,77.77170096884,2
843,569645.0,5940563,48.49526021121948,4
844,569645.0,5941563,50.549887101168146,0
845,569645.0,5942563,150.20529289962306,0
846,569645.0,5943563,52.57198644428022,2
847,569645.0,5944563,106.66370433379805,1
848,569645.0,5945563,175.77629312208688,1
849,569645.0,5946563,64.04880630146347,0
850,569645.0,5947563,309.24486584730545,0
851,569645.0,5948563,348.4021760621374,0
852,569645.0,5949563,451.8941946028773,0
853,569645.0,5950563,1001.237611880871,0
854,569645.0,5951563,1010.9256862759233,0
855,569645.0,5952563,1136.7060274661844,0
856,569645.0,5953563,1840.7404895094567,0
857,569645.0,5954563,2396.229980210616,0
858,570645.0,5916563,4820.026850331853,0
859,570645.0,5917563,4084.3141081928925,0
860,570645.0,5918563,3438.5193074356494,0
861,570645.0,5919563,2798.187175553314,0
862,570645.0,5920563,2235.8213922570844,0
863,570645.0,5921563,1498.3565780430597,0
864,570645.0,5922563,954.3180847965547,0
865,570645.0,5923563,96.94753021195652,0
866,570645.0,5924563,7.10606328014029,0
867,570645.0,5925563,12.274377340466929,0
868,570645.0,5926563,33.94038950266556,0
869,570645.0,5927563,26.57535357195311,0
870,570645.0,5928563,7.226780669724193,0
871,570645.0,5929563,9.55269833415615,0
872,570645.0,5930563,7.355607106154252,0
873,570645.0,5931563,9.174316688139559,1
874,570645.0,5932563,37.48833435356856,0
875,570645.0,5933563,149.71001366107282,0
876,570645.0,5934563,157.13804244040736,7
877,570645.0,5935563,72.01125113788396,1
878,570645.0,5936563,23.392032108390403,26
879,570645.0,5937563,9.78020327977171,6
880,570645.0,5938563,58.704602810744184,0
881,570645.0,5939563,48.40711964823327,6
882,570645.0,5940563,22.639010136545476,4
883,570645.0,5941563,93.55303223316157,1
884,570645.0,5942563,63.69273660097657,0
885,570645.0,5943563,260.07678160898934,0
886,570645.0,5944563,135.48600429003142,1
887,570645.0,5945563,308.22181746285463,0
888,570645.0,5946563,321.19627563577797,1
889,570645.0,5947563,155.94835668822952,0
890,570645.0,5948563,218.14449065994907,0
891,570645.0,5949563,192.87081716065106,0
892,570645.0,5950563,305.20407273117706,0
893,570645.0,5951563,40.5469768826043,0
894,570645.0,5952563,507.3779086214946,0
895,570645.0,5953563,986.3196872859318,0
896,570645.0,5954563,1785.497951623837,0
897,571645.0,5916563,4250.6011618326065,0
898,571645.0,5917563,3417.632255011884,0
899,571645.0,5918563,2670.1006965263614,0
900,571645.0,5919563,2054.536371871758,0
901,571645.0,5920563,1624.9227411892837,0
902,571645.0,5921563,1176.9977887845407,0
903,571645.0,5922563,557.8339461870922,0
904,571645.0,5923563,43.58167157373331,0
905,571645.0,5924563,36.0886404272486,0
906,571645.0,5925563,18.579157494077403,1
907,571645.0,5926563,32.76802317665683,0
908,571645.0,5927563,9.089617066082443,1
909,571645.0,5928563,198.89750119592497,2
910,571645.0,5929563,73.2006094286733,0
911,571645.0,5930563,92.56661762678489,2
912,571645.0,5931563,119.94195433496878,0
913,571645.0,5932563,144.9145019867319,1
914,571645.0,5933563,15.908154631022287,3
915,571645.0,5934563,89.0913907077526,7
916,571645.0,5935563,146.53375024783483,0
917,571645.0,5936563,122.4649216705204,1
918,571645.0,5937563,236.22285854062426,3
919,571645.0,5938563,118.59069752141345,0
920,571645.0,5939563,132.60847365913207,1
921,571645.0,5940563,106.28158518400566,2
922,571645.0,5941563,146.41862012416584,9
923,571645.0,5942563,97.00734782831515,0
924,571645.0,5943563,48.97976188612125,0
925,571645.0,5944563,119.81395136077785,2
926,571645.0,5945563,64.55439713409885,2
927,571645.0,5946563,187.84686353060198,4
928,571645.0,5947563,64.75539920110887,0
929,571645.0,5948563,126.49439742969872,0
930,571645.0,5949563,424.5089912551227,0
931,571645.0,5950563,334.0784949370427,0
932,571645.0,5951563,103.08889408836491,0
933,571645.0,5952563,138.95731237136394,0
934,571645.0,5953563,647.2336075332987,0
935,571645.0,5954563,1622.9872927554509,0
936,572645.0,5916563,3814.346955608386,0
937,572645.0,5917563,2901.0552401171835,0
938,572645.0,5918563,2023.2879822639768,0
939,572645.0,5919563,1255.8876242712224,0
940,572645.0,5920563,708.9719085962304,0
941,572645.0,5921563,305.3563168529644,0
942,572645.0,5922563,28.219054498906328,0
943,572645.0,5923563,298.28451058281587,0
944,572645.0,5924563,272.734220483616,0
945,572645.0,5925563,10.258572335126559,0
946,572645.0,5926563,6.986328892399009,0
947,572645.0,5927563,145.62832269556228,0
948,572645.0,5928563,9.151178475173804,0
949,572645.0,5929563,89.57886296723545,0
950,572645.0,5930563,54.983429653962375,0
951,572645.0,5931563,9.05281499990061,0
952,572645.0,5932563,66.86829689519769,1
953,572645.0,5933563,10.453491924359177,1
954,572645.0,5934563,50.464247653061875,1
955,572645.0,5935563,188.66300582594988,0
956,572645.0,5936563,120.56826948515851,2
957,572645.0,5937563,70.36599325761593,2
958,572645.0,5938563,137.31377656272863,6
959,572645.0,5939563,129.62263549037414,0
960,572645.0,5940563,8.450926979559286,1
961,572645.0,5941563,173.5611037120821,2
962,572645.0,5942563,101.82533434971427,1
963,572645.0,5943563,202.55960829311726,0
964,572645.0,5944563,90.76659111252722,3
965,572645.0,5945563,171.75621049382963,1
966,572645.0,5946563,238.27456070875422,0
967,572645.0,5947563,147.39338123652982,1
968,572645.0,5948563,81.88404750403853,0
969,572645.0,5949563,140.70004091601436,0
970,572645.0,5950563,123.36605444996276,0
971,572645.0,5951563,48.521040930280925,2
972,572645.0,5952563,55.48784297214455,0
973,572645.0,5953563,874.3129032832312,0
974,572645.0,5954563,1780.91416431612,0
975,573645.0,5916563,3389.173111635757,0
976,573645.0,5917563,2552.685111245109,0
977,573645.0,5918563,1593.2557973381013,0
978,573645.0,5919563,665.0363198029986,0
979,573645.0,5920563,1.510741021213131,0
980,573645.0,5921563,7.380914044067994,0
981,573645.0,5922563,35.938452567935094,0
982,573645.0,5923563,23.90619417206164,0
983,573645.0,5924563,1.1445236953497278,0
984,573645.0,5925563,29.864652522646814,0
985,573645.0,5926563,1.3554400807407514,0
986,573645.0,5927563,143.66864303611783,0
987,573645.0,5928563,174.02255122198312,0
988,573645.0,5929563,6.485972911695553,0
989,573645.0,5930563,14.990153928988073,0
990,573645.0,5931563,5.914548659207634,1
991,573645.0,5932563,34.51579372250591,3
992,573645.0,5933563,50.305428883076225,5
993,573645.0,5934563,51.09563763995804,0
994,573645.0,5935563,4.7788009884261875,0
995,573645.0,5936563,68.8642004918194,1
996,573645.0,5937563,19.071227081336186,2
997,573645.0,5938563,81.24943354891397,1
998,573645.0,5939563,269.40964140518275,4
999,573645.0,5940563,127.69638144097162,6
1000,573645.0,5941563,111.64784255335529,1
1001,573645.0,5942563,184.88471351763386,2
1002,573645.0,5943563,116.9727947415117,0
1003,573645.0,5944563,97.92878682451622,1
1004,573645.0,5945563,14.313120992707768,4
1005,573645.0,5946563,186.2333376600126,1
1006,573645.0,5947563,229.0483517793439,0
1007,573645.0,5948563,75.16543096962934,0
1008,573645.0,5949563,34.51147404537706,0
1009,573645.0,5950563,42.95060883827105,0
1010,573645.0,5951563,58.34372312111668,2
1011,573645.0,5952563,95.37875740618925,0
1012,573645.0,5953563,977.6504059173363,0
1013,573645.0,5954563,1703.2133953780049,0
1014,574645.0,5916563,2556.9434994036087,0
1015,574645.0,5917563,2036.2292830311612,0
1016,574645.0,5918563,1438.8537892081188,0
1017,574645.0,5919563,438.89028347131915,0
1018,574645.0,5920563,214.82067717348824,0
1019,574645.0,5921563,12.678774682663493,0
1020,574645.0,5922563,22.79406052949384,0
1021,574645.0,5923563,33.00934726991082,0
1022,574645.0,5924563,67.8006983752389,0
1023,574645.0,5925563,24.30836894927375,0
1024,574645.0,5926563,27.42763855426993,0
1025,574645.0,5927563,68.46207500267306,0
1026,574645.0,5928563,215.0974397520924,0
1027,574645.0,5929563,11.209412282468886,0
1028,574645.0,5930563,105.42291746422558,0
1029,574645.0,5931563,138.54342688193154,2
1030,574645.0,5932563,20.660125247059554,3
1031,574645.0,5933563,54.0289338838431,0
1032,574645.0,5934563,65.05951867543105,0
1033,574645.0,5935563,44.33894436403539,0
1034,574645.0,5936563,132.17100008483817,2
1035,574645.0,5937563,45.84000297805869,2
1036,574645.0,5938563,349.9841531250331,4
1037,574645.0,5939563,124.89728542797783,1
1038,574645.0,5940563,138.79247207391688,1
1039,574645.0,5941563,153.78311674019218,0
1040,574645.0,5942563,183.1886541417396,0
1041,574645.0,5943563,50.78741049795017,0
1042,574645.0,5944563,111.06023561002537,1
1043,574645.0,5945563,73.3747073205159,0
1044,574645.0,5946563,350.3002657530071,0
1045,574645.0,5947563,57.227742388114464,4
1046,574645.0,5948563,127.73151872672275,0
1047,574645.0,5949563,38.827492092236234,0
1048,574645.0,5950563,135.05345693684444,0
1049,574645.0,5951563,143.22317471094127,2
1050,574645.0,5952563,69.98953985774652,0
1051,574645.0,5953563,289.0278400555422,0
1052,574645.0,5954563,1151.3391922248572,0
1053,575645.0,5916563,1798.619747773018,0
1054,575645.0,5917563,1162.987819480014,0
1055,575645.0,5918563,694.6657829582476,0
1056,575645.0,5919563,130.3455095476509,0
1057,575645.0,5920563,17.053030590027262,0
1058,575645.0,5921563,31.56618837591872,0
1059,575645.0,5922563,79.23884867402826,0
1060,575645.0,5923563,23.914181495621364,0
1061,575645.0,5924563,51.186135658537296,0
1062,575645.0,5925563,19.248551230509687,0
1063,575645.0,5926563,135.7763516949734,0
1064,575645.0,5927563,25.075026396239732,0
1065,575645.0,5928563,45.325869520926716,0
1066,575645.0,5929563,44.150545892430266,0
1067,575645.0,5930563,37.80527795502306,0
1068,575645.0,5931563,320.5147650711029,0
1069,575645.0,5932563,63.91425038201355,0
1070,575645.0,5933563,85.96478330264829,1
1071,575645.0,5934563,79.26879549756673,0
1072,575645.0,5935563,59.37586547913532,1
1073,575645.0,5936563,235.7033400391692,2
1074,575645.0,5937563,52.09128842668629,1
1075,575645.0,5938563,467.98314268059545,1
1076,575645.0,5939563,35.57088061026023,3
1077,575645.0,5940563,156.80445102553048,0
1078,575645.0,5941563,17.53304753236989,1
1079,575645.0,5942563,286.2493945963163,4
1080,575645.0,5943563,79.60629721387296,0
1081,575645.0,5944563,105.33434645695456,0
1082,575645.0,5945563,30.300361193390117,0
1083,575645.0,5946563,233.64126565501468,0
1084,575645.0,5947563,230.6108380104514,1
1085,575645.0,5948563,64.64257136747747,0
1086,575645.0,5949563,33.297945630763564,0
1087,575645.0,5950563,136.85299127191476,0
1088,575645.0,5951563,124.00084354762254,0
1089,575645.0,5952563,58.203870121155816,0
1090,575645.0,5953563,49.2977719482843,0
1091,575645.0,5954563,647.310500761597,0
1092,576645.0,5916563,1121.3603982228856,0
1093,576645.0,5917563,384.49021911078734,0
1094,576645.0,5918563,19.92586975793108,0
1095,576645.0,5919563,13.19637926997908,1
1096,576645.0,5920563,28.30857494913921,0
1097,576645.0,5921563,9.85744734125963,0
1098,576645.0,5922563,165.13485420622257,0
1099,576645.0,5923563,24.78300820627109,0
1100,576645.0,5924563,17.17362310143236,0
1101,576645.0,5925563,10.047791236611143,0
1102,576645.0,5926563,85.41305431423972,0
1103,576645.0,5927563,40.08723481714625,0
1104,576645.0,5928563,110.72622713984543,0
1105,576645.0,5929563,109.45884248783021,0
1106,576645.0,5930563,56.42473203999538,1
1107,576645.0,5931563,186.80160672879484,0
1108,576645.0,5932563,103.52511161563788,0
1109,576645.0,5933563,349.58389099757915,0
1110,576645.0,5934563,64.92683097557065,0
1111,576645.0,5935563,302.54811624802414,0
1112,576645.0,5936563,364.98688747866635,0
1113,576645.0,5937563,157.85928932775929,0
1114,576645.0,5938563,110.2912988599937,0
1115,576645.0,5939563,160.80771118395822,2
1116,576645.0,5940563,59.816521686620256,5
1117,576645.0,5941563,104.58329737028131,1
1118,576645.0,5942563,204.82906840080238,0
1119,576645.0,5943563,108.47398731590889,0
1120,576645.0,5944563,125.86794814437029,0
1121,576645.0,5945563,38.67287076875252,3
1122,576645.0,5946563,41.98445131814764,0
1123,576645.0,5947563,29.397324581600206,0
1124,576645.0,5948563,693.4105478254479,0
1125,576645.0,5949563,216.93739029509163,0
1126,576645.0,5950563,89.82701475515148,0
1127,576645.0,5951563,18.551995347714186,0
1128,576645.0,5952563,323.60598154697936,0
1129,576645.0,5953563,148.08258551471607,0
1130,576645.0,5954563,155.3870292945666,0
1131,577645.0,5916563,605.7311921574566,0
1132,577645.0,5917563,28.186287491233447,3
1133,577645.0,5918563,30.46302468656361,0
1134,577645.0,5919563,19.769396957624494,0
1135,577645.0,5920563,31.043610016106296,0
1136,577645.0,5921563,178.42015477465063,0
1137,577645.0,5922563,1.5072847430731857,0
1138,577645.0,5923563,47.26022197378276,0
1139,577645.0,5924563,15.907719941524995,0
1140,577645.0,5925563,29.31282568503664,1
1141,577645.0,5926563,15.328994374653098,4
1142,577645.0,5927563,7.116393716979865,0
1143,577645.0,5928563,113.36723557687381,0
1144,577645.0,5929563,55.695848286531714,0
1145,577645.0,5930563,65.94116944177651,0
1146,577645.0,5931563,534.3477357966569,0
1147,577645.0,5932563,197.14520736689093,0
1148,577645.0,5933563,952.7465118130366,0
1149,577645.0,5934563,849.2726584543595,0
1150,577645.0,5935563,1043.4766674220189,0
1151,577645.0,5936563,1174.296436894888,0
1152,577645.0,5937563,233.4268702087627,0
1153,577645.0,5938563,327.64900238702194,0
1154,577645.0,5939563,74.09217559543318,0
1155,577645.0,5940563,167.66683473266352,0
1156,577645.0,5941563,98.01318886214554,0
1157,577645.0,5942563,129.89228317878207,0
1158,577645.0,5943563,67.91387343055283,0
1159,577645.0,5944563,226.6139145405324,0
1160,577645.0,5945563,43.01185543614393,0
1161,577645.0,5946563,73.64389235471387,0
1162,577645.0,5947563,395.4869729320166,0
1163,577645.0,5948563,1303.6518418597136,0
1164,577645.0,5949563,1215.0544462272849,0
1165,577645.0,5950563,1086.8965883255883,0
1166,577645.0,5951563,337.0943288138094,0
1167,577645.0,5952563,94.92305956646243,0
1168,577645.0,5953563,222.88883446974276,0
1169,577645.0,5954563,116.15416224611673,0
1170,578645.0,5916563,478.50565906395076,0
1171,578645.0,5917563,31.54539707325194,4
1172,578645.0,5918563,54.50044071356331,0
1173,578645.0,5919563,24.320245270942515,0
1174,578645.0,5920563,19.491392222066168,0
1175,578645.0,5921563,9.752112475619127,0
1176,578645.0,5922563,48.0339416083702,0
1177,578645.0,5923563,23.90024059905938,0
1178,578645.0,5924563,6.475781041729489,0
1179,578645.0,5925563,42.21052777612914,0
1180,578645.0,5926563,29.742231200376036,0
1181,578645.0,5927563,55.22200124813693,1
1182,578645.0,5928563,49.213019934904416,0
1183,578645.0,5929563,116.00199069021743,1
1184,578645.0,5930563,491.421240531725,0
1185,578645.0,5931563,1367.3337260140265,0
1186,578645.0,5932563,1191.6376588276514,0
1187,578645.0,5933563,1512.8978792107616,0
1188,578645.0,5934563,1847.836984606201,0
1189,578645.0,5935563,1976.0478986219605,0
1190,578645.0,5936563,1333.1304091145287,0
1191,578645.0,5937563,350.16127881777646,0
1192,578645.0,5938563,197.69597794159188,0
1193,578645.0,5939563,262.8560322112373,0
1194,578645.0,5940563,138.05752205395433,1
1195,578645.0,5941563,97.54058041290399,0
1196,578645.0,5942563,55.89056938623241,0
1197,578645.0,5943563,264.36586897585613,0
1198,578645.0,5944563,120.65652350260905,1
1199,578645.0,5945563,226.42174507148405,1
1200,578645.0,5946563,304.07602170129076,0
1201,578645.0,5947563,948.6806128207812,0
1202,578645.0,5948563,1801.1252706331775,0
1203,578645.0,5949563,2208.5113392198505,0
1204,578645.0,5950563,1559.1359519280652,0
1205,578645.0,5951563,842.8064124552515,0
1206,578645.0,5952563,447.1970684647665,0
1207,578645.0,5953563,16.720262879493568,0
1208,578645.0,5954563,292.28873202282637,0
1209,579645.0,5916563,718.6904001229585,0
1210,579645.0,5917563,10.00336537279509,0
1211,579645.0,5918563,17.658518584886274,0
1212,579645.0,5919563,9.430133553660582,0
1213,579645.0,5920563,34.82968242051214,0
1214,579645.0,5921563,19.057804072426034,0
1215,579645.0,5922563,32.467282692286226,0
1216,579645.0,5923563,52.15597359210234,0
1217,579645.0,5924563,1.6139584421682704,1
1218,579645.0,5925563,41.567204748103705,0
1219,579645.0,5926563,31.306297788639533,3
1220,579645.0,5927563,7.150132000961421,3
1221,579645.0,5928563,69.96768377163832,9
1222,579645.0,5929563,119.92639191977351,0
1223,579645.0,5930563,328.80696737609475,0
1224,579645.0,5931563,1027.008093266959,0
1225,579645.0,5932563,1931.538063603836,0
1226,579645.0,5933563,2381.1749347893224,0
1227,579645.0,5934563,2847.40917238091,0
1228,579645.0,5935563,2250.040591168403,0
1229,579645.0,5936563,1273.842678597979,0
1230,579645.0,5937563,333.29701396714034,0
1231,579645.0,5938563,453.8813620061222,0
1232,579645.0,5939563,432.7260272304067,0
1233,579645.0,5940563,576.0618796712914,0
1234,579645.0,5941563,362.4537050766505,0
1235,579645.0,5942563,159.84570831234447,0
1236,579645.0,5943563,129.84475485590943,0
1237,579645.0,5944563,508.3209761086818,0
1238,579645.0,5945563,592.2517362455701,0
1239,579645.0,5946563,1059.8854886802585,0
1240,579645.0,5947563,1656.8065466916837,0
1241,579645.0,5948563,2333.197638162196,0
1242,579645.0,5949563,2957.731773956326,0
1243,579645.0,5950563,2249.391066178141,0
1244,579645.0,5951563,1638.092111061387,0
1245,579645.0,5952563,1365.1684760013468,0
1246,579645.0,5953563,1005.7298911222156,0
1247,579645.0,5954563,1046.7888251303216,0
1248,580645.0,5916563,483.6246320950144,0
1249,580645.0,5917563,8.802409844365409,1
1250,580645.0,5918563,6.5109098141875545,1
1251,580645.0,5919563,11.78372048682948,0
1252,580645.0,5920563,18.139289302421698,0
1253,580645.0,5921563,9.648202580360246,0
1254,580645.0,5922563,16.81752280882684,0
1255,580645.0,5923563,12.645092483973073,0
1256,580645.0,5924563,9.686518274761001,0
1257,580645.0,5925563,42.536622867527356,0
1258,580645.0,5926563,16.5158829668949,3
1259,580645.0,5927563,179.51897053789224,11
1260,580645.0,5928563,153.32133022732373,0
1261,580645.0,5929563,156.09766571699777,0
1262,580645.0,5930563,278.7097675316963,0
1263,580645.0,5931563,931.3650721853812,0
1264,580645.0,5932563,1882.4278379798527,0
1265,580645.0,5933563,2866.989402267843,0
1266,580645.0,5934563,3487.697993682516,0
1267,580645.0,5935563,2568.2664589806564,0
1268,580645.0,5936563,1740.0999722754532,0
1269,580645.0,5937563,1178.948397440879,0
1270,580645.0,5938563,1301.475099373192,0
1271,580645.0,5939563,1431.1214090824926,0
1272,580645.0,5940563,1575.0322723089168,0
1273,580645.0,5941563,945.6732551844249,0
1274,580645.0,5942563,133.29009753537972,0
1275,580645.0,5943563,72.66892242339188,0
1276,580645.0,5944563,970.9505234847726,0
1277,580645.0,5945563,1575.1876701137435,0
1278,580645.0,5946563,1854.4780867245142,0
1279,580645.0,5947563,2472.9756893979984,0
1280,580645.0,5948563,3047.757248657455,0
1281,580645.0,5949563,3661.8571365262706,0
1282,580645.0,5950563,3005.4589140508797,0
1283,580645.0,5951563,2579.9939689401235,0
1284,580645.0,5952563,2215.543939863112,0
1285,580645.0,5953563,1982.0273731877016,0
1286,580645.0,5954563,1987.1340404896566,0
1287,581645.0,5916563,365.94925176768544,0
1288,581645.0,5917563,28.382518684322637,0
1289,581645.0,5918563,55.41168216829243,0
1290,581645.0,5919563,40.69630074552662,0
1291,581645.0,5920563,2.0268891273791123,0
1292,581645.0,5921563,38.17343110455995,0
1293,581645.0,5922563,16.517295106488003,0
1294,581645.0,5923563,23.944353424008455,0
1295,581645.0,5924563,1.770840362858426,0
1296,581645.0,5925563,19.674426103454923,1
1297,581645.0,5926563,111.51051474429488,0
1298,581645.0,5927563,88.14822553644727,2
1299,581645.0,5928563,318.1580207909599,0
1300,581645.0,5929563,575.3443262818159,0
1301,581645.0,5930563,1132.597284558965,0
1302,581645.0,5931563,1608.4114366317713,0
1303,581645.0,5932563,2314.353006620327,0
1304,581645.0,5933563,3167.3843320265337,0
1305,581645.0,5934563,3938.6360098793925,0
1306,581645.0,5935563,3153.5391114597983,0
1307,581645.0,5936563,2517.699340862452,0
1308,581645.0,5937563,2154.6990698098116,0
1309,581645.0,5938563,2224.1057060983658,0
1310,581645.0,5939563,2430.8363088504966,0
1311,581645.0,5940563,2323.2940101344275,0
1312,581645.0,5941563,1547.0126709804476,0
1313,581645.0,5942563,1105.6281512660298,0
1314,581645.0,5943563,943.3267169083433,0
1315,581645.0,5944563,1477.3515864106666,0
1316,581645.0,5945563,2284.559548884024,0
1317,581645.0,5946563,2760.429471224005,0
1318,581645.0,5947563,3243.5333056425275,0
1319,581645.0,5948563,3886.8831049559517,0
1320,581645.0,5949563,4402.524367198237,0
1321,581645.0,5950563,3873.7328766312417,0
1322,581645.0,5951563,3553.7855865560136,0
1323,581645.0,5952563,3154.9302577173526,0
1324,581645.0,5953563,2971.0454579684238,0
1325,581645.0,5954563,2966.7552216736344,0
1326,582645.0,5916563,605.3779034939608,0
1327,582645.0,5917563,8.690006904650382,0
1328,582645.0,5918563,35.00241311394956,0
1329,582645.0,5919563,31.735018628174082,0
1330,582645.0,5920563,22.182287319658908,0
1331,582645.0,5921563,24.09831717909601,0
1332,582645.0,5922563,32.18573211823939,0
1333,582645.0,5923563,112.3823302110898,0
1334,582645.0,5924563,6.160653888156452,0
1335,582645.0,5925563,54.964545988870746,0
1336,582645.0,5926563,120.17301338377887,2
1337,582645.0,5927563,658.974372503344,0
1338,582645.0,5928563,866.952095001309,0
1339,582645.0,5929563,1523.0143210075314,0
1340,582645.0,5930563,1974.0861202561748,0
1341,582645.0,5931563,2504.3307561326055,0
1342,582645.0,5932563,3007.290159374996,0
1343,582645.0,5933563,3716.9766839779436,0
1344,582645.0,5934563,4530.023448982669,0
1345,582645.0,5935563,3909.94892781607,0
1346,582645.0,5936563,3404.6466378451196,0
1347,582645.0,5937563,3145.7172217238663,0
1348,582645.0,5938563,3193.6585524301377,0
1349,582645.0,5939563,3430.717393391294,0
1350,582645.0,5940563,2961.2041736846054,0
1351,582645.0,5941563,2365.987227975884,0
1352,582645.0,5942563,2094.2175851219426,0
1353,582645.0,5943563,1934.5503129094693,0
1354,582645.0,5944563,2258.1458173736855,0
1355,582645.0,5945563,2891.3413232363364,0
1356,582645.0,5946563,3660.122849028583,0
1357,582645.0,5947563,4087.5784666055724,0
1358,582645.0,5948563,4638.184970012608,0
1359,582645.0,5949563,5230.224079255123,0
1360,582645.0,5950563,4793.623839533054,0
1361,582645.0,5951563,4450.5792985570015,0
1362,582645.0,5952563,4122.927953852311,0
1363,582645.0,5953563,3959.8037784427943,0
1364,582645.0,5954563,3956.5858256561055,0
1365,583645.0,5916563,1290.2046894216253,0
1366,583645.0,5917563,850.5552469420547,0
1367,583645.0,5918563,518.9066866474187,0
1368,583645.0,5919563,6.9816908550067165,0
1369,583645.0,5920563,2.16540502317638,0
1370,583645.0,5921563,19.92712191698596,0
1371,583645.0,5922563,33.926040871818984,0
1372,583645.0,5923563,23.95647637432382,0
1373,583645.0,5924563,69.77552635192686,0
1374,583645.0,5925563,79.20027955146547,0
1375,583645.0,5926563,455.97111664966377,0
1376,583645.0,5927563,1393.7844656318537,0
1377,583645.0,5928563,1780.7542067876734,0
1378,583645.0,5929563,2236.4221742682594,0
1379,583645.0,5930563,2810.171540804691,0
1380,583645.0,5931563,3335.007706403407,0
1381,583645.0,5932563,3837.770093335128,0
1382,583645.0,5933563,4415.948466168905,0
1383,583645.0,5934563,5125.692384685359,0
1384,583645.0,5935563,4747.6846331386505,0
1385,583645.0,5936563,4341.01687236999,0
1386,583645.0,5937563,4141.0560967778465,0
1387,583645.0,5938563,4177.590658157045,0
1388,583645.0,5939563,4375.4099364882595,0
1389,583645.0,5940563,3738.098114953388,0
1390,583645.0,5941563,3286.7222154778997,0
1391,583645.0,5942563,3039.468195618936,0
1392,583645.0,5943563,2931.740870459594,0
1393,583645.0,5944563,3154.654046146316,0
1394,583645.0,5945563,3648.092620837835,0
1395,583645.0,5946563,4305.478090182086,0
1396,583645.0,5947563,4988.905652757745,0
1397,583645.0,5948563,5458.628451883594,0
1398,583645.0,5949563,6041.937712960087,0
1399,583645.0,5950563,5740.37042623431,0
1400,583645.0,5951563,5371.46219146523,0
1401,583645.0,5952563,5102.3704828622185,0
1402,583645.0,5953563,4953.077913199515,0
1403,583645.0,5954563,4950.505655611135,0
1404,584645.0,5916563,2151.290437829062,0
1405,584645.0,5917563,1793.8647090429097,0
1406,584645.0,5918563,1329.2317162986776,0
1407,584645.0,5919563,395.35849757167904,0
1408,584645.0,5920563,31.585112505481856,0
1409,584645.0,5921563,24.058519851467427,0
1410,584645.0,5922563,33.13611084530954,0
1411,584645.0,5923563,24.621805949440272,0
1412,584645.0,5924563,131.96829387954247,0
1413,584645.0,5925563,620.2618616606546,0
1414,584645.0,5926563,1010.9481620727519,0
1415,584645.0,5927563,1841.2030979086912,0
1416,584645.0,5928563,2686.5519917093216,0
1417,584645.0,5929563,3100.6494851759944,0
1418,584645.0,5930563,3640.2695433292274,0
1419,584645.0,5931563,4180.257833615434,0
1420,584645.0,5932563,4727.318139638176,0
1421,584645.0,5933563,5213.95109705522,0
1422,584645.0,5934563,5827.298482920307,0
1423,584645.0,5935563,5638.556387352328,0
1424,584645.0,5936563,5300.682620551034,0
1425,584645.0,5937563,5138.205363185849,0
1426,584645.0,5938563,5167.695082406843,0
1427,584645.0,5939563,5133.114013061773,0
1428,584645.0,5940563,4601.958808571522,0
1429,584645.0,5941563,4243.487985194126,0
1430,584645.0,5942563,4011.357193086161,0
1431,584645.0,5943563,3930.3592901754196,0
1432,584645.0,5944563,4099.324550363434,0
1433,584645.0,5945563,4490.1224246735765,0
1434,584645.0,5946563,5051.5281854009945,0
1435,584645.0,5947563,5719.652832351097,0
1436,584645.0,5948563,6322.776800360243,0
1437,584645.0,5949563,6847.258679995127,0
1438,584645.0,5950563,6686.305200633912,0
1439,584645.0,5951563,6316.451223269026,0
1440,584645.0,5952563,6086.63552417286,0
1441,584645.0,5953563,5948.606195125029,0
1442,584645.0,5954563,5946.464588029837,0
1443,585645.0,5916563,3069.342535525794,0
1444,585645.0,5917563,2618.079287545023,0
1445,585645.0,5918563,1683.1160460575427,0
1446,585645.0,5919563,763.7930691822771,0
1447,585645.0,5920563,2.3063746304017894,1
1448,585645.0,5921563,20.068998085712153,0
1449,585645.0,5922563,29.926887922182118,0
1450,585645.0,5923563,98.40171797680836,0
1451,585645.0,5924563,660.3515503560019,0
1452,585645.0,5925563,1397.6750533365139,0
1453,585645.0,5926563,1863.9022059558501,0
1454,585645.0,5927563,2425.0880817194884,0
1455,585645.0,5928563,3207.4870186531903,0
1456,585645.0,5929563,4012.1873635331626,0
1457,585645.0,5930563,4456.905365436175,0
1458,585645.0,5931563,5046.098203930691,0
1459,585645.0,5932563,5562.745386663142,0
1460,585645.0,5933563,6072.064824185193,0
1461,585645.0,5934563,6606.216223805359,0
1462,585645.0,5935563,6560.954724044556,0
1463,585645.0,5936563,6272.96142196193,0
1464,585645.0,5937563,6136.282515650879,0
1465,585645.0,5938563,6160.996771817262,0
1466,585645.0,5939563,5962.676146652783,0
1467,585645.0,5940563,5512.047916569664,0
1468,585645.0,5941563,5216.496682569428,0
1469,585645.0,5942563,4994.357431028454,0
1470,585645.0,5943563,4929.537885868541,0
1471,585645.0,5944563,5065.2819652569615,0
1472,585645.0,5945563,5386.447716900404,0
1473,585645.0,5946563,5862.640755346154,0
1474,585645.0,5947563,6459.666728678026,0
1475,585645.0,5948563,7133.842965765777,0
1476,585645.0,5949563,7685.429937370403,0
1477,585645.0,5950563,7599.449139090308,0
1478,585645.0,5951563,7276.160116265522,0
1479,585645.0,5952563,7075.314796096526,0
1480,585645.0,5953563,6945.419390874457,0
1481,585645.0,5954563,6943.585237263808,0
1482,586645.0,5916563,3911.41063941447,0
1483,586645.0,5917563,2999.818044788358,0
1484,586645.0,5918563,2123.5441477218296,0
1485,586645.0,5919563,1292.5384085914127,0
1486,586645.0,5920563,521.7536641497929,0
1487,586645.0,5921563,23.029934014932977,0
1488,586645.0,5922563,359.2951609486224,0
1489,586645.0,5923563,523.6550644765451,0
1490,586645.0,5924563,1281.6305426823892,0
1491,586645.0,5925563,2054.7924034275643,0
1492,586645.0,5926563,2774.4445297506,0
1493,586645.0,5927563,3214.524451776144,0
1494,586645.0,5928563,3839.2822534684187,0
1495,586645.0,5929563,4598.587717172346,0
1496,586645.0,5930563,5336.332872377543,0
1497,586645.0,5931563,5840.717733548282,0
1498,586645.0,5932563,6406.293667204707,0
1499,586645.0,5933563,6940.417611961409,0
1500,586645.0,5934563,7438.197226633142,0
1501,586645.0,5935563,7503.261667339973,0
1502,586645.0,5936563,7252.782483918395,0
1503,586645.0,5937563,7134.898168123602,0
1504,586645.0,5938563,7156.164474070839,0
1505,586645.0,5939563,6837.993432918244,0
1506,586645.0,5940563,6448.823116920708,0
1507,586645.0,5941563,6198.103338766529,0
1508,586645.0,5942563,5982.994715626463,0
1509,586645.0,5943563,5928.9934547575895,0
1510,586645.0,5944563,6042.3257944191055,0
1511,586645.0,5945563,6313.987537622055,0
1512,586645.0,5946563,6724.817933936262,0
1513,586645.0,5947563,7251.200856681252,0
1514,586645.0,5948563,7869.984211120062,0
1515,586645.0,5949563,8548.040851434309,0
1516,586645.0,5950563,8532.09102150327,0
1517,586645.0,5951563,8245.45062559527,0
1518,586645.0,5952563,8064.702446166357,0
1519,586645.0,5953563,7943.033763341935,0
1520,586645.0,5954563,7941.430022206512,0
