id,price,rating,review_cou,is_closed,zip_code,epsg25832_,epsg2583_1,epsg4326_l,epsg4326_1,Bezirk_Nam,Stadtteil,water_distance
Apz9UhdoIwKP4RGtjw7H6g,€€€,5.0,6,False,21037.0,580729.34324,5917411.0039099995,53.3996,10.2142,Bergedorf,Kirchwerder,17.660164238107914
NH8UdkeMrq2YFSQLMSEruQ,€,5.0,5,False,21037.0,581072.09837,5918640.868980001,53.4106,10.219669999999999,Bergedorf,Kirchwerder,21.257635928861795
u3ub5f0MS4qY67Q8XF9ZoA,€€,5.0,3,False,,565706.3643199999,5934330.92734,53.55375,9.99183,Hamburg-Mitte,Neustadt,66.87606589219038
jIsBpmSeu-Ryp1uEQaGBAA,€€,5.0,2,False,21039.0,585821.87473,5920816.46959,53.4294,10.2917,Bergedorf,Altengamme,33.80762417523816
2jzIbZsfzca5drJYk7JwbQ,€,4.0,2,False,,565749.38873,5934286.10981,53.553340000000006,9.992469999999999,Hamburg-Mitte,Neustadt,56.57910060134402
G5Ex8n1SADY3Amfc73gNXw,,4.0,1,False,21037.0,576375.7589100001,5919742.395269999,53.4212,10.1493,Bergedorf,Kirchwerder,41.97506879356731
SFTJ6Rx4vb4LntnpTY9TGg,€€,3.0,16,False,21037.0,577688.80125,5917558.30681,53.40138,10.16852,Bergedorf,Kirchwerder,37.60596948034716
iCe90XaupBAUY0lCNsl5bw,,1.5,2,False,21037.0,577361.49725,5917816.26191,53.40375,10.16366,Bergedorf,Kirchwerder,9.456331407575409
xt_Ga8o9W2rq2MnIp0iruQ,€,4.0,7,False,21037.0,577647.2015,5917556.513040001,53.40136999999999,10.16789,Bergedorf,Kirchwerder,32.43070557067777
BSBFGOqHzyTC5YmCr02AFA,€€€,3.5,112,False,21037.0,578816.0675100001,5917328.761390001,53.39915,10.185410000000001,Bergedorf,Kirchwerder,16.375893325674625
5F6SisQK8b14kzBENh1xaA,€,4.5,5,False,21037.0,578819.74216,5917868.49716,53.404,10.1856,Bergedorf,Kirchwerder,7.025669424966072
BTz2Hkdq7b_SPpdMX0oQeg,€€,1.5,5,False,21037.0,578684.55938,5917198.61467,53.398,10.1834,Bergedorf,Kirchwerder,13.737353942189246
M1lUgg7Yiy8bAoU0Rb_4IA,€,3.5,2,False,21037.0,578668.29219,5917205.80607,53.39807,10.18316,Bergedorf,Kirchwerder,20.906649665713864
G5DtYjTrKtMavUCTVOtIYA,€€,4.5,2,False,21037.0,580322.04228,5918371.06288,53.40829,10.20832,Bergedorf,Kirchwerder,21.74024176947497
ogs3ehIibnN3RCZJNNJzAQ,€€,4.0,4,False,21037.0,580307.14943,5918347.44312,53.408080000000005,10.208089999999999,Bergedorf,Kirchwerder,28.13935438027275
MC0hhfCNSBo7BrJjDR8BNw,€€,4.5,17,False,21077.0,562152.4933399999,5921092.29992,53.4352,9.93557,Harburg,Marmstorf,30.236262708796858
FYX0aKiLRAtvA66MndlPVw,€€,3.5,14,False,21077.0,565312.9752600001,5920770.96677,53.43193,9.98307,Harburg,Langenbek,48.41266906804132
OHXNXNW-Io_s9atVpWwyRg,,3.0,14,False,21077.0,565217.94716,5919694.38233,53.42227,9.98142,Harburg,Sinstorf,22.539552705086276
HHo7REfDa2YRSQSHH_TqiQ,€€€€,3.0,12,False,21077.0,565235.3592899999,5919602.705030001,53.421440000000004,9.98166,Harburg,Sinstorf,16.134532978103895
LKzo9giIoKGVtMsuAvuIAg,,4.5,3,False,21039.0,581883.87345,5922182.24966,53.4423,10.2328,Bergedorf,Neuengamme,4.769249160328486
p6NLrDG7PeH60IUcmTwPAA,€€,5.0,1,False,21039.0,581123.33703,5922870.19936,53.4486,10.22153,Bergedorf,Curslack,24.097270689175847
HVhu33lr5QK50I8F2s9Wlw,,4.5,2,False,21037.0,573166.89887,5921794.796490001,53.4401,10.1015,Bergedorf,Ochsenwerder,44.385909747077186
ZvCXfKNbGRtyPno_XwkGgg,€€,4.0,12,False,21079.0,566715.3098800001,5921365.75127,53.4371,10.0043,Harburg,Rönneburg,34.45959474250235
ctYfzIX3CgxF0SyGmLSsDw,,5.0,2,False,21079.0,565992.29447,5921805.14383,53.441140000000004,9.99351,Harburg,Wilstorf,11.964108589105965
a7H6qeYZwANboH-6prvHng,€€,4.5,64,False,21073.0,565227.63705,5923107.49894,53.452940000000005,9.98227,Harburg,Harburg,267.98575561823185
TNSx-9txYa456CBRaICskw,€,4.0,16,False,21079.0,566114.6603,5922081.67909,53.44361,9.995410000000001,Harburg,Wilstorf,16.078900348182085
hb3VLlzB9mVg-KSlkf7htQ,€€€,4.0,55,False,21077.0,565151.25902,5922866.11173,53.45078,9.981069999999999,Harburg,Wilstorf,63.48563620937666
y4Qj23Rm3I3S6_Mumc_sgg,€€,3.0,2,False,21077.0,565331.14236,5922681.66187,53.4491,9.98374,Harburg,Wilstorf,41.356235804661104
fn9G7u7Ok4u5aLwtY3Ok4Q,€,4.5,5,False,21079.0,566347.10044,5922133.8864,53.44405,9.99892,Harburg,Wilstorf,103.63077445610939
XpcjjoBY2o47QXsa_KatYA,€€,3.5,10,False,21077.0,565174.48197,5922570.02835,53.448119999999996,9.98136,Harburg,Wilstorf,10.20912242869288
afQhj6UkcZ3z49pd-tdKzg,€€,3.5,14,False,21073.0,565556.90649,5922782.68506,53.449980000000004,9.987160000000001,Harburg,Wilstorf,36.982431006877384
94Zk6MIaVfxFKUcaFvy-NQ,€€,4.0,9,False,21079.0,565653.13676,5922836.32459,53.45045,9.98862,Harburg,Wilstorf,16.24634173012327
wblfKYOU-lF0ijpsXQNFQA,,2.5,2,False,21079.0,565645.78573,5922839.5607,53.450480000000006,9.98851,Harburg,Wilstorf,11.108358555023091
tSgLnQpFHxEmy4v_b7MOlA,€€,3.0,1,False,21079.0,565853.2209600001,5922455.23188,53.447,9.99155,Harburg,Wilstorf,47.93522294089088
_LxqJQqvVtbccu8u0A-28w,,3.0,1,False,21077.0,565362.05878,5921648.2443699995,53.439809999999994,9.983989999999999,Harburg,Wilstorf,18.647933215163764
0Sr4gLsxW7lthpSHSvQiLA,,3.0,2,False,21149.0,557655.43551,5922754.4611,53.45065,9.86819,Harburg,Hausbruch,53.36473601214294
Cf-sLIwvllFcN6QwXUH3MA,€€€,4.0,13,False,21075.0,561397.26545,5923074.090559999,53.4531,9.92459,Harburg,Eißendorf,58.519274665894905
GXPKNQKMxeSXcIkc1uGpBg,€€,4.0,16,False,21077.0,562243.70151,5922705.36896,53.449690000000004,9.93726,Harburg,Eißendorf,29.488819385657592
C38fRvXCYl8dUQEl3nAqnQ,€,4.5,40,False,21079.0,563590.701,5922335.637130001,53.4462,9.957469999999999,Harburg,Eißendorf,7.237485672821584
T6ysCn_BgVcAVlIEcQhs4A,€€,4.5,21,False,21073.0,563411.06691,5922967.10934,53.4519,9.954889999999999,Harburg,Eißendorf,50.47559933352988
nMGEgMT3fOc2xt6APKt7Yg,€€,4.5,13,False,21077.0,563284.44113,5922651.646480001,53.44908,9.952919999999999,Harburg,Eißendorf,26.46926600377598
yonxXSPPDv5w0KwdARHKoA,€€,3.5,3,False,21077.0,562699.84268,5921634.90712,53.44001,9.94392,Harburg,Marmstorf,73.10601305783773
n-CJZHJlOatDhZAvinMJeA,€€,4.0,5,False,21077.0,563554.1608,5922301.43322,53.4459,9.95691,Harburg,Eißendorf,48.05043606041105
-DqKJtRy-0yc1NmCCWSXtQ,,5.0,1,False,21077.0,562291.0858,5922729.715,53.4499,9.93798,Harburg,Eißendorf,44.78727848433818
1y2XtqilhsXVnr9C7RLYLw,,3.0,2,False,,564834.64425,5923329.05735,53.454980000000006,9.9764,Harburg,Eißendorf,69.10098685847203
yY91P0JuKq9Q6rISo-gbHQ,€€,4.5,6,False,21039.0,579768.88641,5924683.226869999,53.4651,10.2016,Bergedorf,Curslack,48.62976042921252
EgKKnh3rXM6vvU8ChA_Cag,€€,4.5,5,False,21079.0,567317.98714,5923821.80654,53.4591,10.0139,Harburg,Neuland,13.2842738714052
r86H2RdbCSvuBXG4NPe-9Q,€,4.5,3,False,21079.0,567122.44922,5923625.78052,53.457359999999994,10.01091,Harburg,Neuland,14.416008654229573
Knjq3e0foO65SAwwNtr4mg,€€,3.5,4,False,21079.0,566533.05984,5923933.46105,53.4602,10.0021,Harburg,Neuland,12.883600984758829
oSfMMhQCa84nYUsFIW9txg,€€,5.0,1,False,21109.0,570629.52672,5924030.12714,53.46054,10.06381,Hamburg-Mitte,Wilhelmsburg,9.06023480793533
SW6EzuoNeoPTfpWySBiXXQ,€€,4.5,20,False,21073.0,565161.81224,5924272.778940001,53.46341999999999,9.98152,Harburg,Harburg,4.316372151661067
ayF0e3tcGWWuwFJmjn8gvQ,,4.0,1,False,21073.0,564978.33528,5924069.15055,53.46161,9.97872,Harburg,Harburg,181.22374312761184
DkicI_gGtegHuEU5wnUH7Q,€€,4.0,45,False,21079.0,565217.75587,5924335.03909,53.463969999999996,9.982380000000001,Harburg,Harburg,28.27744371077922
EMH0Ina8IUcx1tKR9AnNZA,,5.0,1,False,21073.0,565103.1723600001,5924287.63536,53.46356,9.98064,Harburg,Harburg,19.528481153313137
J4PDMBd_zrm2T-ygf5dq2A,€€,4.0,31,False,21073.0,565138.58247,5924270.12263,53.4634,9.98117,Harburg,Harburg,21.577646860141687
8khiPp6JzIhyCRPxoowd7g,€€,4.0,54,False,21073.0,565107.37809,5924125.04655,53.4621,9.98067,Harburg,Harburg,140.73971445360243
m9nHi2Gyoyi6kxQDz_Ijsw,€€€,4.0,76,False,21079.0,565478.52217,5924463.96646,53.4651,9.98633,Harburg,Harburg,41.15831689189657
C4cZIRpsrkZwUv7YTmaSoQ,€,5.0,17,False,21073.0,565457.84969,5923557.96798,53.456959999999995,9.98583,Harburg,Harburg,30.50504966943414
gZo-xc8Xc66o9s8exNh3fw,,4.0,1,False,21073.0,565218.25298,5924029.77065,53.46123000000001,9.98232,Harburg,Harburg,95.06986593224609
PpNo9KfhymX_LMVGFPyfFQ,€,4.5,11,False,21073.0,565426.7117600001,5923503.072509999,53.456469999999996,9.98535,Harburg,Harburg,89.73289091582348
0uPXrKkisF8npCRH6GwN9Q,€,4.5,10,False,21073.0,564780.95117,5923907.02556,53.46018,9.975710000000001,Harburg,Harburg,286.7073515349662
7qe6iEYAad9IO1AnoXMP_Q,€€€,4.5,48,False,21079.0,565504.4944399999,5924602.29691,53.46634,9.98675,Harburg,Harburg,23.323466278522737
1-bduZSZdqAGhv85_-H5QA,€€,4.5,2,False,21073.0,564976.1457100001,5924057.56277,53.46151,9.97868,Harburg,Harburg,173.38560559191063
15RG_V8ydT4v-Dq62f71-Q,€€,4.0,47,False,21073.0,565275.99277,5923983.83438,53.460809999999995,9.98318,Harburg,Harburg,38.58044894260474
Tm4RNPABpZEI7s6RNXVy0g,,5.0,1,False,21073.0,565486.69672,5923588.27406,53.45723,9.98627,Harburg,Harburg,17.441182711778772
WONM0UT7TO0WPNlaPYamOg,€€,4.0,8,False,21079.0,565325.02389,5924645.013180001,53.46675,9.984060000000001,Harburg,Harburg,56.45013901572013
b9JwmnYApmHBlQ6jFg-S1A,€€,4.0,46,False,21073.0,565458.75973,5923540.17787,53.4568,9.98584,Harburg,Harburg,40.70369200607082
2VkAB3DkyJ_2RQSYKksLhw,€€€,4.0,62,False,21073.0,565113.0188399999,5924294.24961,53.46362,9.980789999999999,Harburg,Harburg,13.585655422822251
xij6Y-VVbGhK4jQZpuZWDA,€€,4.0,6,False,21073.0,565155.1026100001,5924275.913319999,53.46345,9.98142,Harburg,Harburg,10.395470340595955
kT54kKJUkaNBsbtfQkmmsw,€€,4.5,6,False,21073.0,565023.31908,5924081.16479,53.46171999999999,9.9794,Harburg,Harburg,169.9548768227455
RfZJkJvcrG-4TU1ayVKoFA,€€,3.5,31,False,21073.0,564978.95144,5923902.97401,53.460119999999996,9.97869,Harburg,Harburg,108.36891836765905
stc7YthQ_jis4ZAxtKCOew,€€,4.0,11,False,21073.0,565053.66859,5923926.25345,53.460319999999996,9.97982,Harburg,Harburg,31.958075453721513
CKQRmTkIuz3E0H9Lxv4Nzw,€€,3.5,21,False,21073.0,565214.8367699999,5923889.23816,53.45997,9.98224,Harburg,Harburg,93.05014918912434
9Uih8R-kHPO6QIra-CjtQw,€,4.0,24,False,21073.0,564995.71974,5923600.55897,53.4574,9.97888,Harburg,Harburg,183.1934632011973
qlWbNZaKXirvqm0hq_BO7Q,€€,3.5,44,False,21073.0,565015.09761,5924123.77829,53.4621,9.979280000000001,Harburg,Harburg,196.34990206834243
Uh7Dku50dXIfWmDiQ6xYQg,€,3.5,7,False,21073.0,565448.3640899999,5923475.499419999,53.456219999999995,9.985669999999999,Harburg,Harburg,102.34627010880888
RQqMIo4Ek0FJqJ2P5D3DDA,€,4.0,10,False,21073.0,565122.1461199999,5924065.16564,53.46156,9.98088,Harburg,Harburg,146.84554035262698
EVZkD8TyGDlbYFz8v410FA,,5.0,3,False,21079.0,565210.46152,5924691.70099,53.467180000000006,9.982339999999999,Harburg,Harburg,38.28868936082519
a6_1MO12bUkQMWN3bKAKTw,€€€,4.0,39,False,21073.0,565022.4989,5924165.04862,53.462469999999996,9.9794,Harburg,Harburg,155.3680525103842
FLs5M08YQIGFx65y_yjCSw,€€,4.0,14,False,21073.0,565205.59974,5923859.83665,53.4597,9.98209,Harburg,Harburg,118.26212106731823
JMcS_pgzXcJoDTyug5U7QA,€€,3.0,29,False,21073.0,565415.34036,5923558.49315,53.45697,9.98519,Harburg,Harburg,71.23373196740549
RtMCxMcwlDl3ZtQSklVR-Q,€,3.5,43,False,21073.0,565383.45695,5924039.8381199995,53.4613,9.984810000000001,Harburg,Harburg,46.74295870670603
gnxogqKBPeZYngFzKcaj5w,,4.0,1,False,21073.0,564966.60587,5924027.81254,53.461240000000004,9.978530000000001,Harburg,Harburg,158.48149835755822
K1AwSdC8Sd0SEZumdNh9Pw,€€,3.0,275,False,21079.0,565376.20106,5924392.1201599995,53.46447,9.98477,Harburg,Harburg,45.559799651071444
NgCFYoLGiXzjrwQGDV2W8Q,€€,3.0,8,False,21079.0,565561.49276,5923479.44487,53.45624,9.98737,Harburg,Harburg,68.95831284197051
nugXt5zdBJw3xpscNmkwcw,,4.0,3,False,21073.0,565510.90558,5923563.15244,53.457,9.98663,Harburg,Harburg,26.563050297095344
DCjxHknq-_I-m8-e0yVJ_A,€€,3.0,87,False,21073.0,565138.41408,5924282.35965,53.46351,9.98117,Harburg,Harburg,10.031734701154091
rWLMSvU75oNyUAq9aR2I1g,,3.5,3,False,21073.0,565156.51989,5923979.963219999,53.46079,9.98138,Harburg,Harburg,91.08888972700186
xL83_3wwHpUy8VlegrjYgQ,€€€,3.5,102,False,21073.0,565123.2216800001,5924276.587280001,53.46346,9.980939999999999,Harburg,Harburg,17.748745718322983
h48R1_44cHxVB6DuWJkRfw,€,3.0,4,False,21073.0,565219.53539,5923888.47951,53.459959999999995,9.98231,Harburg,Harburg,89.54037932966591
lI3WCd2uVB1Bgoy_Gu4fxQ,€,4.0,18,False,21073.0,565227.96145,5923999.862369999,53.46096,9.982460000000001,Harburg,Harburg,81.57483970344268
eH1rB0Kc5CX-szUqsWeiCg,,4.0,1,False,21073.0,565105.85403,5924284.13706,53.463530000000006,9.98068,Harburg,Harburg,23.36843920453064
dKmVeXBONK-Ky3lr83kYvA,,4.0,1,False,21073.0,565565.75454,5923630.67178,53.4576,9.98747,Harburg,Harburg,49.17783459903152
ZYzMjE-TO_m3pcbC3gVFSg,,3.0,1,False,21073.0,565131.01401,5924241.08912,53.46314,9.98105,Harburg,Harburg,48.39599132818985
les2_m_bDxfAflDLDtStkg,€,5.0,1,False,,565701.0159,5923546.569130001,53.456830000000004,9.98949,Harburg,Harburg,11.465334531272099
8_ZQO67CJEjBox0fqOA0Dw,€,4.0,2,False,21073.0,565189.73472,5923974.18954,53.460730000000005,9.98188,Harburg,Harburg,109.55168161905222
r109Jqlib2MXiZhlc_IaiQ,€€,3.0,7,False,21079.0,565603.41177,5923505.795609999,53.456469999999996,9.988010000000001,Harburg,Harburg,30.066314259425667
mpxfxZg4yEkvNEaiB4Ting,,3.5,6,False,21073.0,565335.25358,5923635.2741,53.45766999999999,9.984,Harburg,Harburg,135.23129864904317
18NbyuHVcmHFQHniZpt5LQ,,4.0,1,False,21073.0,565214.8367699999,5923889.23816,53.45997,9.98224,Harburg,Harburg,93.05014918912434
5vxkcyXLuqOuDQNW9aCyRw,€€,4.0,2,False,21073.0,565318.0073899999,5923866.23678,53.45975,9.983789999999999,Harburg,Harburg,76.7702337618126
BUxiGAHxRjtM82ywFjV_bw,€€,4.5,3,False,21073.0,564959.2398600001,5923936.0835,53.46041999999999,9.9784,Harburg,Harburg,126.89706934107909
Mrn-cXjAt7L168a8gGDyug,€,3.5,6,False,21073.0,565211.41007,5923851.64956,53.459630000000004,9.98218,Harburg,Harburg,119.83942317685255
UUCWxYZuVvwFSBQDeXCy9A,€€,4.5,10,False,21079.0,565549.8185,5923515.40118,53.45656999999999,9.987210000000001,Harburg,Harburg,83.37872745737921
t2KeQPf2njyeUstJ80yWmg,,2.5,2,False,21079.0,565481.63231,5923470.95237,53.45618,9.98617,Harburg,Harburg,99.99674815816638
Xw8JuSvkCJXP_veYJWafvw,,4.0,1,False,21073.0,565043.8730199999,5923971.777319999,53.460730000000005,9.97968,Harburg,Harburg,64.1155620796776
kVRS_McR3zw0Ql4wcQIqfQ,€€,4.0,15,False,21073.0,565078.33791,5924015.60586,53.461119999999994,9.980210000000001,Harburg,Harburg,92.90214273913745
AU5b-bvmRWAoP2A9-EvGbQ,€€,3.5,7,False,21079.0,565582.04307,5923518.1447,53.456590000000006,9.987689999999999,Harburg,Harburg,54.74659900698059
D0nfIlvK_wTibaSS9LyoqQ,,4.0,1,False,21073.0,564594.6496,5924425.11817,53.464859999999994,9.97301,Harburg,Harburg,75.01597610803923
CbUiL17tlxO2GqF6ckuBfQ,€€,3.5,15,False,21073.0,565392.45586,5923772.92198,53.4589,9.98489,Harburg,Harburg,29.645136178916182
fr2Cwrn5sR1id2P9eU2pIA,,1.0,1,False,21079.0,565599.7428,5923477.26046,53.456219999999995,9.98795,Harburg,Harburg,32.71503031611209
KNgLSOq74uet45R_GgMOfA,€€,3.5,3,False,21079.0,565539.32543,5923510.18181,53.45652,9.98705,Harburg,Harburg,81.12892103908705
fAg5Pzglm70q2pjFl941ow,€,3.0,1,False,21073.0,565030.51986,5924112.86345,53.462,9.979510000000001,Harburg,Harburg,197.6742224341919
DjrUqDZfLxqlLjWNhp9_Tw,€,4.5,2,False,21073.0,564797.75962,5924477.8641,53.465309999999995,9.97608,Harburg,Harburg,141.13960549103896
JLME-JhmhywsfAjxdGukJg,€€,3.0,10,False,21073.0,564879.68131,5923776.660180001,53.459,9.97717,Harburg,Harburg,157.78957156679343
1PycgNQ8LeD0tigqdTM5Zw,€,4.0,1,False,21073.0,565466.40683,5923563.4716,53.45701,9.98596,Harburg,Harburg,20.46863329677407
ar8n2pUvaFSD7k6hK1IQHA,,2.0,1,False,21079.0,565580.6218600001,5923501.8081,53.45644,9.98767,Harburg,Harburg,50.09223485318321
0eRwKOR0cRr25xWKQkaUxg,€,3.0,12,False,21073.0,564757.85107,5923901.05719,53.46013000000001,9.97536,Harburg,Harburg,305.10959286087234
E9dmhyidDuuUTPMBYS4cVw,€€,3.5,3,False,21073.0,565076.02594,5924280.3889,53.4635,9.98023,Harburg,Harburg,28.316808564386992
EiRV0a-OAkBMUonaYf-jXw,€,4.5,6,False,21079.0,565459.45716,5924455.02395,53.465019999999996,9.98604,Harburg,Harburg,25.08806731876569
QT6cMEwYzsTEFaQ2Iob6-g,,4.0,1,False,21073.0,565165.13718,5924270.48811,53.4634,9.98157,Harburg,Harburg,4.602828342195494
gAGnFIZbHDSlzsH2ATizNg,€€,3.5,5,False,21073.0,564863.30755,5923910.28951,53.4602,9.97695,Harburg,Harburg,218.13098199686732
KQ8Wlwj0F4nDhtiuS7dCAg,,3.0,1,False,21073.0,565432.85263,5923485.92214,53.45632,9.985439999999999,Harburg,Harburg,99.93800879055917
8hwCKvb8ks_FBjP4ujY1Hw,€€,1.5,3,False,21073.0,565219.53539,5923888.47951,53.459959999999995,9.98231,Harburg,Harburg,89.54037932966591
jRwG8fGkXFkRpsRnnFuyIg,,4.0,3,False,21073.0,565127.65043,5924002.93199,53.461,9.98095,Harburg,Harburg,90.40454576339769
OiRjhR0XPYINaGdKY6pSAw,€€,3.5,22,False,21073.0,564801.92253,5923931.702190001,53.4604,9.97603,Harburg,Harburg,280.73666115183335
G4zsU0sJR31QUzYWd8wrlw,€€,3.0,78,False,21073.0,565164.3301199999,5924232.6462900005,53.46306,9.98155,Harburg,Harburg,31.497455738126572
MAMwjqbBtwhc5hEvn8-2TQ,€€,3.5,33,False,21079.0,565217.34448,5924367.54192,53.46426999999999,9.982380000000001,Harburg,Harburg,40.751194830005424
KNricMRGqktNGZWp-aoyEg,,2.5,8,False,21079.0,565562.2458899999,5923515.474769999,53.45656999999999,9.98739,Harburg,Harburg,71.62106178136045
X8SOo9tuM7pzU78H8rx0Zw,€€,1.5,4,False,21079.0,565536.71186,5923506.94267,53.45649,9.98701,Harburg,Harburg,81.92071542448683
xQ9mWuzzbzULyF597RInPg,,2.0,1,False,21079.0,565504.46927,5924602.1964300005,53.46634,9.98675,Harburg,Harburg,23.220584782230492
JC6gdUGy79FIUd6T24wUIQ,,4.0,4,False,21079.0,565441.67746,5924583.62526,53.46618,9.9858,Harburg,Harburg,12.62307351886946
NSAJr-jy7QCoGSvvsuA3Bw,,1.0,1,False,21073.0,565360.55015,5923606.293319999,53.457409999999996,9.98437,Harburg,Harburg,109.664086095094
aV6FjXhMxupF7l26q1mcaw,,2.0,3,False,21073.0,565029.17475,5923906.907319999,53.46015,9.97945,Harburg,Harburg,58.53262352601851
i54hs9R9ZDMYQb8CkXd33g,,1.0,2,False,21073.0,565537.4642800001,5923563.51998,53.457,9.98703,Harburg,Harburg,52.49228179887049
SVQN8XTfkjCVD3U18EslLQ,,2.0,2,False,21079.0,565572.43362,5923499.97377,53.456419999999994,9.98754,Harburg,Harburg,57.792025756444076
B89ymG_m9xwOuQ0CWh5obg,€€€,2.0,2,False,21073.0,565443.38357,5923595.598730001,53.4573,9.985619999999999,Harburg,Harburg,34.984117730625506
4b6hJXdu-YanZmA93i45Gw,€€,3.0,6,False,21079.0,565536.00933,5923506.22214,53.45649,9.987,Harburg,Harburg,82.04983921080688
4-kUVcQhE_ErgwIPGhanqg,€,3.0,19,False,21073.0,565170.49799,5924025.77499,53.4612,9.9816,Harburg,Harburg,133.41358664306935
NlpB1dQu2XiRQSeTV733dw,€€,3.5,11,False,21079.0,565568.54171,5923520.14671,53.45661,9.98749,Harburg,Harburg,67.63330898391003
SAOF8FII-H4PfIV5J9-p5A,€€,4.0,29,False,21149.0,556401.70087,5925169.58263,53.47249,9.84975,Harburg,Neugraben-Fischbek,54.81507869920856
DIVGBv1Wi_VHjH7QEY76NA,€€,4.5,4,False,21149.0,556671.48375,5924877.29328,53.469840000000005,9.853760000000001,Harburg,Neugraben-Fischbek,98.87625293683388
_7drLx2S3W9MRaSGq7I5og,€€,4.5,17,False,21149.0,559252.16297,5923917.96067,53.460930000000005,9.89245,Harburg,Hausbruch,43.59051626647217
ytna7AExPNRhMVE0JWb2lg,€€,4.0,19,False,21149.0,556717.42565,5924863.76992,53.46971,9.85445,Harburg,Neugraben-Fischbek,145.9449049052875
lsvCI5YWm-9xAJ2Mujc9oA,€€,4.0,4,False,21149.0,557291.0688199999,5925092.12647,53.4717,9.86313,Harburg,Neugraben-Fischbek,59.36942641585853
k9ItjxDeGs52UDh4EjcfRQ,€,4.0,18,False,21149.0,556637.91305,5925197.75257,53.472719999999995,9.85331,Harburg,Neugraben-Fischbek,274.32525310188186
iJdyFvgYnEFInkfDkCjiQQ,€€,4.0,10,False,21149.0,556560.07164,5925156.7669,53.472359999999995,9.85213,Harburg,Neugraben-Fischbek,211.30669466429475
KaMlL3EyCdcSzkDAfVIt-g,,3.5,3,False,21149.0,558876.85241,5924943.58141,53.47019,9.886989999999999,Harburg,Hausbruch,95.96204534070812
ng4easez7Xfrmr0yqYzbJg,,4.0,1,False,21149.0,556726.64731,5925193.8085900005,53.472680000000004,9.85465,Harburg,Neugraben-Fischbek,304.3015080346471
mf57nmVCUd0KL3CdqSIphQ,,4.5,3,False,21149.0,556695.0461800001,5924639.89667,53.4677,9.85407,Harburg,Neugraben-Fischbek,35.76433103360725
p154M1TKs2ILBPVdSX9CbA,,4.0,3,False,21149.0,557466.932,5924276.47385,53.46435,9.86563,Harburg,Neugraben-Fischbek,2.3779273440306645
_BNYVKl7NdOIzbpEfeFD0Q,€€€,4.0,8,False,21149.0,558911.33167,5925163.46751,53.472159999999995,9.88755,Harburg,Hausbruch,56.19602010189473
kUPu-a5NGKnDVWa4gjoKmQ,€€,3.0,22,False,21149.0,556639.50826,5925208.67544,53.47282,9.85334,Harburg,Neugraben-Fischbek,285.316467966925
VmKHDB9yn_W5vXAI13Ojkw,€€,3.5,15,False,21149.0,560043.8315,5924954.90533,53.47016,9.90457,Harburg,Heimfeld,23.66736716664694
kfGyGne8Qn3mxvhXHzMIyQ,€€,3.0,14,False,21075.0,561233.24473,5925079.51872,53.471140000000005,9.92251,Harburg,Heimfeld,91.91201278302076
RUvELTNuACC7Q89V3-0QbQ,€€,2.5,7,False,21075.0,561644.45349,5925067.43694,53.47099,9.9287,Harburg,Heimfeld,136.49210915147296
agbaBEb4rmoaZ3h09UTdIg,€€,4.5,15,False,21075.0,562088.7887,5923873.08945,53.4602,9.93516,Harburg,Heimfeld,75.35031475326055
ZaXibVd2g4B38GUxI22v4Q,€,4.5,16,False,21075.0,563030.38561,5923674.127069999,53.4583,9.9493,Harburg,Heimfeld,60.249053722348506
gmU8_qjS5m4hKHl3g2M7wA,€€,3.5,17,False,21075.0,563419.96313,5924325.78425,53.46411,9.9553,Harburg,Heimfeld,34.72711736069204
OjiJ_8pv3PQJbH1Rbxd6Vw,,4.0,1,False,21075.0,563038.99022,5924174.93725,53.4628,9.949530000000001,Harburg,Heimfeld,65.47909509575308
Y3Bsu-Fkjhsw8VEaYylimw,,5.0,1,False,21075.0,562411.75523,5923955.22184,53.4609,9.94004,Harburg,Heimfeld,94.29397542271464
obRhSBOl1pAwV8Jz-02KFQ,€€,4.5,15,False,21073.0,563718.9247699999,5923484.17737,53.456509999999994,9.95963,Harburg,Eißendorf,26.13754917346848
WD4KmmTtqnOn8kJMC4er1w,€,4.0,6,False,21073.0,563640.7361600001,5923500.81709,53.456669999999995,9.95846,Harburg,Eißendorf,55.69804551200456
JqMC608vO708M-83lqNlWA,€€€,2.5,21,False,21075.0,562184.23291,5925109.57703,53.4713,9.93684,Harburg,Heimfeld,17.61015396735839
TP2FO0XHHYiSkc9n11_whA,€,4.0,9,False,21073.0,564397.03625,5923982.77781,53.46091,9.96994,Harburg,Harburg,367.68539968024754
w15gfISowfag6zXhxzzixw,,3.5,3,False,21073.0,564359.52564,5924163.63626,53.462540000000004,9.96942,Harburg,Harburg,367.15575739950737
aOVr_1InH-itw8xNtb2htw,,5.0,1,False,21075.0,563940.2504199999,5924454.06374,53.4652,9.96316,Harburg,Heimfeld,322.6803540785767
xWPaFWRxkCkBE2Ht-ggMkg,,4.5,2,False,21075.0,563865.5365899999,5924430.80183,53.465,9.96203,Harburg,Heimfeld,245.1235925877206
2JZ__YSSPGnO8hLmwjAXVQ,,4.0,2,False,21075.0,563891.33955,5924486.78315,53.4655,9.96243,Harburg,Heimfeld,295.4789615436663
SQ-SJMjgBl45p31AbZtPYg,€€,4.5,38,False,21073.0,564193.72489,5923652.928069999,53.457969999999996,9.96681,Harburg,Eißendorf,262.57316230663014
jJck6CD-Z9C-L69HVNI_Jw,€€,3.0,49,False,21075.0,564212.37819,5924328.56731,53.464040000000004,9.96723,Harburg,Heimfeld,326.9699044382223
HGZAdxmEZja3-J06xwYzwQ,,5.0,4,False,21075.0,563811.91519,5924418.95204,53.4649,9.961219999999999,Harburg,Heimfeld,192.1837997795682
P84L8e-FePm3E_QI9T-pSg,€,3.0,45,False,21073.0,564248.11166,5923667.68531,53.4581,9.96764,Harburg,Eißendorf,318.50434236105093
n_Yio-a9VzssOtDbgezpRA,€,5.0,3,False,,566321.34665,5934220.79688,53.55268,10.00109,Hamburg-Mitte,Hamburg-Altstadt,105.66916468504186
APvIA_7ssxgC0atmQEFMcg,€€,4.5,3,False,20259.0,563289.66184,5936277.44658,53.57154,9.95575,Eimsbüttel,Eimsbüttel,12.396766027174861
cGIKCcR0wZszz8VldC2-7g,€€,4.0,1,False,22767.0,562763.60978,5933861.31875,53.549890000000005,9.94732,Altona,Altona-Altstadt,1.7527887193265694
SeodQIjOcsrznD7rwIB-Jw,€€,3.5,27,False,,568142.55235,5932589.27228,53.53779,10.02822,Hamburg-Mitte,Rothenburgsort,33.76426968311695
z111X_0D0eONCDL2EtSAaA,€€,4.5,27,False,21149.0,555571.71977,5925092.76401,53.47189,9.83723,Harburg,Neugraben-Fischbek,57.01166590337379
dyIcQ0Aavrhchxq9ckJHQQ,,3.0,2,False,21149.0,555762.68041,5925163.59255,53.47251,9.840119999999999,Harburg,Neugraben-Fischbek,24.487459596510337
TT2qrIUU5O4RVRyMdcPMTQ,,4.0,1,False,21149.0,555727.4291,5925089.36571,53.47184,9.83957,Harburg,Neugraben-Fischbek,71.19129837485303
uHc4UEeB61WcdGsIXtxz1A,€€,2.5,10,False,21149.0,556181.30019,5925301.34714,53.4737,9.84645,Harburg,Neugraben-Fischbek,187.7585496791801
iDbFa_QS9dWsxaVWCZjy8Q,€€,4.0,6,False,21029.0,580582.25069,5927212.28069,53.4877,10.2145,Bergedorf,Bergedorf,82.17155153118395
uwN7W2qQoeTgwR2RtbzE3Q,€€,5.0,7,False,21029.0,580380.0432300001,5927234.64442,53.48794,10.21146,Bergedorf,Bergedorf,65.13291588796473
Lz0Ub6tuzImPgQJZCLv8qA,€,4.5,16,False,21029.0,580086.1329600001,5927398.14054,53.48945,10.20707,Bergedorf,Bergedorf,15.747179603110306
wEtVg37Ypxat_mW1ZrRuWg,€€,4.0,18,False,21039.0,581631.77838,5925627.4544,53.4733,10.2299,Bergedorf,Bergedorf,18.797624848060266
eB5ZgXwqX4OjH3PjvcVqqw,€€,4.5,12,False,21029.0,580771.67829,5927009.20641,53.48585,10.2173,Bergedorf,Bergedorf,51.86552209746796
Zv1LeZIpUf-fgVDZnfsTyg,€€,3.0,5,False,21029.0,580533.9997800001,5927079.17225,53.48652,10.21374,Bergedorf,Bergedorf,95.63688499389951
GK_fTWOJbRbQO30X1t58-A,,4.0,3,False,21029.0,580194.41794,5927259.58973,53.48819,10.20867,Bergedorf,Bergedorf,21.197460365860245
8RTFCEVFVel7jHWdyzyS7g,,4.0,1,False,21029.0,580611.34382,5927023.941240001,53.48601,10.214889999999999,Bergedorf,Bergedorf,108.02246007605316
zSJs6UlQpjoeyYtP0KmIXw,€€,4.0,53,False,21029.0,580486.08915,5927059.97564,53.48635,10.21301,Bergedorf,Bergedorf,107.19604027586689
Zz4ls--O20WxfSrE-Mardg,€€,4.0,14,False,21029.0,580309.7673399999,5927008.00583,53.48591,10.210339999999999,Bergedorf,Bergedorf,91.54856308886815
VYiOF0mjK_FuOVMWxSs-Ag,€€,3.5,29,False,21029.0,580515.8049699999,5927289.0421,53.4884,10.213519999999999,Bergedorf,Bergedorf,62.60446211200658
QvEg8ddyF1ZbpZ-q1YxnwA,,5.0,1,False,21035.0,579527.7267100001,5926377.64405,53.48036,10.1984,Bergedorf,Bergedorf,23.009859082683015
XguDzRJ2azu46Kze_kRgCA,€€,4.0,8,False,21029.0,580805.1385,5926993.086569999,53.4857,10.2178,Bergedorf,Bergedorf,61.573335127160966
f5g2ILmgueS9e83nQ4N77g,€,4.0,18,False,21033.0,579805.99537,5927324.413819999,53.48883000000001,10.20283,Bergedorf,Bergedorf,18.648991956825714
-ihNFjY9pJ247MVW51LvEQ,€€,4.5,5,False,21035.0,579613.49362,5926932.81827,53.48534,10.19983,Bergedorf,Bergedorf,30.908089357173388
5ofzRX3nd1gxx9e9z7MASw,€€,3.5,5,False,21029.0,580437.56198,5927142.606919999,53.4871,10.2123,Bergedorf,Bergedorf,23.053849174846157
HyAhvvMP0iVtRYjm6VWyGA,€€,3.0,42,False,21029.0,580280.93807,5927181.11764,53.487469999999995,10.20995,Bergedorf,Bergedorf,25.841949628354012
XUkBWdxfYvIQ9J3Dq5BtIw,€€,3.0,42,False,21029.0,580170.68908,5927342.82267,53.48894,10.20833,Bergedorf,Bergedorf,22.720443102336414
ipf3737p-Jpij5seiTyztg,€€,3.0,50,False,21029.0,580411.09831,5927137.70586,53.48706,10.2119,Bergedorf,Bergedorf,4.194683920735773
nuC2B4JHpAGoRMq5FUCeRw,€€,3.0,1,False,21029.0,580073.84351,5927340.06909,53.48893,10.20687,Bergedorf,Bergedorf,13.711644152949352
DEm3YYWieo1IwwnNsCMWQw,€€€,3.0,17,False,21029.0,580381.83617,5927297.44558,53.4885,10.2115,Bergedorf,Bergedorf,99.64585795650136
1mSvHvNrgw8QDONThwxEMQ,€€,4.5,98,False,21029.0,580371.59511,5927300.231459999,53.488530000000004,10.21135,Bergedorf,Bergedorf,90.86692325866392
2owx8XU_Kh6NQYkWDCOHfA,€€€,2.5,2,False,21035.0,579588.83031,5926919.0278900005,53.48522,10.19945,Bergedorf,Bergedorf,6.994976341836264
UsN7oty__ct1qIZLJ2SSkQ,€€€,4.0,5,False,21029.0,580482.3019600001,5927243.51635,53.488,10.213,Bergedorf,Bergedorf,77.01213844976553
YvxXpdzIc8JEAs5LrzePDQ,€€,3.0,8,False,21029.0,580509.50289,5927166.08622,53.4873,10.213389999999999,Bergedorf,Bergedorf,5.951011383762117
QOgAHBJ-mrD0tRC3rLOEvg,,5.0,1,False,21029.0,580504.67777,5927119.814590001,53.486880000000006,10.21331,Bergedorf,Bergedorf,52.45016746920344
po87ojNd_qixKGwCCQboLQ,€€,4.0,2,False,21029.0,580307.07118,5927295.2851599995,53.488490000000006,10.21037,Bergedorf,Bergedorf,34.11817941906084
nXrodL-98LfldQ-dJfmxdw,€€,4.0,75,False,21029.0,580352.8772,5927299.66318,53.488519999999994,10.21106,Bergedorf,Bergedorf,73.4236330062616
e7ddDbWUKeYiuy4cGDTUdw,€€,3.5,5,False,21029.0,580246.64275,5927267.76463,53.48825,10.20946,Bergedorf,Bergedorf,7.992509220314222
5ZD5tiAehHozj6CNAa_57g,€€,3.5,6,False,21033.0,579425.15951,5927242.42415,53.48815,10.19707,Bergedorf,Bergedorf,6.975890694652199
TttYOxgubZqsIApBXps3xw,€€,3.0,15,False,21029.0,580866.7559100001,5926882.86365,53.4847,10.2187,Bergedorf,Bergedorf,83.8561831435511
XF9HfsuWnwXbZhb73aoGXw,€€,3.0,4,False,21029.0,580100.50768,5927297.066269999,53.48854,10.20726,Bergedorf,Bergedorf,57.08854655492683
9S37wxwpvOG8JMS2LNEH3A,€€,2.5,10,False,21029.0,580091.52401,5926413.44301,53.4806,10.2069,Bergedorf,Bergedorf,20.116846875589395
tGQv0AasqyralxGUsJIZqQ,,3.0,2,False,21029.0,580239.6494100001,5927072.4795,53.4865,10.2093,Bergedorf,Bergedorf,17.337660536145574
MjvA08ZvJZu0J29TPqUS-Q,€,3.5,2,False,21029.0,580895.17492,5927161.53985,53.4872,10.2192,Bergedorf,Bergedorf,98.6704782275752
Rrh0HV26K299ffOtiycYKw,€€,3.0,26,False,21029.0,580387.21032,5927336.96196,53.48885,10.21159,Bergedorf,Bergedorf,79.02772212035242
DzijpgyXpN0nj83FU0wc_g,,5.0,1,False,21029.0,580228.13663,5927242.53601,53.48803,10.20917,Bergedorf,Bergedorf,27.502555651419712
edje85kZBoKiccEv6Wo4mQ,€€,4.5,6,False,21029.0,580846.21043,5927152.913240001,53.48713000000001,10.21846,Bergedorf,Bergedorf,112.64017805478655
HzyLYlgBFOHtKIWnc6QkfA,€€€,3.5,3,False,21029.0,580247.5164600001,5926569.64702,53.48198000000001,10.20929,Bergedorf,Bergedorf,99.75077705669739
JayE4rK3kl3b6_gNXpqqQw,€,4.0,1,False,21029.0,580849.2549899999,5926902.59415,53.484880000000004,10.21844,Bergedorf,Bergedorf,58.41347148060783
uFh86dusfDcIqUPZlAPWjA,€€,2.5,3,False,21033.0,579275.93648,5927307.7648,53.48876,10.19484,Bergedorf,Bergedorf,27.303801695820198
-FGEmzXxd6vzetcdQNksdg,,1.0,1,False,21029.0,580512.68507,5927018.1435,53.485969999999995,10.2134,Bergedorf,Bergedorf,92.75401395320141
3egK5RDiKkrS11o-krMX3g,€€,4.5,16,False,21029.0,582323.97835,5926126.06034,53.477669999999996,10.24046,Bergedorf,Bergedorf,15.053700755538607
vnrTvNw0oatmQ46Bu7XMZA,€€,4.0,10,False,21029.0,582400.21422,5926486.478130001,53.4809,10.2417,Bergedorf,Bergedorf,48.48390107691429
g9ylvGdAVIch-Y52TLGCww,€€,3.0,6,False,21029.0,582545.32835,5926512.0425,53.48111,10.243889999999999,Bergedorf,Bergedorf,12.566937568941164
dpRmaAsro244woCbG-KXsQ,€€,4.0,46,False,21037.0,573285.0773199999,5927141.55038,53.48814,10.10453,Bergedorf,Allermöhe,97.91531535527545
HOF5OiBdvdlwq1KVzE9ZWw,€€,3.0,11,False,21037.0,573149.6686,5925700.49633,53.4752,10.10215,Bergedorf,Ochsenwerder,44.86571821722428
uediSPOOphx_pjHdEh8o6w,€,4.5,4,False,21037.0,577828.4728100001,5925456.99039,53.47234,10.17257,Bergedorf,Allermöhe,36.86857297243193
uL2lgxX9ZyWuL5b_tM3V7w,,4.5,6,False,21035.0,578314.96481,5927073.59945,53.4868,10.1803,Bergedorf,Neuallermöhe,72.16391482871897
Cw7U5VNrO8Xc8RbOyv1eGg,€€,3.5,3,False,21035.0,577966.16061,5926671.308119999,53.48324,10.17494,Bergedorf,Neuallermöhe,39.70857259800117
5hLgt7EOAsakw7gvQXO2hg,€€,5.0,1,False,21035.0,577969.7331899999,5926678.43535,53.4833,10.175,Bergedorf,Neuallermöhe,35.10634501769996
uH_upvPztOicOQbLPKIxBg,,5.0,1,False,21035.0,577973.89702,5926679.50546,53.483309999999996,10.17506,Bergedorf,Neuallermöhe,36.722218494880046
EyRhmv16rRxKLtyuVHlaGg,€€,4.0,2,False,21035.0,577963.50763,5926671.31408,53.48324,10.1749,Bergedorf,Neuallermöhe,38.73152964195532
cFLgL5djHrgc4x8w-5SrRw,€,3.0,1,False,21035.0,578288.60935,5927062.03565,53.4867,10.1799,Bergedorf,Neuallermöhe,77.90455343898991
svMvWfP_oj_T5ol1u3gH0A,€€,3.5,20,False,21109.0,567433.47914,5926917.06057,53.4869,10.0163,Hamburg-Mitte,Wilhelmsburg,17.715164868134284
ceta9UkTZYUYM_fBq7G_hQ,,1.0,1,False,21109.0,568008.48843,5926157.5401800005,53.48,10.0248,Hamburg-Mitte,Wilhelmsburg,11.197783075756725
_jg-uq_jg1L9ASCZNd54Tg,€€€,4.0,1,False,21109.0,567617.25438,5926734.97865,53.485240000000005,10.01903,Hamburg-Mitte,Wilhelmsburg,11.75192344471086
45K9V6Od-olAsZzNnCq1Ew,,5.0,1,False,21037.0,570539.27398,5926012.45029,53.478359999999995,10.0629,Bergedorf,Spadenland,19.936338745862436
Xj9G0gSsZLrLBp4Pu3Pt7A,€€,4.0,22,False,21037.0,571881.71617,5925736.83247,53.4757,10.083060000000001,Bergedorf,Ochsenwerder,42.08853776496394
GzkdZKdjaoIzIz0SzaoKdg,,3.5,5,False,21107.0,565821.4299699999,5926351.36561,53.48202,9.99189,Hamburg-Mitte,Wilhelmsburg,123.71907912391431
eFE5SnsanlNihnFs1fORDw,€€,3.5,7,False,21109.0,566348.04642,5927292.00305,53.49041,10.00002,Hamburg-Mitte,Wilhelmsburg,8.190271983897034
xmU6uVUEbYDgtmppRidtYg,,4.0,1,False,21107.0,565716.34132,5926892.889880001,53.4869,9.99042,Hamburg-Mitte,Wilhelmsburg,11.505251786042294
viU8W58X8U7CIk18WRp8IQ,€€,4.5,7,False,21147.0,558919.4519,5925840.8996,53.47825,9.8878,Harburg,Hausbruch,314.855408161268
WvHcp_RfDgRiD5yS8bYnZw,€,4.5,3,False,21147.0,557268.0892800001,5925948.57583,53.4794,9.86294,Harburg,Neugraben-Fischbek,288.39955009087436
6_i0Ifuq-HxOqLvguRO4UA,,4.0,1,False,21147.0,557737.70051,5925647.1962,53.47664,9.86996,Harburg,Neugraben-Fischbek,156.2048732971962
gLtQQkYai9Znzw4n2GgsUg,,4.5,2,False,21147.0,556884.74327,5925653.24375,53.47679,9.85711,Harburg,Neugraben-Fischbek,289.09062594124714
nQ4PwWDBJX1S6HlUaFV-WA,,5.0,1,False,21147.0,558068.48696,5926040.5004,53.480140000000006,9.87502,Harburg,Neugraben-Fischbek,22.246299031447137
9nxH2XceyoLqm7cYttMa1w,€,4.5,6,False,21147.0,558053.48765,5926039.37058,53.48013,9.874789999999999,Harburg,Neugraben-Fischbek,21.12907956081034
LqO9oPYXKNQxbKlkmyKReg,€€,4.5,30,False,21079.0,562133.71959,5927160.28488,53.489740000000005,9.93649,Harburg,Moorburg,220.9505854246304
aAKi6ncepOps5ayCZfZM8A,€€,4.5,13,False,21031.0,580039.5481199999,5928079.26352,53.495580000000004,10.206539999999999,Bergedorf,Lohbrügge,35.593036247205895
VL0pEEHT9ogmfMwXwD-5zw,€€,4.5,30,False,21029.0,581347.1861899999,5927400.303,53.48928000000001,10.22607,Bergedorf,Bergedorf,252.7945785134299
QmjFGY9B_GncEmCnrzLhNQ,€€,4.5,10,False,21029.0,580340.97809,5927540.77739,53.49069,10.21095,Bergedorf,Bergedorf,25.69529495021882
-y32zu4-y6NOWlPed6dNIQ,€€€,4.0,13,False,21029.0,581382.82963,5927748.54403,53.4924,10.2267,Bergedorf,Bergedorf,107.25329474209006
PdMnHFRCwzO1PGqvfCpnrg,,5.0,3,False,21033.0,579504.28413,5927783.34998,53.493,10.1984,Bergedorf,Lohbrügge,36.024863425037104
nPPmY-N0ALc-bfAz7huaQg,€,4.0,15,False,21031.0,580106.81829,5927618.705490001,53.49143,10.20744,Bergedorf,Lohbrügge,67.54274056766121
5N_GFt0eu3sCXEbvuWF_xA,€€,4.5,16,False,21031.0,579981.60404,5928751.70968,53.501630000000006,10.20584,Bergedorf,Lohbrügge,27.357070892998532
_2qYJYNRbeHNqB6W6ALWxg,€€,4.5,4,False,21031.0,579985.29495,5928062.97507,53.49544,10.20572,Bergedorf,Lohbrügge,5.847653828373707
zonrbXJvqBtw1CA_5YMJRQ,€€€,4.0,9,False,21029.0,580549.20166,5927835.53074,53.49331,10.214160000000001,Bergedorf,Bergedorf,45.409843759075926
ssPTSOBjG7hS3h7hcOHsYQ,,4.0,1,False,21031.0,579135.5568199999,5928879.9021,53.50291,10.19312,Bergedorf,Lohbrügge,4.623880713467007
uvR7nZx1CY5pKQIM48ZZGA,€€€,3.5,10,False,21031.0,579951.72453,5928792.37624,53.502,10.2054,Bergedorf,Lohbrügge,47.23096271098077
hG3SYB9Q99Y9Y1nN7UqblQ,€,4.5,2,False,21029.0,580640.64155,5927413.773130001,53.489509999999996,10.21543,Bergedorf,Bergedorf,113.98042881243758
ro0WL2LKDt9QzdE4QnuzoQ,€€,4.0,12,False,21031.0,580018.52914,5927981.193390001,53.4947,10.2062,Bergedorf,Lohbrügge,9.843176302757247
JfKWYXLZiYXl_51QhxdYaQ,€€,4.5,2,False,21029.0,581230.62996,5927723.67162,53.4922,10.2244,Bergedorf,Bergedorf,43.510376570355234
OKLnmkZ6bYNYDAEjW6U0Cw,€€,4.0,6,False,21029.0,580230.57723,5927407.7106099995,53.489509999999996,10.20925,Bergedorf,Bergedorf,9.139283782067803
mOPs94-ltSa41cqVn9hGIQ,€€,5.0,1,False,21029.0,580222.1860699999,5927515.06063,53.490480000000005,10.20915,Bergedorf,Bergedorf,50.19585297777681
Fr2vBIGYy5vB55SJYItQ9g,€,4.5,4,False,21029.0,580116.53989,5927364.115619999,53.48914,10.20752,Bergedorf,Bergedorf,26.105277041489696
FuDqMFs1-ce6w0Pi8NCU1w,€,3.5,9,False,21029.0,580186.58618,5927479.15707,53.490159999999996,10.2086,Bergedorf,Bergedorf,5.13924849824668
8KfeWOJl-gMUhwRXmWJ1pA,,3.5,2,False,21029.0,580435.19495,5927426.81455,53.48965,10.21234,Bergedorf,Bergedorf,75.70292016746602
qYs2XBBr-SN0Lvz_VnhBiw,,3.5,4,False,21029.0,580084.16505,5927351.2813800005,53.48903000000001,10.20703,Bergedorf,Bergedorf,21.77944748425985
3iOc8w6sYCVtqP43tMLrag,€€,4.0,8,False,21031.0,579806.48826,5928396.0058699995,53.498459999999994,10.20311,Bergedorf,Lohbrügge,168.31961797936398
2Qg2-LgGVjSclZT_TRpo0Q,€€,3.5,10,False,21029.0,580219.96346,5927450.48298,53.4899,10.2091,Bergedorf,Bergedorf,14.808178156521006
ECY6Bpg-yRIOkLiePIWplw,€€,3.5,13,False,21031.0,580037.38301,5927921.86873,53.49416,10.20647,Bergedorf,Lohbrügge,28.748224301263
7EHpIWHvoW_oPx26KcXTRg,,3.0,5,False,21031.0,580079.60739,5927900.99619,53.49397,10.2071,Bergedorf,Lohbrügge,7.203887199541685
ZZZQ923szOGq3s-8Po7SxA,€,5.0,2,False,21031.0,580096.0218600001,5927715.44375,53.4923,10.2073,Bergedorf,Lohbrügge,1.5199577830166944
OakpPP3OESsTSLAoX0AXCg,€€,3.5,2,False,21031.0,580081.43496,5927793.08968,53.493,10.2071,Bergedorf,Lohbrügge,61.70144508064862
eaar-pJ3iU3FLRGcMykupw,€€,4.0,21,False,21029.0,580174.9127399999,5927524.2737,53.49057,10.20844,Bergedorf,Bergedorf,36.12893206121742
a4PMQ5JQrr6kiNm88A2zCw,€€,3.5,12,False,21031.0,579867.51944,5928291.36918,53.49751,10.204,Bergedorf,Lohbrügge,99.86511966097325
LPscYMQOIhBdkNmYsBSitw,€€,4.0,1,False,21031.0,579881.15705,5928257.0596199995,53.4972,10.2042,Bergedorf,Lohbrügge,84.42913277051882
wns0tEarHxA0M5UsbrY-XQ,€,5.0,2,False,21031.0,579795.6081600001,5928369.83755,53.49823000000001,10.20294,Bergedorf,Lohbrügge,157.69341444903463
p0Bm5o6fbrknwGEVtzikRA,€€,4.0,6,False,21031.0,580098.67547,5927715.4887,53.4923,10.20734,Bergedorf,Lohbrügge,4.0774109178013545
QzVpEFaN0XZe6jALMZg1sQ,€€,3.5,7,False,21029.0,580227.9310699999,5927433.9877,53.48975,10.20922,Bergedorf,Bergedorf,7.986672080959585
IDjcVVGyESwwvbvN1bLjuQ,,4.0,1,False,21031.0,580130.88861,5927615.88633,53.4914,10.2078,Bergedorf,Lohbrügge,88.7333799445935
YwskX4DDso1WQLrpsERCuw,€,4.0,2,False,21031.0,579489.50639,5928662.17751,53.5009,10.1984,Bergedorf,Lohbrügge,33.958668278010975
7OmvdNUi9n4EcBLmZUtxMA,€€,3.0,4,False,21029.0,580100.92116,5927426.209919999,53.4897,10.2073,Bergedorf,Bergedorf,18.86598402981472
fa8IxUKMS_g7Vb5OZM4nrQ,,4.0,4,False,21031.0,579435.65972,5928708.00803,53.50131999999999,10.1976,Bergedorf,Lohbrügge,49.414959229118146
U8ZdmizPZNi-wSW6nyMr5A,€€,2.0,2,False,21031.0,579512.42253,5928655.513730001,53.500840000000004,10.198739999999999,Bergedorf,Lohbrügge,28.89264842226816
ssnLRo5BRqn2epOzxnHryg,€€,2.0,5,False,21031.0,580564.75532,5929025.33765,53.504,10.2147,Bergedorf,Lohbrügge,73.93315831391142
dGHvj7ZvUZcTMzLWoNlb0A,€€,3.0,30,False,21033.0,577077.58349,5929289.87854,53.5069,10.1622,Bergedorf,Billwerder,22.523823065592833
gvtbA9qV81QUCbQLCmLJ_A,€€€,4.5,7,False,21033.0,577545.15991,5929052.7237599995,53.5047,10.169189999999999,Bergedorf,Billwerder,22.828196427642595
BuWxbW6pbqxsXs0eB7hrWA,,3.5,2,False,21033.0,578375.433,5927349.44936,53.48927,10.181280000000001,Bergedorf,Bergedorf,19.629851444054005
P60dbmGnbgDrqUFTDPUIoQ,€€,4.5,22,False,21109.0,566444.04274,5929254.83892,53.50804,10.00189,Hamburg-Mitte,Wilhelmsburg,17.676022262771436
yFKrFeN3B3-AZh6FClPM0A,€€,5.0,9,False,21109.0,566626.06501,5928060.01897,53.49726999999999,10.004380000000001,Hamburg-Mitte,Wilhelmsburg,122.99252641203853
tsMbmtFE7c8oI4BpbBWfkQ,€€,4.0,1,False,21109.0,566544.39654,5927754.68914,53.49454,10.00308,Hamburg-Mitte,Wilhelmsburg,66.2477698958164
gd_YrUKvO5wVpw5Z7zPQWQ,€€,4.0,12,False,21109.0,567973.31207,5928281.155040001,53.49909,10.02473,Hamburg-Mitte,Wilhelmsburg,54.164237058625496
sdAZwPKxjK9G_tgdBTQm_Q,,5.0,1,False,20457.0,566581.17272,5927938.08053,53.49618,10.00367,Hamburg-Mitte,Wilhelmsburg,50.29353672769085
AlDUWW2NRY5iWci8qbBJag,€€,4.0,1,False,21109.0,566914.74366,5928491.716109999,53.50111999999999,10.00882,Hamburg-Mitte,Wilhelmsburg,138.01711701654665
O3_9LrM2z7eyznSAP9KrsA,€,4.5,7,False,21109.0,567228.54908,5927600.43943,53.493069999999996,10.01336,Hamburg-Mitte,Wilhelmsburg,47.16819821831059
bV7QqSWeT214eEYNKFHfUQ,€€€,3.0,7,False,21109.0,567063.9936,5928169.13916,53.4982,10.011,Hamburg-Mitte,Wilhelmsburg,158.15279332194063
_lnuho27eVj0Mo9uaUwKjw,€,3.5,9,False,21109.0,566905.71126,5928149.09357,53.49804,10.008610000000001,Hamburg-Mitte,Wilhelmsburg,32.79737940277174
0N2WPiWN_kI_3TQlab_uAg,,3.0,2,False,21109.0,566935.91102,5928218.50745,53.49866,10.00908,Hamburg-Mitte,Wilhelmsburg,104.15963401850365
gBH3d24lctwqqCQkiAyNWw,,1.0,1,False,21109.0,566791.89875,5928126.11503,53.49785,10.00689,Hamburg-Mitte,Wilhelmsburg,11.438039969873607
lb_5Il0RiWf-WYoleqq4SA,€€,4.0,6,False,22113.0,571629.25284,5928637.68083,53.50181,10.07992,Bergedorf,Moorfleet,214.69578707060143
5fZ9jkrklSrRyUbPaMAWjQ,€€,4.0,9,False,22113.0,571629.33878,5928589.980280001,53.501380000000005,10.07991,Bergedorf,Moorfleet,210.1855427635234
UFrxnnO3z2TUk_h395E1hw,€€,3.5,18,False,21037.0,571893.3315600001,5927905.63196,53.49519,10.083730000000001,Bergedorf,Tatenberg,15.366733137491094
k2BdDVKGXUPzG9rsKA9x2Q,€€,4.5,7,False,21037.0,571872.01727,5927872.59426,53.4949,10.0834,Bergedorf,Tatenberg,4.07034422005312
P7YC7oThRqesvw1RFWzRAQ,,5.0,1,False,22113.0,572226.8256399999,5929207.549930001,53.50685,10.08905,Bergedorf,Moorfleet,258.28099315729185
k2VcY6vDQSyLZBkdegOzew,€€,4.5,9,False,21107.0,565385.08628,5928953.8696,53.50546,9.98586,Hamburg-Mitte,Wilhelmsburg,6.988352804944562
83Aj0NzMKmvnm0yg9gtsoQ,,4.0,5,False,20148.0,565374.97547,5928979.87765,53.5057,9.985710000000001,Hamburg-Mitte,Wilhelmsburg,15.50814665862233
pSzgOFD0cfVQtC8A8IMI4w,,4.5,4,False,21107.0,566063.87901,5928384.49244,53.50026,9.99597,Hamburg-Mitte,Wilhelmsburg,14.17137309361396
jfNuFmyWQfl-dUt-SPQ7OA,€€,3.5,4,False,21107.0,565394.60238,5928946.88012,53.5054,9.986,Hamburg-Mitte,Wilhelmsburg,5.351635750815089
gyezVlqRrOVwzDiFzbpP6A,€,2.0,11,False,21109.0,566309.7532,5928324.65673,53.49969,9.99966,Hamburg-Mitte,Wilhelmsburg,32.55696106835494
dijCqK6CmPhlUPC17sKHgg,,4.0,1,False,21107.0,565407.9436,5928941.50134,53.50535,9.9862,Hamburg-Mitte,Wilhelmsburg,7.35907800557091
JzOAhg3YkiIpBkWfy-cIPg,€€,3.5,13,False,21107.0,565420.43686,5928949.46298,53.505419999999994,9.98639,Hamburg-Mitte,Wilhelmsburg,14.988531272728428
1Cn3SKMTlIm8ATXNpkekyg,,3.5,8,False,21109.0,566360.7146399999,5928170.34198,53.4983,10.0004,Hamburg-Mitte,Wilhelmsburg,37.51202608278493
yhosiYiOI9xISvFwMonfjg,,2.5,2,False,21107.0,566018.9961699999,5927840.65552,53.495380000000004,9.99518,Hamburg-Mitte,Wilhelmsburg,59.86914624269486
N64GmSG5t5AgcCyExP85fA,,4.0,1,False,21107.0,564200.52861,5928610.06067,53.50252,9.96793,Hamburg-Mitte,Wilhelmsburg,27.237705746719055
wpL3fJmVfD9BxMKKEUnTlg,,4.0,1,False,21031.0,578671.62051,5929529.79339,53.50881999999999,10.18629,Bergedorf,Lohbrügge,106.61414448111294
cENV4e-uYI6n9rz-djMLpg,,4.0,1,False,22113.0,572644.28412,5930984.42491,53.52276,10.09576,Hamburg-Mitte,Billbrook,38.38386464651047
0Dq2u8WaFJlQnWTVpIHsDw,€,3.0,2,False,22113.0,573632.31203,5931323.52703,53.52567,10.11074,Bergedorf,Billwerder,31.405683177869776
7n3VbNvGndnknyhA1KcYYw,,4.0,2,False,21031.0,577432.7712600001,5930162.51288,53.51469,10.167769999999999,Bergedorf,Lohbrügge,56.77269899502102
W9EAWUwf4GOi5eQkci3bHQ,,4.5,6,False,21033.0,576741.62242,5930370.44621,53.516659999999995,10.1574,Bergedorf,Lohbrügge,101.51735384613353
WydBmafvTE05XL8cvXh1tg,€€,2.5,21,False,21031.0,577524.27842,5930082.46714,53.51396,10.169130000000001,Bergedorf,Lohbrügge,76.90657220038511
TnDldXThLtvuk08KkL03Hg,€€,3.5,30,False,21031.0,577888.0037100001,5930026.45119,53.5134,10.1746,Bergedorf,Lohbrügge,176.44920875034316
HruG03Njlxgm3x31iY6q_Q,€,5.0,29,False,20539.0,567337.23017,5931015.9418,53.52375,10.01573,Hamburg-Mitte,Veddel,162.09075481811237
SFUK2wwcdACH-1iYf5-y4Q,€,4.5,2,False,21107.0,566537.20652,5930242.4140800005,53.5169,10.0035,Hamburg-Mitte,Wilhelmsburg,164.78010293684176
w-uxLCNAf06QBlfzC83DAQ,€€,2.5,5,False,20539.0,567252.45424,5930925.40717,53.52295,10.01443,Hamburg-Mitte,Veddel,104.64894753888572
FY6Q336c3PrPp0L1hQW8xA,€€€,4.0,13,False,21109.0,567676.6926300001,5929628.8166,53.51124,10.02055,Hamburg-Mitte,Wilhelmsburg,86.94400811158879
RsWynCVZqVoHY8nTdx89Zw,,4.0,1,False,20539.0,567683.96049,5931204.49201,53.5254,10.021,Hamburg-Mitte,Veddel,219.97356593099897
eiiSy1-2zbpcdvMmHzMtzg,,5.0,1,False,20539.0,567671.34011,5931159.80345,53.525,10.0208,Hamburg-Mitte,Veddel,230.35619231409527
opZw8A9bdxiAtEaK9HsIpg,€€€,3.0,8,False,20439.0,569660.54177,5931155.34246,53.5247,10.0508,Hamburg-Mitte,Rothenburgsort,88.39617245208743
d6pmhcizXtJK3xWm3cUEmA,€,4.0,83,False,22113.0,571834.66963,5930721.68177,53.520509999999994,10.08349,Hamburg-Mitte,Billbrook,4.661478771902195
rijtsEzIST8vpykvvRcneA,,4.0,2,False,22113.0,571834.66963,5930721.68177,53.520509999999994,10.08349,Hamburg-Mitte,Billbrook,4.661478771902195
PsZiISLQUkaXKUZ-ggQ12g,€€,2.5,7,False,22113.0,572169.5471399999,5929679.721059999,53.5111,10.0883,Bergedorf,Moorfleet,284.324721740841
1sEExR-zu9DmbWGroM4bog,€€,5.0,13,False,21107.0,565490.71018,5930242.12292,53.517030000000005,9.98772,Hamburg-Mitte,Wilhelmsburg,46.587760569454026
SLgMERrjsI61LhQ6tlASig,€€,4.5,10,False,21107.0,565482.93617,5930125.9849,53.51599,9.98758,Hamburg-Mitte,Wilhelmsburg,7.260137382650997
PUy1Oh5ReFBoNmFzP-r6-w,,4.5,3,False,21107.0,565419.4720399999,5929493.54914,53.51031,9.98649,Hamburg-Mitte,Wilhelmsburg,15.184620140417788
FhCSHnuquJbo8w4MAehEzg,€€,4.5,15,False,21107.0,565482.93617,5930125.9849,53.51599,9.98758,Hamburg-Mitte,Wilhelmsburg,7.260137382650997
GOD5s7sB_XG6fF66T4bzrg,€€,4.5,11,False,21107.0,565535.21082,5930239.53549,53.517,9.988389999999999,Hamburg-Mitte,Wilhelmsburg,42.77025669842093
sStY2sKBeRk9-Na4Go7euw,€,4.5,3,False,21107.0,565472.38379,5930017.91986,53.51501999999999,9.9874,Hamburg-Mitte,Wilhelmsburg,115.60655991233418
UEOWYJX6084Rmy0Qm3qQMw,€€,4.5,48,False,21107.0,565435.06275,5929729.10993,53.51243,9.98677,Hamburg-Mitte,Wilhelmsburg,196.91224012847084
EO701oyc8GLd4ACHiMFJMg,€€,4.0,38,False,21107.0,566188.442,5930096.2043,53.51563,9.99821,Hamburg-Mitte,Wilhelmsburg,31.23501500516963
ajSQj7KiiYSqsHQzd09_oQ,€,3.5,6,False,21107.0,565269.90403,5930194.69362,53.516630000000006,9.98438,Hamburg-Mitte,Wilhelmsburg,106.38699238425357
PabtlNDCBg9wYhM6OmcHGw,€€,5.0,1,False,21107.0,565853.35271,5930109.3248,53.51579,9.993160000000001,Hamburg-Mitte,Wilhelmsburg,143.79697384572793
RSKSnNrCD7ir_zYgoqPtQA,,4.5,5,False,21107.0,565460.39572,5930135.01906,53.51606999999999,9.98724,Hamburg-Mitte,Wilhelmsburg,16.498529629153985
UBgt4GnMhJZkpRtoPsQXaQ,,4.5,3,False,21107.0,565535.7215399999,5930059.28839,53.51538000000001,9.98836,Hamburg-Mitte,Wilhelmsburg,73.52649541283424
rDQmTfBfVsgdKXBm_LDGdQ,,5.0,1,False,21107.0,566344.5974,5930357.64994,53.517959999999995,10.00062,Hamburg-Mitte,Wilhelmsburg,18.787420603285835
WTdi4SEP0NIl8LF4LIyqVA,€€€,5.0,3,False,21107.0,566181.1172600001,5930098.32706,53.51565,9.9981,Hamburg-Mitte,Wilhelmsburg,23.70094040928723
0QBLQfkJszKCPFLzn_Ap4A,€€,4.0,7,False,21107.0,565234.84523,5929981.19615,53.51472,9.98381,Hamburg-Mitte,Wilhelmsburg,22.668693426425058
n2AqiJRJbqLfn3yjuYkWhA,€€,3.5,20,False,21107.0,565473.61038,5930138.54021,53.5161,9.98744,Hamburg-Mitte,Wilhelmsburg,11.043605404406026
sQpyn6ZKAhvf-4qVLta4vA,€,4.0,5,False,21107.0,565876.36564,5930028.41985,53.51506,9.99349,Hamburg-Mitte,Wilhelmsburg,91.68773854309883
wKIubYNmrW-KDSEdmW48ww,€€,3.5,26,False,21107.0,565623.59982,5929461.88635,53.51,9.98956,Hamburg-Mitte,Wilhelmsburg,39.86561189561285
43af3R-me622zfcTKlhQtg,€€,4.0,15,False,21107.0,565147.25066,5930096.19773,53.51576,9.982510000000001,Hamburg-Mitte,Wilhelmsburg,39.926963888935276
8JD3bvU8lD13oJi9lZbNGw,€€,3.5,7,False,21107.0,565469.04502,5929893.68743,53.5139,9.98732,Hamburg-Mitte,Wilhelmsburg,128.44878878181888
u6Kx4YhAz6zg2cRsOXZ-uQ,€,2.0,2,False,21107.0,565504.8816300001,5930083.33967,53.5156,9.9879,Hamburg-Mitte,Wilhelmsburg,53.10838696255855
T7nmJS0TcfCf8G57OUwwIg,€€,3.5,13,False,21107.0,565366.66382,5930323.800340001,53.51778,9.98587,Hamburg-Mitte,Wilhelmsburg,176.13468410056598
8Q--FzMt-Yi2A2yOxcwBVg,€€,3.5,24,False,21107.0,565366.89563,5930326.2180699995,53.5178,9.98587,Hamburg-Mitte,Wilhelmsburg,177.96952200246017
r--LFBLuAQoXxR6DNAq1fA,,2.5,2,False,21107.0,565472.08887,5930145.4574,53.51616,9.98742,Hamburg-Mitte,Wilhelmsburg,4.223724515586903
ggJua_rmioTRlw7Qxkm4Sg,€€,4.0,9,False,21107.0,565839.6540600001,5930188.13429,53.5165,9.99297,Hamburg-Mitte,Wilhelmsburg,73.9945878603281
jR0ug_XIH94AGwkGwXXUQw,€€€€,3.5,7,False,21107.0,565860.56113,5930210.67932,53.5167,9.99329,Hamburg-Mitte,Wilhelmsburg,50.63115625277957
NJRwSmdUTRwoTF0cwj2YWA,,3.0,2,False,21107.0,565456.44651,5929893.51289,53.5139,9.98713,Hamburg-Mitte,Wilhelmsburg,115.96893004908075
yI3Dc37NudFTaMcqTnTc1Q,€€€,5.0,12,False,21129.0,558712.8098800001,5930505.87297,53.5202,9.88556,Hamburg-Mitte,Finkenwerder,80.59861379990959
LCJqWscQr5-GlrG4fl6vyw,€,4.0,6,False,21129.0,556443.49526,5929941.242980001,53.51537,9.851230000000001,Harburg,Francop,63.513885095439235
8XSZziK-2FuaItksHhgwUw,€,5.0,12,False,21129.0,561087.30145,5930560.45994,53.520419999999994,9.921380000000001,Hamburg-Mitte,Waltershof,75.60733662752298
GLyNMq8nSeW2O3c-Ui8YMQ,€€,3.5,12,False,21129.0,553906.9616899999,5930493.0931,53.5206,9.813080000000001,Harburg,Neuenfelde,118.64997234443695
z-jefHHVD7IVK6JXzsS5hw,,5.0,1,False,21129.0,554354.98404,5929647.06602,53.51295,9.81969,Harburg,Neuenfelde,38.77731962282318
MmAcdNt1b8wzLDEi_n1XlQ,€€,3.5,2,False,21129.0,554161.70222,5929672.66234,53.5132,9.81678,Harburg,Neuenfelde,16.200339428026762
fm7Np2nLRTJypqEnxUEfJA,€,3.5,10,False,21129.0,553836.5876600001,5930559.0481900005,53.5212,9.81203,Harburg,Neuenfelde,54.678593569660364
d3IaAPXLTYkqGqukAB81ig,€€,4.5,12,False,22117.0,574615.1498,5931898.65651,53.5307,10.1257,Hamburg-Mitte,Billstedt,76.68906731447098
SNPvqQxaRxQIra7hgjev2Q,€€,4.0,1,False,22113.0,572708.43299,5932158.2196,53.5333,10.097,Hamburg-Mitte,Billbrook,24.018063963760167
RXRh4Wb1Os3YT2Fam1swVA,,5.0,1,False,22111.0,573049.40337,5932910.35618,53.540009999999995,10.102319999999999,Hamburg-Mitte,Billstedt,216.50822801929402
nUOFGotik8BYpYlFNev2wQ,€€,4.5,36,False,22111.0,572987.66185,5932945.59622,53.54034,10.1014,Hamburg-Mitte,Billstedt,205.20098761609617
SlTXq8HEtujfMAVIyvBYHg,€€,4.5,3,False,22111.0,572961.59197,5933021.14777,53.541019999999996,10.10102,Hamburg-Mitte,Billstedt,162.54320372008493
XPuVFytYhvVWWXO01qGyew,€,3.5,2,False,22117.0,574497.50118,5932758.05363,53.53844,10.124130000000001,Hamburg-Mitte,Billstedt,52.22225077263079
FRmfMd1RyzCEGobD0V4SwQ,€€,2.5,2,False,22111.0,572974.58595,5932952.3597099995,53.5404,10.1012,Hamburg-Mitte,Billstedt,206.06459359461442
e1MAQ0OCg675wVd3DeB3Tw,€€,4.0,61,False,22111.0,573013.94091,5932936.277419999,53.54025,10.10179,Hamburg-Mitte,Billstedt,202.65123978372827
zDBc6IZrtooKf3VIjwNbIA,€,3.0,8,False,22117.0,573681.69175,5932662.90769,53.5377,10.1118,Hamburg-Mitte,Billstedt,74.4511056949512
V4bKMm8OGNYtdGsZNyt5fg,€€,4.0,5,False,22111.0,573258.66576,5933012.396380001,53.5409,10.1055,Hamburg-Mitte,Billstedt,33.35784581548435
iky1wcqgbisBxoQR-AS4kQ,,3.5,2,False,22117.0,574387.3755,5932789.14259,53.538740000000004,10.12248,Hamburg-Mitte,Billstedt,120.77669159857936
rDlxd3UlHXEkW57iYRzuRw,€€,4.5,8,False,22117.0,574650.75232,5931743.43672,53.5293,10.1262,Hamburg-Mitte,Billstedt,42.3415180522876
U9PC9xkZgrE_sRpktMvnaA,,4.0,1,False,22111.0,572650.04795,5933140.79697,53.54214,10.09635,Hamburg-Mitte,Billstedt,52.80926775305328
9nxX8JqkPfknCMZDoDQXbQ,€€,5.0,2,False,22111.0,573067.87474,5932920.42109,53.5401,10.1026,Hamburg-Mitte,Billstedt,195.55577422055043
TGllMw7dQQtI2ZvtS868mA,€€,4.0,2,False,22111.0,573300.73812,5932735.9806699995,53.53841,10.106069999999999,Hamburg-Mitte,Billstedt,185.46544180483855
vk3-NnVUiAvUP38GlzQzGA,,5.0,1,False,22111.0,572597.11451,5932855.86624,53.539590000000004,10.09548,Hamburg-Mitte,Billstedt,30.542971478570113
4FpU3bFIM9Qg_WU--dIXMg,€,3.5,8,False,22111.0,573296.87003,5933113.134869999,53.5418,10.1061,Hamburg-Mitte,Billstedt,94.94991386960096
tgldf5W4qcSGZElSAqchMg,€€,3.0,4,False,22111.0,573198.95413,5932887.95744,53.53979,10.104569999999999,Hamburg-Mitte,Billstedt,145.0487095312163
K4B-CHJDsU_In3DP2LziiA,€€,3.5,5,False,22111.0,573077.8681399999,5933225.78526,53.542840000000005,10.10282,Hamburg-Mitte,Billstedt,8.797954841706503
EZILGQV8FIXerqudRluW4Q,€€,3.0,6,False,22111.0,573262.0913399999,5933176.02034,53.54237,10.10559,Hamburg-Mitte,Billstedt,134.26005190468052
SGap-Co7AAtFf9Oe8GfH5g,€€€,4.0,3,False,22119.0,573572.35697,5933170.83186,53.542280000000005,10.11027,Hamburg-Mitte,Billstedt,94.33834896077339
uowcUv_zNFP2MIHxcVMvwQ,€€,2.5,11,False,22111.0,572833.53943,5933072.58091,53.5415,10.0991,Hamburg-Mitte,Billstedt,201.08835789172682
smxdoZuHpRCuDDVqCaqcDQ,€€,3.0,6,False,22111.0,573199.14785,5932887.8603,53.53979,10.104569999999999,Hamburg-Mitte,Billstedt,145.10213868181006
Yesr7nanDZ6qj_B9KlTWUA,,3.0,1,False,22117.0,575571.39423,5933201.83666,53.542269999999995,10.14044,Hamburg-Mitte,Billstedt,80.7930311862345
BpSJW907Ej6BBEXxNG2gAw,€€,2.5,4,False,22111.0,573118.84809,5932924.54858,53.540130000000005,10.10337,Hamburg-Mitte,Billstedt,153.02805055570937
HNqlIYhxzjON1G_cQ6ilbw,€€,2.0,2,False,22117.0,574752.45975,5932103.34567,53.53252,10.12782,Hamburg-Mitte,Billstedt,159.81175835309216
Sj3UwAhi9vGlIKnXqkeRxQ,€€,2.5,3,False,22117.0,574697.68942,5932129.18446,53.532759999999996,10.127,Hamburg-Mitte,Billstedt,109.23122566691623
gIrRs118ZpavQ1dFibXAlA,€,4.0,1,False,22111.0,573054.62147,5932920.21596,53.5401,10.1024,Hamburg-Mitte,Billstedt,206.79116400740492
YljwUsa40IemittL_EO12w,€€,4.0,9,False,22111.0,572788.99878,5933124.19186,53.54196999999999,10.09844,Hamburg-Mitte,Billstedt,135.7743930053685
e0VSS8cgiOI05OFDJTtcJA,€,4.0,1,False,22111.0,573274.71627,5932832.38385,53.539280000000005,10.1057,Hamburg-Mitte,Billstedt,202.22211989977237
tw9C5ljsuxZHQK4s89LpvA,,3.0,1,False,22111.0,573062.10903,5932864.6956,53.5396,10.1025,Hamburg-Mitte,Billstedt,235.41867862670702
QKXV1M2pdEvzJTtJf4ctEA,,4.0,1,False,22111.0,572989.04321,5932874.6925099995,53.5397,10.1014,Hamburg-Mitte,Billstedt,198.22992334205225
P8P5_LvPRtGXRGJyMs6skg,€,4.0,1,False,22119.0,573567.5394100001,5933163.96913,53.54221999999999,10.1102,Hamburg-Mitte,Billstedt,85.95348555071078
2ncLFilbbL3p2VwDs9fpGQ,€€,4.5,2,False,22117.0,575489.83673,5933169.9534599995,53.542,10.1392,Hamburg-Mitte,Billstedt,117.15005028854031
MmYbD5eULMcs2pgW3hOrCw,€€€,3.0,18,False,22111.0,572992.28775,5932879.19357,53.53974,10.10145,Hamburg-Mitte,Billstedt,202.59180597409608
7N9yEdpjKU2hFEhuKJDUsw,€,4.0,2,False,22111.0,573346.93095,5932962.57053,53.540440000000004,10.106819999999999,Hamburg-Mitte,Billstedt,57.832792952885285
yqk1NxWrR6Jp3IOyks0cSQ,€,2.5,26,False,22111.0,573592.44574,5932764.77252,53.538630000000005,10.11048,Hamburg-Mitte,Billstedt,70.82442137547706
rAsVelSwPKX0rwgdY9du6A,€€,3.5,11,False,22117.0,575211.3293699999,5932933.70228,53.539919999999995,10.13494,Hamburg-Mitte,Billstedt,254.09254732375405
sEkpM7--ZMmNjrVd6MNyOA,€,5.0,1,False,22111.0,573319.82845,5932830.70309,53.53926,10.10638,Hamburg-Mitte,Billstedt,181.67349851835058
ZowjZ9bdVgxpVWOM4k-1UA,€€€€,4.0,7,False,22111.0,573153.36387,5932904.27539,53.53994,10.10389,Hamburg-Mitte,Billstedt,146.97076016755943
mcoIIcxFqpgcsQsSB7w4gg,€€,1.0,1,False,22111.0,573064.25075,5932919.0297300005,53.54009,10.10254,Hamburg-Mitte,Billstedt,199.34094821426854
ctCDPQumN0wiEQqkEk0Jzw,€€,2.5,2,False,22111.0,573231.28027,5932940.13311,53.54025,10.10507,Hamburg-Mitte,Billstedt,89.49741520769406
YegaVSTIXDOqvF4UKbRrwA,€€,3.5,27,False,22111.0,572622.17136,5933240.68348,53.543040000000005,10.09595,Hamburg-Mitte,Horn,69.96703419724284
BFSov6Q4m4OGbudFU3DvZA,,2.5,2,False,22111.0,573212.96418,5932866.29852,53.539590000000004,10.10478,Hamburg-Mitte,Billstedt,164.22070778584177
TGlVX1NeqMNA95qxbES1Rg,,3.5,2,False,22117.0,575277.48642,5932987.24424,53.54039,10.13595,Hamburg-Mitte,Billstedt,259.53981785072904
3YztXT5dmOGD-i9ZwYfDWw,€€,2.5,5,False,22111.0,573118.84809,5932924.54858,53.540130000000005,10.10337,Hamburg-Mitte,Billstedt,153.02805055570937
il8FEDFNPrw_B8UfjigGkw,,2.0,1,False,22111.0,572908.2267100001,5933000.29415,53.54084,10.10021,Hamburg-Mitte,Billstedt,205.19056411942717
xwYBQiBbAXJl3sAZwwsaUg,€€,3.0,17,False,22117.0,574387.3755,5932789.14259,53.538740000000004,10.12248,Hamburg-Mitte,Billstedt,120.77669159857936
_vg4pfyemc0v2DEhXlfV_w,,5.0,1,False,22115.0,576278.35962,5931336.5911,53.52541,10.15065,Hamburg-Mitte,Billstedt,140.541150197089
3oy0T0eSrgkYIG3OVt31CQ,,3.0,1,False,22115.0,576201.2109899999,5931967.38251,53.53109,10.14964,Hamburg-Mitte,Billstedt,335.3736558503605
xIius7WMA0Bi73G0Pr1ebg,,4.0,2,False,22115.0,576165.4959699999,5931797.66964,53.52956999999999,10.14906,Hamburg-Mitte,Billstedt,162.1152201495207
w3OLrOWhMpVNcX4z-L6tIA,€,2.0,1,False,22115.0,576167.51887,5931673.07529,53.52845,10.14906,Hamburg-Mitte,Billstedt,43.82044569212136
nBgzcYJxYY3TAhfP-L0H3Q,€€,4.5,122,False,20539.0,567638.03946,5931633.11116,53.52926,10.0204,Hamburg-Mitte,Veddel,176.27509131100095
-T6JvFBrGMa1iS1O5JbJ2g,,4.0,1,False,20539.0,568465.29726,5932419.69324,53.53621999999999,10.03305,Hamburg-Mitte,Rothenburgsort,62.368217118163756
g0y_UjeNh4fAs7_1mvQAIg,,5.0,3,False,20539.0,569241.80247,5932851.72013,53.54,10.04486,Hamburg-Mitte,Rothenburgsort,50.02428331784289
Mht3cgKJjA_rrfxla8x6rA,€€€€,5.0,12,False,20457.0,566467.10032,5933102.146919999,53.542609999999996,10.00305,Hamburg-Mitte,HafenCity,106.14721424954223
jNjcKjZidgN5OHsg1MatuQ,€€,3.5,27,False,20539.0,568753.83529,5931659.2983099995,53.52935,10.037239999999999,Hamburg-Mitte,Rothenburgsort,7.3229167983647905
zJS8PYfLlhzWN9dJto6wrw,€,5.0,25,False,20539.0,568071.04699,5932835.10227,53.54,10.02719,Hamburg-Mitte,Rothenburgsort,41.248051111578086
98aFDKSYZnwJtLLe3Wxf6w,€,5.0,2,False,20539.0,568867.8466899999,5932165.28149,53.53388,10.039069999999999,Hamburg-Mitte,Rothenburgsort,127.52073734316406
ILJdjVeC9EU0ZAyl2IZfkw,€€,3.0,2,False,20097.0,567255.78818,5933334.7452300005,53.5446,10.015,Hamburg-Mitte,Hammerbrook,32.598770760514476
kWJowGmc_ltrgOpxjBtY0g,€€,4.5,8,False,20539.0,568899.16055,5932123.350319999,53.5335,10.039530000000001,Hamburg-Mitte,Rothenburgsort,174.4441341530721
3H3LA7zHDQMKxhbKZ_uXXA,€€,4.5,3,False,20457.0,566432.6861899999,5933146.1922699995,53.543009999999995,10.00254,Hamburg-Mitte,HafenCity,125.4134754238364
G8vTrkjmYm7ymw8fYQ_-0A,,5.0,1,False,20457.0,567041.05143,5932788.67066,53.539719999999996,10.01164,Hamburg-Mitte,HafenCity,3.5507080573791976
jUPENPA2agvBwm75l0CokQ,€€,3.5,23,False,20539.0,568519.19335,5932472.69943,53.53669,10.03387,Hamburg-Mitte,Rothenburgsort,91.7490742688697
XIgAJqYrSM9reXc9i4PSUw,,5.0,1,False,20539.0,568146.07283,5932607.12627,53.53795,10.02828,Hamburg-Mitte,Rothenburgsort,36.93074070469445
j0ysYcDNHxTNKmuAvcgJ4A,€€,4.0,5,False,20539.0,569020.33385,5932314.2794,53.5352,10.0414,Hamburg-Mitte,Rothenburgsort,225.80200638965627
_M1WzOBE-XxhsHyxrEL6kQ,€,3.5,7,False,20539.0,568554.48099,5932461.98437,53.536590000000004,10.0344,Hamburg-Mitte,Rothenburgsort,66.63265659412443
TQZu5TXWITuFj5bqRMVQEw,€,3.5,5,False,20539.0,568987.18113,5931756.77659,53.530190000000005,10.04078,Hamburg-Mitte,Rothenburgsort,15.871097483174607
a16kZh83Ee5ZoSjXghj_5A,,4.5,2,False,20539.0,568581.10025,5932431.958980001,53.536319999999996,10.0348,Hamburg-Mitte,Rothenburgsort,27.88782426777203
eeAeK-QDo5mwnzxzg42r8w,€,5.0,4,False,20539.0,569034.4629,5932214.88896,53.5343,10.04159,Hamburg-Mitte,Rothenburgsort,279.95164169628237
sJHyZAcqZ7M1Ffy2PEyxKA,,3.0,3,False,20539.0,567733.9781899999,5931507.86171,53.528119999999994,10.02182,Hamburg-Mitte,Veddel,231.71079675501935
G_bKcShBqhkMyTjZAALNLg,,4.0,1,False,20457.0,566624.30556,5932839.32038,53.54023000000001,10.00537,Hamburg-Mitte,HafenCity,23.533310201922824
PsyHTuNN8hLO6bbsbz1tCg,,4.0,1,False,20539.0,569620.23584,5933034.10652,53.54159,10.05061,Hamburg-Mitte,Rothenburgsort,22.617739207582538
eTvIy-Dk3Te9sMQYsz5AYQ,€€,3.5,45,False,20097.0,567943.74292,5933102.03066,53.54241999999999,10.02533,Hamburg-Mitte,Hammerbrook,125.6797958656208
_wb_8bDSfSZXZ76NwNKA5w,,3.5,8,False,20457.0,566808.01411,5933188.753740001,53.54335,10.00821,Hamburg-Mitte,HafenCity,72.56272302425731
IXtkTDyPslFKFzjZouTG1Q,,2.0,1,False,20457.0,566990.37584,5932796.87807,53.5398,10.01088,Hamburg-Mitte,HafenCity,27.86292724791049
M1pGgGZ7ghiLnLRUfG1B5Q,€€,2.0,18,False,20097.0,568053.9734199999,5933139.31685,53.54274,10.027,Hamburg-Mitte,Hammerbrook,116.66458864625673
d4XCaPNR7j0Qm6Z5Qd0uQw,€€,3.0,3,False,20539.0,569261.36936,5932150.9038,53.5337,10.045,Hamburg-Mitte,Rothenburgsort,380.4370782280114
z3xSdGIRbXTExpnk2ZS8PA,,1.5,3,False,20539.0,569049.9576600001,5932872.17657,53.540209999999995,10.04197,Hamburg-Mitte,Rothenburgsort,31.213896936760147
-7AsMKjzFEqv08oGkTiRJQ,,4.0,1,False,20457.0,566428.21877,5933180.60053,53.543319999999994,10.00248,Hamburg-Mitte,HafenCity,100.57027936846877
pRji4PKv8PrO3T9nDpt1Rg,,2.0,2,False,20457.0,566469.68962,5933112.49032,53.5427,10.00309,Hamburg-Mitte,HafenCity,98.81298656226946
jOGz-IvadObbfbZ3QWiTrA,€€,4.0,9,False,20097.0,567936.69265,5933315.56716,53.544340000000005,10.025269999999999,Hamburg-Mitte,Hammerbrook,34.28097533750803
GOJDESC3enoUxwJ6jQjqHQ,,3.0,2,False,20539.0,570535.22873,5931635.66182,53.5289,10.0641,Hamburg-Mitte,Rothenburgsort,71.73827928646296
PAybP26pL4o0hz4x1c1n7w,€€€,4.5,8,False,22113.0,571798.94441,5932678.40592,53.5381,10.0834,Hamburg-Mitte,Billbrook,67.88775445580487
ILqK9rW4j1b3Ja6fDxDDnA,€€€,5.0,12,False,20457.0,565669.0288399999,5932952.78044,53.54136999999999,9.99098,Hamburg-Mitte,HafenCity,67.61957747698305
D0QJeA5CeKN13iI5UUvI-g,€€€,4.5,144,False,20457.0,565817.23401,5933180.89406,53.5434,9.993260000000001,Hamburg-Mitte,HafenCity,41.00867766921308
Ky-jJxTL7hzwNMsLq0x77g,€€€€,4.0,105,False,20457.0,565786.99503,5932800.46736,53.53998000000001,9.99272,Hamburg-Mitte,HafenCity,11.201217393867458
nKLMEm0RFcMCqr-hHCFnRA,€€,4.5,12,False,20457.0,565868.79369,5933005.02044,53.54181,9.994,Hamburg-Mitte,HafenCity,113.72744772178088
VZCKntP0-sBz93HOjjYieA,€€,4.0,33,False,20457.0,565616.31768,5932953.93298,53.541380000000004,9.99018,Hamburg-Mitte,HafenCity,59.75159244465038
a9AX85x8HAAA98RM1K4jRA,,5.0,1,False,20457.0,565101.95948,5932130.66454,53.53405,9.98225,Hamburg-Mitte,Steinwerder,21.19816183287402
LkwAO7QWzdgDfDTSlXdoVg,€€,3.5,16,False,20457.0,565320.79738,5933226.34222,53.54387,9.98578,Hamburg-Mitte,HafenCity,12.2685832567924
Q2NllTqb4o3rJmsdv_V5MQ,€€,3.5,116,False,20457.0,566717.0609800001,5933329.547,53.544619999999995,10.00687,Hamburg-Mitte,HafenCity,20.175595352545013
zCZISyTZ-_-ntKnzXaUePA,€€,4.0,2,False,20457.0,565668.36069,5932967.45859,53.5415,9.990969999999999,Hamburg-Mitte,HafenCity,62.54119328302321
OGi20UaonbGvjXaPL6rLXw,€€€,4.5,6,False,20457.0,565856.05503,5932896.49158,53.54084,9.993789999999999,Hamburg-Mitte,HafenCity,34.91238552253659
30Xz3mel8TbRRX3IAlLVcQ,€€,4.5,63,False,20457.0,565597.93446,5932979.831569999,53.541619999999995,9.98991,Hamburg-Mitte,HafenCity,33.78933457674695
Fe56g1X4Gl_BMEqZmB-cjw,€€,4.5,11,False,22767.0,564444.95537,5933300.68096,53.54465,9.97258,Hamburg-Mitte,Neustadt,1.1166074169398472
Bf1L9FKNttL_7sYlWzxrfA,,5.0,1,False,20457.0,566030.1904,5932856.67696,53.540459999999996,9.996410000000001,Hamburg-Mitte,HafenCity,110.00252267113036
4GpEvb2Vk75StnYaC4qeaA,€€,4.0,21,False,20459.0,565114.65376,5933324.74797,53.54478,9.98269,Hamburg-Mitte,Neustadt,9.392386180227232
6ZRX2gkzFIJR5FHdcFv3nQ,€€,4.0,41,False,20457.0,566443.7086,5933351.39397,53.54485,10.00275,Hamburg-Mitte,HafenCity,33.73866493205776
0UgI_mU6LASLeUbTgEm6Yw,€€€,3.5,161,False,20457.0,565798.45562,5933141.102469999,53.543040000000005,9.99297,Hamburg-Mitte,HafenCity,74.13073986597043
KNW9dbqLCDJNtGL2o-0biw,€€,4.0,103,False,20459.0,564855.16778,5933177.4165900005,53.543490000000006,9.97874,Hamburg-Mitte,Neustadt,7.309301975918983
RaL2lJI6SZ65do6cTfIBzg,€€€,4.0,17,False,20457.0,565906.59262,5933269.09036,53.544180000000004,9.99463,Hamburg-Mitte,HafenCity,31.813765019984636
mskhIdQ0AtU2zD6HQ3LHhA,€€€€,3.5,7,False,20457.0,565231.88805,5932937.24775,53.54128000000001,9.98438,Hamburg-Mitte,HafenCity,44.42691806461558
KXnX88Y_aVPlau75q7SLtA,,4.5,3,False,20457.0,565392.76066,5932959.18173,53.54146,9.98681,Hamburg-Mitte,HafenCity,38.57129467612204
iL6n3MD2huvdcvuWpDlmlg,€€€,4.0,180,False,20457.0,565330.37884,5932917.137490001,53.541090000000004,9.98586,Hamburg-Mitte,HafenCity,63.75460212089796
SDX-cF25zG66QC8IBB3WeQ,,4.0,2,False,20457.0,565881.1281699999,5933156.24216,53.543169999999996,9.99422,Hamburg-Mitte,HafenCity,78.63719324799105
rLl6tCwxKYOGXCihpf3mwA,€€,3.5,10,False,20457.0,566119.6266300001,5933154.8643,53.543130000000005,9.997819999999999,Hamburg-Mitte,HafenCity,72.40211935690219
DNUCGQzRLQKR1slpNvQydQ,€€,4.5,22,False,20457.0,565446.88621,5932966.1184,53.54152,9.987630000000001,Hamburg-Mitte,HafenCity,32.17936764760741
DnxzX3Ukf4Si0sxDFJ-cbQ,€€€€,5.0,3,False,20457.0,565881.1281699999,5933156.24216,53.543169999999996,9.99422,Hamburg-Mitte,HafenCity,78.63719324799105
l-FS0muqbuROPAP_4R_Plg,€,4.5,27,False,20459.0,565030.7081899999,5933304.2942,53.54461,9.98142,Hamburg-Mitte,Neustadt,9.611194286553074
Y47o8F3lu0e3uZ96elthMg,€€,3.5,18,False,20457.0,566249.51252,5933162.35537,53.54318000000001,9.99978,Hamburg-Mitte,HafenCity,28.35618427490825
9lDR8fn7TqjOQKDTg0z7bA,€,4.5,2,False,20457.0,565779.29172,5933188.32691,53.54346999999999,9.99269,Hamburg-Mitte,HafenCity,33.84864680161457
6ODiCCP5oZwK8p_Jt9S5rw,,3.5,4,False,20457.0,566127.7375,5933302.86758,53.54446,9.99797,Hamburg-Mitte,HafenCity,15.00066002065012
QGOwUn9HwVf3cOEbLJBGsw,€€,3.5,20,False,20457.0,566172.26587,5933067.07155,53.54233000000001,9.99859,Hamburg-Mitte,HafenCity,55.98804773034466
2Tvu5vs9Y9pYG5iTcKdHTg,€€€,4.5,2,False,20457.0,565622.65094,5933171.84724,53.54334,9.99032,Hamburg-Mitte,HafenCity,40.82194763354377
WPiIa5Gb52GoC8GkrZ5PIA,€€€,3.5,77,False,20457.0,565816.21688,5932938.97951,53.541230000000006,9.99319,Hamburg-Mitte,HafenCity,37.76760709329172
qiZUn38af9PeS3si8Fvn5Q,,2.0,1,False,20457.0,566195.93762,5932967.03897,53.541430000000005,9.99893,Hamburg-Mitte,HafenCity,74.08668549795725
0ctlczN1ARO0HjF1xO3JVg,€€,3.5,30,False,20459.0,565096.09809,5933296.41754,53.54453,9.9824,Hamburg-Mitte,Neustadt,7.527834102935841
BownMhxWBdMjS-dCtx04Pw,€€,3.5,31,False,20457.0,565389.1497600001,5933152.85008,53.5432,9.9868,Hamburg-Mitte,HafenCity,20.817166849881442
ddKdcdS5gQ1ctU_K_i2HTA,€€,3.5,55,False,20457.0,565912.00923,5933077.4989599995,53.54246,9.99467,Hamburg-Mitte,HafenCity,85.52101757289758
dzh-C65f2F1ACj7kQjTzAw,€€,4.0,37,False,20457.0,565465.77627,5932903.4469099995,53.54095,9.9879,Hamburg-Mitte,HafenCity,39.18985460660144
5FEovvh1FpVlKsafCYE6Yw,,3.0,2,False,20457.0,565330.37884,5932917.137490001,53.541090000000004,9.98586,Hamburg-Mitte,HafenCity,63.75460212089796
2PA9Iq2hPmGYsO7cu6cZMQ,€€€,3.5,12,False,20459.0,564673.5619399999,5933304.21824,53.54465,9.97603,Hamburg-Mitte,Neustadt,4.841778819180594
gctmNj9kDBcvTq5MyyyfRw,€€,3.0,22,False,20457.0,565688.89948,5932918.8250400005,53.541059999999995,9.99127,Hamburg-Mitte,HafenCity,33.56180670278456
lH8Ymod4RdsXjlYX6UpcLQ,€€€,3.5,64,False,20457.0,565704.1282,5932969.069019999,53.541509999999995,9.99151,Hamburg-Mitte,HafenCity,60.79218395816833
heVmE06Lcd3KKrlHVNZYSA,€€,3.0,8,False,20457.0,564498.6646100001,5932717.6679,53.5394,9.97327,Hamburg-Mitte,Steinwerder,9.4591638196872
6KSU6b22N9H9HKQC8ZuIGQ,€€,3.5,33,False,20457.0,565881.2803399999,5933039.85999,53.54212,9.9942,Hamburg-Mitte,HafenCity,116.39277539130657
cSI2UCecXVP1wVbIMYc8yg,€€,4.0,1,False,20457.0,565796.84635,5933178.20719,53.543380000000006,9.99295,Hamburg-Mitte,HafenCity,44.085434050393474
p76Svbc_v51GIchEWfqz_Q,€€,4.0,84,False,20457.0,566150.6049,5933127.73213,53.542880000000004,9.998280000000001,Hamburg-Mitte,HafenCity,60.21746673230003
zLWXj2mdGALwr_sXD893Qw,€,3.0,4,False,20457.0,565807.63484,5933198.6117,53.54356,9.99312,Hamburg-Mitte,HafenCity,23.16404262711012
uTckTjCn1s5a_bMEKwD-Ug,€€€,4.0,29,False,20457.0,565120.46329,5933047.76996,53.54229,9.98272,Hamburg-Mitte,HafenCity,34.283596944782815
Nu_jP17T-c_gSG-zV7lhQQ,€€€,3.5,23,False,20354.0,566287.29839,5933136.19555,53.54294,10.00034,Hamburg-Mitte,HafenCity,42.9396297539251
aUpUwcXH49H6mXw1kuMw9Q,€€€,4.0,12,False,20354.0,566292.29449,5933141.2175900005,53.54298000000001,10.00042,Hamburg-Mitte,HafenCity,49.97876682599803
8giRBBJSnmq09hRMN1l38g,€€,3.5,116,False,20457.0,565597.56555,5932958.68542,53.541430000000005,9.9899,Hamburg-Mitte,HafenCity,54.93271426210053
fnsDGlsWpmNG8DOR1qiKsw,€,4.5,3,False,20457.0,565443.81429,5933053.3548,53.5423,9.9876,Hamburg-Mitte,HafenCity,9.987993694343032
L06GAdOtyA5GCrUjDrDlmw,€€,4.0,13,False,20457.0,565807.63484,5933198.6117,53.54356,9.99312,Hamburg-Mitte,HafenCity,23.16404262711012
eH-z4D_0m1HaN71xKExiaA,€,4.0,5,False,20457.0,565379.1646,5932935.43787,53.54125,9.9866,Hamburg-Mitte,HafenCity,62.43481173118397
E7fuyJ0etbqJvMm8cu1DMw,€€,3.0,66,False,20459.0,564704.0957300001,5933252.34071,53.544180000000004,9.97648,Hamburg-Mitte,Neustadt,25.487555185776483
ZmEJfw6CqWOPYTeJqIi8Jg,€€,3.5,4,False,20457.0,566240.20089,5933168.840890001,53.543240000000004,9.99964,Hamburg-Mitte,HafenCity,19.26671357973418
iCq9ieHPN5WxcPKPT6Ykdw,€€,3.5,9,False,20457.0,565304.97446,5931866.24638,53.53165,9.98526,Hamburg-Mitte,Kleiner Grasbrook,29.634860489629624
ieh-7rmSUqAwYfgSkImM9A,€,3.0,5,False,20459.0,565404.1779199999,5933330.97662,53.5448,9.987060000000001,Hamburg-Mitte,Hamburg-Altstadt,3.0301519349631536
cT2d2Pahuc7CYZislHoyGw,€€,3.5,44,False,20457.0,566302.22733,5933114.7381,53.54274,10.00056,Hamburg-Mitte,HafenCity,38.8944507736974
dLvDter6WJPtK_7K1zZsBg,€€,3.0,37,False,20457.0,566049.9965199999,5933213.12397,53.543659999999996,9.996780000000001,Hamburg-Mitte,HafenCity,75.40314809553705
ENgSCZar8z14J7s0-oefDA,€€,4.5,3,False,20457.0,565632.1817,5933055.06672,53.54229,9.99044,Hamburg-Mitte,HafenCity,7.091466222406093
Hs68mSrDRVhs0m68e59ePw,€,3.5,22,False,20457.0,565807.63484,5933198.6117,53.54356,9.99312,Hamburg-Mitte,HafenCity,23.16404262711012
nRfdFEQ-CNC1jwtKjE13EQ,,4.0,1,False,20459.0,564752.34184,5933273.46764,53.54436,9.977210000000001,Hamburg-Mitte,Neustadt,28.38372219125381
XQj6TM-4ezagjmJY_qWUHQ,€€,4.0,19,False,20457.0,565626.55759,5933161.59721,53.54325,9.99038,Hamburg-Mitte,HafenCity,47.97561403021827
Fkjb7JsEHcsGKKQXjUfw-w,€€€,3.5,51,False,20457.0,565389.2158,5932892.11661,53.540859999999995,9.98674,Hamburg-Mitte,HafenCity,38.54593566237295
jmaCzGWhZiyTqyBWNpw8Kw,€€,3.5,15,False,20457.0,566106.9712,5933103.5207,53.542669999999994,9.99762,Hamburg-Mitte,HafenCity,102.39949345304163
agsFxbQGQBvZYfcNyHkhFg,€€,3.0,7,False,20539.0,566331.33337,5933131.88189,53.54289,10.00101,Hamburg-Mitte,HafenCity,72.65899784648691
SfFknAO6N2tuqYZUhus_cA,€€,3.0,18,False,20457.0,565567.40176,5933267.42599,53.54421,9.989510000000001,Hamburg-Mitte,HafenCity,18.37026190944355
aH8otpspbETCTVVXTzibog,€€,3.5,2,False,20457.0,566303.4057,5933148.80295,53.54305,10.000589999999999,Hamburg-Mitte,HafenCity,63.39421960623316
ZB0nnVR3i7CqvykMxxjxSA,€,3.5,4,False,20457.0,565847.70851,5932983.81541,53.541619999999995,9.99368,Hamburg-Mitte,HafenCity,86.30054685226273
kpULn7yxfOWYYwfWU7M5ig,€€,3.5,7,False,20457.0,565597.56555,5932958.68542,53.541430000000005,9.9899,Hamburg-Mitte,HafenCity,54.93271426210053
KpF7kg2JBIO0KE2tbGYWUg,€€,4.0,3,False,20457.0,565969.03185,5932983.8907,53.54161,9.995510000000001,Hamburg-Mitte,HafenCity,31.630144414272987
I8UkoDhWL5iMOVBVcXX-7A,€€,4.5,8,False,20457.0,565975.1558,5933066.40417,53.54235,9.995619999999999,Hamburg-Mitte,HafenCity,22.877590283457412
o4ssaXvu2bzq1rtSDlA9iQ,€,2.0,1,False,20459.0,564673.5803,5933304.32976,53.54465,9.97603,Hamburg-Mitte,Neustadt,4.916172864170646
o74sT37WfXS9qlnJK9F4Rg,€€€,3.5,36,False,20457.0,565275.53905,5932934.960630001,53.54126,9.98504,Hamburg-Mitte,HafenCity,48.72298546583386
o-_9ldDtdUnNiH_jF4u29w,€€,3.0,13,False,20457.0,565304.97446,5931866.24638,53.53165,9.98526,Hamburg-Mitte,Kleiner Grasbrook,29.634860489629624
Gv8eJ6-i_hLVAvVfh-9XaA,€€,4.0,30,False,20457.0,565845.0872899999,5932664.82528,53.538759999999996,9.99357,Hamburg-Mitte,HafenCity,42.46186009316056
bysy5bhHCabV-8z7mO2Hqg,€€,2.5,2,False,20457.0,565807.63484,5933198.6117,53.54356,9.99312,Hamburg-Mitte,HafenCity,23.16404262711012
VLw4BqkmYT-O4yKXGhJTCQ,€€,2.0,3,False,20459.0,564684.23977,5933298.80116,53.5446,9.976189999999999,Hamburg-Mitte,Neustadt,13.157667686671608
7kgD98n5qer2SUe6FHajLw,€€,2.5,7,False,20457.0,565625.00996,5933230.00588,53.543859999999995,9.99037,Hamburg-Mitte,HafenCity,31.81172117076353
nF5l5qH9sTfgYit8rNIS1g,€€,3.0,23,False,20457.0,565265.2755699999,5933114.97335,53.542880000000004,9.984919999999999,Hamburg-Mitte,HafenCity,6.54575155483631
0HNhfAJrVtjnUngdyYWk7A,€€€,1.0,1,False,20457.0,565553.69452,5932965.49755,53.5415,9.989239999999999,Hamburg-Mitte,HafenCity,48.303458419704974
jHG8e5VYEJ0N5bbE2aHHnw,€€,4.5,2,False,21129.0,556958.60427,5932119.84636,53.5349,9.8594,Hamburg-Mitte,Finkenwerder,76.95430857428954
_eIzJGTL6zee0qrUPi2zRQ,,5.0,1,False,21129.0,558168.5013,5931952.25636,53.53326,9.87762,Hamburg-Mitte,Finkenwerder,81.67841175582758
h76slnRXB-F1F_7ajRmFaQ,€€,4.5,5,False,21129.0,558329.49615,5931884.089919999,53.532630000000005,9.88004,Hamburg-Mitte,Finkenwerder,60.426130106358286
hYZgSIROzW1RbXJHpQhFwA,€€,3.5,27,False,21129.0,558244.41393,5932198.4310800005,53.53546,9.878810000000001,Hamburg-Mitte,Finkenwerder,33.89846547314662
ru0RbywqypL0ZjF6H9rLhg,€€,4.0,4,False,21129.0,557788.26358,5931985.41743,53.5336,9.871889999999999,Hamburg-Mitte,Finkenwerder,75.34960550963287
IbCuFlSuBKCXjDbIaglUXg,,4.0,1,False,21129.0,558319.1459,5931862.8217400005,53.53244,9.87988,Hamburg-Mitte,Finkenwerder,83.94524739390533
tIq1SBRBK9oxrl4cM9W3Kg,€€€,3.0,17,False,21129.0,557179.1113,5932781.88717,53.54082,9.86285,Hamburg-Mitte,Finkenwerder,16.205036400483987
bLAeZH69Zei7fWFILX5ybA,€€,5.0,1,False,21129.0,558236.3454100001,5932202.32596,53.5355,9.878689999999999,Hamburg-Mitte,Finkenwerder,36.95875291635982
lc9AIe9Qg6qoGdP5hmx61w,€€€,3.5,15,False,21129.0,557889.4145300001,5932547.43086,53.53864,9.87352,Hamburg-Mitte,Finkenwerder,4.967495782038005
8_KCb-X3F6MwPI6ae2tsLQ,,4.0,2,False,22605.0,559126.52484,5933252.38617,53.54484,9.89232,Altona,Othmarschen,31.38066893250284
_GuX6r6zS913HEFfX_jb9g,€,3.5,11,False,21129.0,558205.35155,5932243.11178,53.535869999999996,9.87823,Hamburg-Mitte,Finkenwerder,32.51825583516044
15okiYple4dJTCutCgygiA,€€€,4.0,36,False,22605.0,560167.75681,5933253.52829,53.54473,9.90803,Altona,Othmarschen,52.678661484270364
uaVxT9mBmSD7t3K3GxcCaA,€,5.0,1,False,22605.0,560602.48425,5933175.87721,53.543980000000005,9.91457,Altona,Ottensen,18.404843123667778
BUquzEkuhw3SJmZ_pt08-g,€€,4.0,159,False,22605.0,560000.11713,5933221.12034,53.54446,9.905489999999999,Altona,Othmarschen,31.59959196846681
cmBkM8WkNzC1oO4piY3dvg,,5.0,1,False,22763.0,561021.80665,5933216.6485,53.5443,9.920910000000001,Altona,Ottensen,63.93926812701362
1ur4VWH_EnVK3cyHH_p7jQ,€€€,4.0,103,False,22763.0,560611.70007,5933239.31802,53.54455,9.91473,Altona,Ottensen,40.527920499259615
AV-RVcpCmZ2SwVyd6RZR9Q,€€,4.0,30,False,22605.0,560485.74088,5933218.74106,53.544380000000004,9.91282,Altona,Othmarschen,26.76357682970955
OjuVO3sB_a8CQRKX21ctNg,€€,4.5,35,False,22767.0,561521.36525,5933277.65428,53.54479,9.928460000000001,Altona,Altona-Altstadt,52.80802864642116
zjU8sl3PNnw59FuUDcTxmw,€€,4.0,33,False,22763.0,560612.4642899999,5933139.02159,53.54365,9.914719999999999,Altona,Ottensen,7.816171526615326
s6U3uDUPKiGu9SDVeFte7w,€€,3.5,51,False,22605.0,560604.32592,5933265.78985,53.54479,9.91462,Altona,Ottensen,62.013200581086224
pAULuFrzubYmxMVrEd_bog,€€€,4.0,55,False,22605.0,560431.24459,5933274.69717,53.54489,9.91201,Altona,Othmarschen,37.07655777003365
xsZHnSCWIgqF8i1isIPxSQ,€€€,3.0,27,False,22605.0,560516.35688,5933252.42183,53.54468000000001,9.91329,Altona,Othmarschen,19.357133765251124
7v0u6Xs6eJeHsFx_JPt8SQ,,5.0,4,False,22763.0,560737.429,5933170.69924,53.54391999999999,9.91661,Altona,Ottensen,33.56383968408663
d31D5VwmAC9qRuMdi_V6-A,,5.0,2,False,22765.0,561428.16337,5933361.00291,53.54555,9.92707,Altona,Ottensen,85.74831041104366
Iu61_gH0miU4f0EhI35IbA,€€,4.5,77,False,22767.0,562527.30877,5933267.0404900005,53.54458,9.94364,Altona,Altona-Altstadt,104.0701747468757
Jn8c0IIuvpXFrfGRpyRYSQ,€,4.5,63,False,22767.0,562065.00452,5933261.40585,53.54458,9.93666,Altona,Altona-Altstadt,87.7580945151056
xdf2da8iOMf51ugJ-gJjgA,€€€€,4.0,48,False,22767.0,562560.06593,5933275.61932,53.54465,9.94413,Altona,Altona-Altstadt,102.80495090605102
Rz9pedAL47bEi_OHSbKK7w,€,4.0,29,False,22767.0,562376.0299600001,5933245.47804,53.5444,9.94135,Altona,Altona-Altstadt,116.66800682144718
H6kuNqWoasB2MdS9XWWVNg,€€€,4.5,215,False,22767.0,561982.8563399999,5933259.21365,53.54456999999999,9.93542,Altona,Altona-Altstadt,20.521094918343607
MINkorrgtdLXu6FSxOml9Q,€€,4.0,34,False,22767.0,563075.86393,5933350.724669999,53.54526,9.95193,Altona,Altona-Altstadt,59.907203145577455
O35GQaMVT-mEtGfo-fOkaw,€€,3.5,91,False,22767.0,562992.61309,5933325.99074,53.54505,9.95067,Altona,Altona-Altstadt,77.7842901766719
0iPBDkclx3wNqCNb-Xjw3Q,€,4.5,17,False,22767.0,562255.15903,5933244.236830001,53.5444,9.93953,Altona,Altona-Altstadt,133.56035042674105
EhCaathCawGw6kxvD_8Pog,€€€,4.0,133,False,22767.0,561937.81391,5933257.50967,53.54456,9.93474,Altona,Altona-Altstadt,29.984953425401187
dfXIY7GDktyg21SNPdFBBA,,4.5,3,False,22767.0,562554.72955,5933288.23304,53.54476,9.94406,Altona,Altona-Altstadt,116.0573906463544
r-BglUksU-tLQOugfb3ZSw,€€,4.0,55,False,22767.0,562307.1941300001,5933289.0756,53.5448,9.94032,Altona,Altona-Altstadt,147.05081774295923
gna0_EG2hZyNk9kh33p3pw,€€,3.0,22,False,22767.0,562754.01108,5933228.22395,53.5442,9.94705,Altona,Altona-Altstadt,40.16654193473434
xyHfgWdxDePbpM-Pqj1YrA,€€€,4.0,403,False,22767.0,562483.93743,5933269.27004,53.5446,9.94298,Altona,Altona-Altstadt,111.8101030642618
78h7aGzQe_bBwkSdLrF4aQ,€€€,4.0,55,False,22767.0,562872.98406,5933252.071880001,53.5444,9.94885,Altona,Altona-Altstadt,58.912313028107114
k10-KGJ3Lku_JEVXoZzzLw,€€,4.0,20,False,22767.0,562428.64154,5933326.2859,53.54512,9.942160000000001,Altona,Altona-Altstadt,113.79348787749657
UNFhFB9DfyQ7hNFPDN2uiQ,€€€,5.0,9,False,22767.0,562095.31147,5933258.26693,53.54455,9.93712,Altona,Altona-Altstadt,91.21286898404892
fpSDNX3zQ3-e1dISc5DB9Q,€€,4.0,33,False,22767.0,562220.90689,5933248.99385,53.54445,9.939010000000001,Altona,Altona-Altstadt,111.4365372076678
x20LyxbXaoRj447H6hmgOw,€€,3.5,51,False,22767.0,562252.7412800001,5933247.18829,53.544430000000006,9.93949,Altona,Altona-Altstadt,129.74635455412843
UdI7a-jOuz2ycEIJo-04Pg,€€,4.0,12,False,22767.0,562123.94691,5933264.40665,53.5446,9.93755,Altona,Altona-Altstadt,87.04146455053247
Sh_VQ0pI_KLQWz32wVbgaA,€€€,4.0,9,False,22767.0,562898.9546899999,5933292.46299,53.54476,9.94925,Altona,Altona-Altstadt,87.4019429862056
fo62bhOp3fWZzzdZb-7D8w,€,3.5,9,False,22767.0,562690.46795,5933257.5684400005,53.54447,9.9461,Altona,Altona-Altstadt,52.15430896485719
os2NoRdZCOMtd-eDmWZNKw,€€€,3.5,36,False,22767.0,562779.48273,5933256.39062,53.54445,9.94744,Altona,Altona-Altstadt,17.999302857314863
NmY2EK9PPGhHLten68sjEA,€€€,4.0,64,False,22767.0,562445.3467100001,5933265.31002,53.54456999999999,9.9424,Altona,Altona-Altstadt,108.81865980210169
uO_w76dX7M_VFvuavXib3A,€,4.5,15,False,22767.0,562039.3531,5933246.60392,53.54445,9.93627,Altona,Altona-Altstadt,58.74431668520421
2Wp3h1UFDqgk88847omfgQ,€€€,3.5,89,False,22767.0,562943.7938,5933259.69171,53.54446,9.94992,Altona,Altona-Altstadt,50.54265100444184
Jk8Bn-8ocxpZJFm12orGIw,€€€,3.5,158,False,22767.0,562410.38118,5933153.580519999,53.543569999999995,9.94185,Altona,Altona-Altstadt,22.320479124712936
