,no,distance
Gwz7mvJJ_agIQVuL0AEldQ,2496,166.46343814430438
7Y9PDFuCisfawbNPHYVIjA,2497,80.83913289857878
-OYxmJaQGBDjYhdfiFcP3w,2498,71.63434529658356
VMOz9FZ3sCBUpwLAj1hJEA,2499,80.08536508152825
Fn4n1wgLbUQZNMJ83kdscA,2500,63.02201302114889
dfiKfiJigR2lt_1O0U-90g,2501,173.0586825408817
Vi3oEqNkFv35LTcDQTbqDQ,2502,189.3558186589711
okzOR3ucSiLP3QcaTimx0w,2503,184.27091426401188
cnLmlT-p3-S8O2Mpq_Ozfg,2504,139.19022448500087
xyKcyN6IMcDmAkNHZSDF1w,2505,65.91983851437666
vLIFZZ3eLyu_q9yMshbfDg,2506,85.03423719237435
hVw0zSRTyOzFi3WGRLooUA,2507,50.15088038574947
xia6J-2nTjDCRC9Y-C6aaA,2508,23.155353912410984
aHRP7xqfCxNNFVkvR53M0A,2509,107.48697853808987
mJ9R4ZdrbQEBqTOzTVhZvw,2510,103.6341207907817
88Ek_bz9C3bx_voHK9qsxw,2511,104.7002346710483
Zy34SwyZetJQQWfw1Vqovg,2512,110.40162738547617
cEfKAP2twi45gI-kUEL5nw,2513,73.93625593293974
LQXUiJpCQJbXtKJS61bs3w,2514,179.6261244704032
-812OeX1QrYfU8qj6DhQig,2515,152.4870632029027
Rhedu3XA3ItOVZgN4Xr6XA,2516,173.31092071834888
cppadMrV5BU2FgsmwExJxg,2517,228.79732871265765
jK8b4aHrYvrN38H7r2hlkQ,2518,108.17909834292969
qVnmObwmrKGw4PthfbOpuA,2519,42.347660211340724
VrRnN03NA-wk_hBG7JaXIQ,2520,113.21219839826912
UFYR4zi1VQs8BKUESZABag,2521,119.86615197253205
oGzCbZ6qNVWw1CjxNfCo3g,2522,134.3654490284398
Jis3EjsdBQbf6ddOf8Lhqg,2523,77.3882025850645
Mi7etCsNQSmJ7IGDkFFhnQ,2524,97.55952762440093
f8gcyX_LBW_aXiMu8TOW_g,2525,111.55847321411642
4ZlNj1pxqjWYelxwJdbAnw,2526,75.57966088200192
oX_6ceMrlqD58LSvWZqnCQ,2527,175.04888166504517
ZC_7XmV0by7hw6j4bRpeWg,2528,84.00483192629723
ZwQGJt_VapeG3j9UWR_gZw,2529,254.82993059343877
Stlzi6bLMLVpkOc7hmXAug,2530,77.82014657348901
f5-sCZNozpI0EApmUdRD2A,2531,53.97108865978726
YidJOUJahTgZ3HbDnqKVjQ,2532,183.05241764166706
EHHznLv3tusE0hnrKNtySw,2533,245.24743539365167
aUUXPa-XnbLb2Ou0hlyesw,2534,118.71425781620555
W3EqPmg266Vcf2eqKwGGTg,2535,43.516013187333684
Rk3dfkWX4RhPgxR9XaL6Rw,2536,15.094129114872587
tBsYRJpCRMSbcCxggRqa2A,2537,151.73989522749022
JHznNFpDuiGWApCZ9Komug,2538,182.28475714360792
TCAyvClotOIrJIN1Tr2tQA,2539,206.1775388822004
F5yHcGhcFCoi-1sl_Jn6mA,2540,131.9885274862397
WMBRQsQiAdpBzM3RezcJcA,2541,79.9120047830173
guS8lV3LTO-qRcW9XUNthQ,2542,278.6333375751708
BSa9d3B7WA_5rBFzcQ_oow,2543,256.25241280695553
5mEC8n__Id_qsF9Vuf_JUA,2544,339.7023315394628
-NZPbquHmoL-yxAOTRGEwA,2545,180.86207833303465
zmrzvZgw72pIRKgvldZIdQ,2546,166.94440454176384
e4Yjy9ELavadkQm5m5W5rA,2547,147.675157812308
J2kq2Y68b5-PIvSzN_ek6g,2548,261.791963342804
5puKQGuSgJrGgsvIZWx7vw,2549,147.675157812308
fsPYc9Qk2oRyfdXbT4xxvA,2550,168.04176333692837
xqu4wnj2M1XOD1wMi9cBhg,2551,53.18103208070469
GAE-zjzY7_v2JC8_XHXiDg,2552,72.74253705690813
oozu61zVmfuI5Vsf6SFdWA,2553,141.5715977707367
KMR_rm7jfAIowh9B9bj6Kw,2554,101.75808301275157
5ThX_7bjR42RqTRYtb78ZQ,2555,38.845338657936345
BF8MNmtY-tJuPBY8s5f8DQ,2556,288.85264893729357
japGaLeOGiAP2h7uyOE3rw,2557,164.59667929488103
QtVFQJkzY8laiJ_BKZbVhA,2558,168.69596917943198
7-IKoXs-UJw0hoGlVu7tRQ,2559,156.84845250773023
9ie_J-ExumhDRpSA_XMdJA,2560,49.7212053965979
WOqDzqq1Tc8HOuFbNJlbeg,2561,296.9284929872731
Fwe39vvgv6zwug_wnC6_rw,2562,218.75385543887143
FSqlK4CeFGlxJXowf9YWGw,2563,105.5667660966419
q751u517rYS5qAihIRfxSQ,2564,144.11206267849676
F8G8WNeh7tWkHGsHMKzWcA,2565,170.5528108632565
5M9UAgzkeIS4M1gcysM4OA,2566,437.72574807351225
MdXVTDBp0qb2fzp-AR6U3A,2567,9.568803131761443
_rUcjaXxVbhxG0H_wRYmCg,2568,28.10886182772596
oocSI5BFw0pBrR_OCqGj4w,2569,175.46170637686595
EmGEQs9eV50eFfmhr0BAcQ,2570,93.83517625495254
qMUnlJjvyP45xAD9gfefFQ,2571,271.4605107708913
xI2LeQx0QcybvYgIQpGOBQ,2572,161.7067504518277
_rRymul_8La6EcBu6xZe8Q,2573,170.51504628154225
VxbvDMLi8gmSpTTcZEpIYA,2574,331.12508008007876
ezC_Io9n1-wurgfn109CTQ,2575,34.168377467044095
iIOXFjPNBUrZMrZZmMq5sg,2576,215.10272115838924
teM8DNLBIHrJkM0lQLl0aw,2577,117.46029466617783
SjEJ3foOrd3oFKFL2Nqrvw,2578,125.01669053924779
J4MBVU07Y4nqO-opsgXSHg,2579,177.29041247621151
R57nwFpQKkCutSNIyQvW-w,2580,180.40844532638806
FRqKhUzwVmKBG313miXVTA,2581,129.9933273214667
mvDSnVnLEFuntk9Eh0IS8w,2582,189.0339821807816
QyUAygr98_lAVXEnJuJGww,2583,145.16158280896866
kJgko6TbwuGEcpYWr1mJvg,2584,97.57723191149663
u7IgIdYe4QmZ-KtZTNgaPQ,2585,59.865794129203245
WUtDekIzEfpFsFp1pFkGBQ,2586,46.29017070185156
tEa8wHf6wMbXBNYxIqLjTA,2587,74.24459132382916
GvDAHM3QbfXICoTJor4ahA,2588,566.6317200631019
R-1kD4TaLDD7H357b43uQg,2589,244.1567991351172
wy3wkfAYmtrgbCXDhvOPYA,2590,46.64600603912307
dE74E1Ds0H2hm8YO_gfzXw,2591,51.25550029732832
n0kkGNotM0Ve9xuL4Rd_rQ,2592,280.0310638367341
w5dsFtdJwQHxRYXnCVuE5w,2593,88.87544416789201
P0-5YmqeYE2u_nKlge9Suw,2594,163.50303831956205
lIS_E7-8APGsb-e8MB50GA,2595,29.049996168352926
Dhy2skFu3KjOMTckSw5vsg,2596,207.17403996278514
zPGnf8zNLcxjFyP7uTPYgA,2597,303.4625067698844
p6lcx3KdWYGtXODRFomlhQ,2598,201.54584659104134
jLKpVk2zNSDgmcpESkQzlw,2599,118.07667011280485
dHS7J31qNK1CRYFp7r5zJA,2600,254.25827314825867
ZGfKmzHp407OJTwztqnPUQ,2601,121.48583647076637
Wj-n0X3-ZQnNyORQiVtrAQ,2602,115.70847270388616
MQm8xm2wzdCqq-K3ddVkog,2603,61.324047700168656
OvyrPviqpax9mZZdWwvuaA,2604,326.54858413984186
TwzGCIciJZs90u542w2yEQ,2605,95.49794453651351
VOwMM5QfQVl2ak7IoVrakw,2606,39.570267721181814
mpJh4r0-yUh56mtcVz1Y-A,2607,200.86169764706736
p3zvoKWiqXaPElDEMvM7TQ,2608,143.22291496261292
yYNbgA0m6Rlgr69hmCSOBg,2609,50.07783800033507
yGsV9h3SIb7qmpFu04fRzw,2610,15.621431760122805
FtF0QcERssPbj4scLs2C6g,2611,103.60261408377363
2PAnkUrnzf-GM_QqR5eZPQ,2612,46.376082538283825
7CYIQ1bhBDRekrSbyRPvRg,2613,82.05680714511932
nLPOWc3XbsaIaE8y_jf_LQ,2614,186.02592039400722
l67xj4WZcZ-qMhslvhhpdw,2615,111.03201640983144
J5KDXRW4XARvV7mPAHRytw,2616,208.9701147640786
egF4JCzF63xLcOEog4LjBA,2617,129.73848075965194
xKNpkIHSqnNunJMDuPZc7g,2618,72.99476336051862
4bMM7F4pQhShZQlMhjGWRg,2619,339.6168912939696
TxDSQa9bds2CN1WC-fzXDw,2620,251.82783229768532
Ej4spoD8FgqtzSUIcn5wOg,2621,130.0698642702522
mJftFIjGc3jmmgEiAPQknQ,2622,112.35751392503852
w3SwnThP__RHJTyALCLGUw,2623,67.24391320010261
efQVPFZgJlYYUcNiVlp2nw,2624,58.676913792143324
GCIgQ9R3-8T-R3fP7GbbTA,2625,90.94921940339928
fiX7N0wxIVO0-tH927WhjQ,2626,90.49931893530902
_Uwt186pjmgXk6bxTObOmw,2627,201.06945684149989
5wPsq6B7zkpaYD30zWSn1A,2628,135.66404426280135
cNZgkCbGMi-d8jvsNzqvAQ,2629,67.19214674996324
RLWFyQ6MslSrEPcxfSrRMg,2630,41.249923282203696
KrvFCmegvKMjwAHPTR1L_A,2631,184.52994225378956
RKtWo_ytmhOlvROC7TvwLA,2632,66.8110996972853
JC6TYBN0thdXS_GuUI9nog,2633,114.18838396219972
Cm3y6PJOuapwtqdK4cVsfg,2634,348.603001402574
Ki0dpLdgJQ_koad80tWAuA,2635,207.34650898631767
3_VR_A6uszfkvrqsJnVhhQ,2636,214.03994160904898
UHOyONim8aLS7QW59Y9ryg,2637,118.77831124138136
TITDns1z30arhhyr2JE5GQ,2638,30.466128224764457
RN3PqjvHqsPrpFpzVfgTOw,2639,166.11317129658158
PCaKdwUHOXXtyFvz9WBi0A,2640,100.70196013503435
AhjpPDOv1X1ahcVe5OUa7Q,2641,236.92910552674982
qjNtbLzbERnIGAQoU3OKqQ,2642,252.61106137362307
6JlUnhL0kFeGTWm9bXTU4Q,2643,108.35193189483556
QL1RP23wc76QewXjJkqkZA,2644,146.26420152362513
SDy1rQbmQ9ViNDejwjFxaQ,2645,6.481645144052673
ihC6K3hrdxQY0plZIcn2ag,2646,42.91611186480494
D57-RqGQ3tLTbolzCdJiJA,2647,334.1443017294719
vqsB_isChnHouVK9nGThiA,2648,185.50935911578662
1cgDebu0yZGYh9WPmdSpJA,2649,151.3102872360288
UqTkDRydnvW9_jjy-CSMLA,2650,170.22270885923794
AXuVRMmFBu7cn-w2_mgJ-g,2651,172.6052905670166
VV5qJJE_zgoo_Z4C9NmXew,2652,156.415129390584
AX0fRgOTub9JfGMEB7Apog,2653,64.29725182185369
1agDMhDT3Bv0Oq8SJ1udiA,2654,123.51047169219746
u-oZRmUzj6oMrebcHkZnlg,2655,206.95744807554019
z1hLrJbVv8uMO1i32buqkg,2656,337.230579165426
2vqbPIme8ZYNlDY5xSjx9A,2657,253.28921179054075
6-fyxvCUdyWCuRY6OuvmHg,2658,117.30826364886616
aTIkHn6O-tJanwVCtUO61A,2659,177.35325401457925
iprJEw-tnyoI_wogPNwkdA,2660,44.93171104297026
MBIOZmDIUW1ZfcN4j6jNWQ,2661,67.82629365737516
BZR8ieSinV2nRvfBUq8o6A,2662,141.975549628898
q3NggaFqfLYiQSIxqJoxKQ,2663,58.881362522944855
0H_VcPyHfXThsEsDRZKWbQ,2664,131.58202704476665
boCyvaRzFKgonCPZFTz2Ng,2665,166.9665117956915
ge5TSBOgAK9eeb5o8-Vh6A,2666,353.07424247753255
pVhyuyJ3dWFeEC6omAsLGg,2667,263.3635487089407
CYpy0SXilzB_0X53JpPRLw,2668,117.59562442232833
ZxuxtWX0U1quuig9hcyaCg,2669,103.87480712581494
bNnjYE1fSf4ud2YHpuSukg,2670,10.98322847584404
FiywUzEXp4VQYD_1znDdlw,2671,139.79432956906152
LXF8b7DF_qY9hpeyqFnzsA,2672,203.3542771350235
-TklniFjow9ZzWCB_LzykQ,2673,159.27899600287063
298zBIj3OlxWRhGpQGLGTQ,2674,23.135568000434933
ZjXH5x-ZNX-X51ev5x-Crw,2675,46.715217620567245
PqaG9zqQzcZYBPWXzPmVKQ,2676,224.49216706004995
5Xv-ufN9BP73DumRlaV8vw,2677,64.2955032477019
x_zUTaIWMIRrj1rZVCaSHQ,2678,66.13996577144864
-2KdlyTRgUyiMa_6RRCqEA,2679,85.7567680745552
A3-QM_rXFxkiQTCv7HS-rw,2680,163.59598852320525
YAEEf-gx76WE6PZMOji7IA,2681,142.56224870467364
0eRSjatGOuwe2NHdKrL7Rw,2682,129.63126190237182
cI2uTqvzfqeGq2SUdvwtnw,2683,317.6080223999281
kSpnzIL-WLYRr4kliaZ4Eg,2684,78.77549852132562
APwuO06RsDsGjGz5DlSLow,2685,68.48886238415548
oqVZXXPXn5N0rUfTxS74dA,2686,143.63968800881293
z1xAKkvl3mwEUT2d2UaKJQ,2687,247.12793082448087
dQueoxRtnhR78UoSNeBGzw,2688,90.20408644249885
8ffwPndaiNpudRurlw_qSA,2689,257.67278174930027
iDk1F8OA95oN2GMK8RqFsw,2690,386.0015549967364
NDYstwdMnH4MRv_2ptJsCA,2691,126.51194709726626
cY1O15icq1731fDAYgmw9A,2692,151.91177535845674
f1z03X1rgrzroNbUA8z3yg,2693,58.58069392188959
CA6qq3hHVJs-Q8A7ezhtdA,2694,392.22152285132563
DldsTJyl7qMegOV99vhZhQ,2695,87.33062468793018
LWGe7kM3TZZtr9b20WNBOQ,2696,116.48749030271142
k18KZ13pXyoclgBtDA4xEQ,2697,52.910919786899136
YHaE8oGwIVdxrriy30iTCQ,2698,25.32853524038839
Kv8jCFkgKsej5jtzTECt4Q,2699,155.82221199353808
d2HxjYI6-lgGf1E7EuugUw,2700,311.7709138829149
Ezdz-1ueA2o84RRg-O8xAQ,2701,324.86081363412507
o1Z2sIpwH4hxr_puz2BRXg,2702,80.29151249125039
HAqf_Nk33yHZSQ3oo4eN6A,2703,87.52432628699106
dZswNTBS_Of7hchSDO9sGQ,2704,37.756892071441385
FZ_Nt0A0RZuvkvf42vOj-g,2705,373.0734089453242
4rSi2CeOJU-HvNaJDPsZHw,2706,330.56144268927136
gOQ97GrY6jxsEKqFzESe3g,2707,50.85512607941371
ZkwkK9dCGuIXm_qMS-4_Mw,2708,38.00731027716152
vztTq7ADR5N-I4zhx9vmsA,2709,142.63562033224932
ADU23rg9AyGSQLrWs7QQQA,2710,116.64816036007903
WMDAjRN6ZUcvTV0SaaJgjw,2711,293.2453996795555
ykxk2YM0_Nt0JG8mcZ011w,2712,178.40029303636854
7PDP0VC1dPIm589jjUbzug,2713,112.4346914575152
tvLYGE66Edbwj7nXQp1dIg,2714,170.5368948193867
4uZfWazBy6mVcknKMgn9AA,2715,157.33813239824755
n_0FHBO28htfxSqWc_okCA,2716,77.76055505610375
H-Q6ppC72XB0xk6OIwjIUQ,2717,346.32027595366793
S4bgdkIdzHfjWFwRkXpdjA,2718,218.70595028169407
7hr0k1mDVthFeO_z36DOww,2719,135.48596997380588
RKJ55uYAzfD-nx4eXO3jlA,2720,143.71159490481506
0ly49pNO-d8Al5Xjgba5LQ,2721,272.5374464909516
qdReN1PFiKYyaLwFBDbyrQ,2722,219.62710890055573
shvimyJfI4F3PuTKJLlEIw,2723,229.16901208103144
JeDRW0-WpCuCQngcofvAqw,2724,87.91648588244252
Xg2KtHsT75olXw_6Jj55iQ,2725,196.11252002218492
qiMNORVOFMZF-m-NZowxCw,2726,247.0515840474483
T76MQ934Cotki4vFVzZVxg,2727,198.7465550523925
Gy1J3Czpmshl3xyDWPKeHg,2728,316.8569419128851
vPluaaOKn2twXde22LdCwA,2729,171.96534682059345
uqykxRChLbDj-8PXQbweiw,2730,378.1674979328235
_m-pbGJjY0XytPkOnuaFWQ,2731,109.29800224351492
rpUjhrtM1y5LIcL9QPGS0w,2732,86.84990654266916
aZUjJU4346YtpncS-_Fqmw,2733,188.8277674146815
xnEgNu3N5oJjjENFOdATmA,2734,234.65886319643
_d5kCvNg5B3_QYhS9syrFQ,2735,77.51140494738344
XHWuyzY4BbTyH4E_MCQXCw,2736,322.3120934126086
ZiE1o1VcFWdSlsp-zsxAiw,2737,83.90665857446075
M28hkpckf-b4ACaESnerXw,2738,27.38361969108624
XPlxe6mojNxlQtCtX9zLoA,2739,116.48749030271142
SVuo4gyY54lUu0DZYy8qSA,2740,196.6891393863759
CowKdKa9ofrJlJaqhMsEBQ,2741,152.96333156143163
jUtfSDQIdf-cBrbtLIFfrQ,2742,200.54117143958044
5fn9WJAGibdY_Mza27lRUw,2743,202.0500458111055
prFoBe7YAZDc87Sno4jOMA,2744,55.847564447749285
Vpgw2BJJAF9ceaWjixBRTw,2745,65.368018343394
yDh-WmtvX1e7z4izeCQ4fg,2746,198.01630547276633
d2wzDFwpdckDH3hunH6mNg,2747,123.72684131132806
PkPzNtHIJ_UgX-q8EJOdqg,2748,148.11504009449135
1t2PsaSKx-VIoyov1sx05A,2749,94.23469304022863
YJIyOSd4SnOPDKIMeG6QHw,2750,51.69645443488268
NbPnWFkSdMpW_PVeeX7kEA,2751,94.4625689147989
k0Tk4VNq00O79-73_hnkJg,2752,340.84367801041947
ZrAo6bunwrIm3Jz_X32W2g,2753,74.76587025353133
DUoXVaPswYtLfEQOGUgagQ,2754,114.95162642181438
rELu3Z6M85W1qxUwFAKBNw,2755,39.23901043684603
KH7E1l-vfLxTRjElRQm0RA,2756,297.9863672488488
4Emwlf6UYH03ybZRgzDHIQ,2757,55.8852286559533
ztYy5KxZRydOVA3_YYAMHA,2758,73.98433498465418
vFkOOOpJM2I9qgEGdLhCUg,2759,165.78612931042792
AaUJWt8_H3qUfmE2_kragg,2760,66.8927705047126
oRPkTNXbUGt6eavFF9ipbA,2761,55.47746225086615
4qtnwieUmJW_1vNb-OJ1WQ,2762,53.61892091300224
UmWk_A1cqff4AMmyATFZJw,2763,150.21049949476043
BJxhu9qLy0dL9cfDFEeeaQ,2764,198.01630547276633
_7G_DNN4rRAmVR8zZYlZ6g,2765,99.5712805837429
6PbUUtv-IJ9ibzTuXMRoZQ,2766,71.81182810879103
escJjofqfa11ZGW_IQeTMQ,2767,144.1849533044422
k67TYBVDJvZitvuOSkwUKg,2768,148.72468133450147
88nTn36YOIAVSDvRa-Qmxw,2769,40.086527363034854
KaRHpCza9nPmZNRYtJPBWA,2770,122.13007899900033
5-jPPPSwME3bT1dMHhqTCw,2771,108.67322922400895
SWh6IWspMqsh3SzfVhYTmw,2772,81.88428911628905
xmGxeYgv13cZvnlWnsLH0g,2773,60.339913454825634
QrSwuLyQ5G2vLD_7QmC--w,2774,82.59662722556496
kVKwDj_4bfmaf_d7LTko7g,2775,34.181961210128044
0zxRqp6HPz3RcgnD_Zmp7A,2776,193.47380047962434
CQRJZ0aPJrwOW-M8fBLq9A,2777,171.76413516064662
Y58qS21ppv4YH7XhRc1pcA,2778,339.49375887360105
M-wq0r3P4a0VjZUDItxQgw,2779,87.0179187152431
ITe4g5eCUb-lzIcmf_63tQ,2780,148.94399827588003
QuezmV_Ke6D3gZnJcdfXzQ,2781,124.3126725120225
GH8CU9yfTMhssX_XiV7XRQ,2782,94.33882573858828
lunNTChRyjyzHKE7bVj4fQ,2783,144.92469577221613
gRY6KlounR-q2wQACFbTjw,2784,113.27841378942757
lKmFCpB_nOoQALVHckpe1Q,2785,269.60523690804183
wKPWvejuic8UFQmz-kfQBQ,2786,28.273142082224613
9yugCSd6udSl_k5xnjLEAg,2787,110.2109856375925
gV0OBTCCEg8WtWAFtl5mEw,2788,32.47188317848654
nou_ID9sZFfVciYA5GD_pA,2789,113.45246867895366
ydoXPuXk6zt4Hq9F7n-jfQ,2790,77.0748098032816
anBSM1yVQmAyPGJb74f3uA,2791,7.0349792987205575
oHlMNfcFUF8Ch5jw4DJOqw,2792,142.5387094958903
ArEPZ4_YoIIlQMR9J_SFQQ,2793,43.107428759114086
x9d3ZI4ZjQlC-svBicvo2w,2794,74.63075043726377
rLMfDIrsS_0DRrjE5d8V3A,2795,63.45464618437836
orCWGXnGBpKeFZQouX1uMw,2796,58.712590951019415
UK5w-8DvU3Us7y72wAVc9g,2797,124.3126725120225
UNw4-GQjuCglHvw_d5O8XQ,2798,121.04473976268551
v0kPzsy4_QxKF9rNnUm8Bg,2799,60.51094231254332
7VtpxlzQQ9jCcj4fQ076aQ,2800,21.354373886527707
A-SHrkG2SHjLxCCLvrztsA,2801,83.64990118880498
IjHLCnJVggIvpWzldnmPuQ,2802,107.81944507237979
uMUpf56eajUzwFKcrw2Xew,2803,72.11697358490387
TZ36re0pwLxbeFZv_kgKiA,2804,215.45117396325185
G_w1POAZFjpSKNKdGlgqGQ,2805,84.8403481828753
tO8v3GHCHj1-MNwL_qoTOg,2806,73.36402996207671
yl5LluLYKFewDRZ0Z7lX5Q,2807,37.93849126908127
hP-_zp7vj6qZ35tFWdZvtQ,2808,71.17231801787108
9cNYn0POHbQXrmubo-Xpvw,2809,34.33311830082035
oDMAr7VX8Hs4morkGlFZGw,2810,583.6594896161014
TDRqBvQb5BCnLepqmgid_g,2811,18.70276998318689
h6sKaLEtgWEmk11-Hhr2-A,2812,82.07416573777397
oUBaCbG3SV1rBi1X80qPQw,2813,94.92097806795901
f3omhBxut0ZG1cXVNk9dwg,2814,85.97236880839885
mkZnMbI3jPtq3W1EHMsAFA,2815,91.65156038140915
kpnqEWbGIGYLc1I4QpxOgA,2816,114.8963246648411
nl5xxm4SkbxmHSKo7jlFAw,2817,813.6445024035298
z4-gIwlU7VXAm4mQOjjHBg,2818,156.12156972814762
mJfZ-9-mCHEno8w65Lgl_Q,2819,37.95268514237625
JJ9kQRcoNoCptdbo1-TZGg,2820,78.38469006100227
1f5mNMVLMrdMCRBW6MHJ7Q,2821,54.81907449665489
hGr6fQxD3Nl48irHMMzFtw,2822,76.74202682545967
qDAChxTosQmPkLOv7PrxzA,2823,256.7576295898362
0Qx6Nf-xHiSLZ-7M9Mm7cw,2824,364.3044697082822
F3WRjuwkE8d57eYGNjlZ5A,2825,556.708219280069
SKr0iOJ8BcElC4uD2JqbUA,2826,76.58847263541351
vhDnzqKJXzaWjjWtSoKVvg,2827,147.4045526481664
aJ4xM7L5Sg8oJ1ygPC9-og,2828,191.00022785807474
UR-xg7ZyvHTROcIeROKa2w,2829,76.50389719724713
DR-iXn7Oc0-HX9Tnix6kkA,2830,40.4321134483952
uaO1YLgD11G0c5J0ZiteSQ,2831,286.19661490224667
tLqsWv6XgHjA1OSDUAxDEQ,2832,72.1184953869225
OYQggP30PLAKb_DtaxLhzA,2833,44.36806726595498
18l8ip6eg4Hkb-cqeFvOKA,2834,15.20569692919564
RPCwdpCqreC2CpGLipFuig,2835,86.77295723096597
rTmdxJraXX1hHc9nXKu8HA,2836,41.42322657798491
a6h7xkhPHa-mLSeohRaKmw,2837,193.3667020876122
X511PmuRIjSHaX7zw6-Zug,2838,87.68880649552342
gc1Qk_79IUVZcInyIm9PDA,2839,73.68670329025585
BjfyGGgIDkVxmoneq1v7Nw,2840,117.86118952069516
stze9iAqFHHnrZV9TFUGVg,2841,24.129046557895308
nJnN-Sn_oIy_TvA4HyZcaA,2842,90.96217902525554
BcrHE8L8uhJTwP6XyB-Oeg,2843,71.3202299830102
mPXZdMjMAa_3cmh6bYT08g,2844,147.68080929117693
LTzTwvPF5ax0D2rrBBXzYg,2845,47.29185150015087
2uu7ytBLKryclD6iaeTdzQ,2846,71.63667846826199
TUy7lxoCFE8JYsEdnFBedw,2847,95.08403084071398
29Em9OzpoLEeCXYLGGlNXA,2848,65.132862403499
dD9qWcT39jWCaeFS0Yw2Gw,2849,68.31434693197853
kDHxb-R5T0kHAi4oy906Aw,2850,145.3317532765461
ot9AhuGZkWvfgM8nqguOXQ,2851,60.97621577869353
JbC6Cvbi4Gr5V6iAXB-0VA,2852,71.69384796004508
4GAAQpwe0kigUeNlvASv7A,2853,76.81005940084836
d2O1JjjiV91LmgqkMYWGPg,2854,79.85781668443799
THiQx27gTKO93V2VwDRcOw,2855,58.48758580593947
0E6MSfGiFGVRqcp2U5mTFA,2856,25.51027992678504
xyymwJq0MiHfsyAQ3Z4OMQ,2857,115.25180661424135
n7W1ITUtp9K6w9kvV1Bcmw,2858,269.4235281075836
wOkXiQHPzK0HX43phYsJGA,2859,104.02059218829115
YWK95x01CAG9IE-O5BqmPg,2860,147.82617383619294
_qZTgjOKo5EyR8wl4VtzOw,2861,67.54416739134726
UOx3hj4sG6RfCz62aM71YA,2862,372.5018184520533
7cmEUHIsFpaiEo8p7EFRag,2863,118.03417805721908
RCuRvwrnJcs-hutrCnoJCQ,2864,402.8951001310661
H0k-5wLsmRWkAPdYB3iAdw,2865,358.7121696737365
veiIRrnbIIY3Udy0wRlpXw,2866,102.9180584572722
JgAdQhdsjWBMXxqPTRTjTA,2867,291.37628285712486
RbgazphzWysS4xHd-TU1Bg,2868,183.9288393980913
nNbSvvMMKcvhIioI8bkMCw,2869,211.43013976362852
giwP6SI-BC0hwpzZeb1UxA,2870,97.887727961601
CAsdxz7NDDTmobcMTR9adQ,2871,61.4958089462293
V8J4Trv5qPEySUdi3AOlWQ,2872,160.63514380019163
iiU4A7Sr1OXCibvmS1756Q,2873,477.7833101550277
bg_AEMghxinAeoxAGdC3zw,2874,159.67036645678238
bI0qJy2AIyI4aa3FoDZ1ZQ,2875,115.14634118587468
zcyPh_LDb0i7LU4UEzuy4g,2876,128.36837277437272
57LCrGUEZ8tfhIu1x3iuUA,2877,135.1536986277809
ePKrRNTPT_56S0x2690GAQ,2878,133.8941957186941
aj7kgNjE8WU01wP9IY01Ig,2879,59.734242366815714
fb1IkpFUOTmPMOJiORHfww,2880,217.78843328793187
3-unnNEGztL1GdgxR0dN0A,2881,171.59349607590838
W4RbkanwJFCd-vw3-6ToVg,2882,58.85600854287125
RZsA01U750BcQXlRSyRdOw,2883,141.80662554609808
hLYd0yuXs04nc_aTljph5w,2884,76.39816336791476
0_hXBqzH3fViTmlOJxlZxg,2885,288.1315073302323
sJDQiKo5fvY22LofNDIVrQ,2886,24.236983548443554
08QLRswtTVje66VgQxku_w,2887,83.71520495022403
ueN8vb4OrQPpPmNEQAKOgg,2888,72.0290862701868
-icaqeiKFODBwdvuqMS_gg,2889,148.99779071721258
g38Jwzlan6rx3O_1BR9FOw,2890,120.74595029623194
O0Vsknh6QTelB9wEBCnKUQ,2891,6.486883948995423
yIk6U12vCkzm1WZuyhfC6A,2892,70.33561551862378
sz2A1h7imHudqRxqBK0DKg,2893,120.2638585752408
ghlgTowEluO3XIp-lHQ0mg,2894,221.62822243541063
ocmNUZD3YxgcXFImQ7YKug,2895,60.19614547450218
-XXSrNTTuxj1_AVqXFHN8Q,2896,178.75790440907028
G56CNNc6WyAgY0AYSCTKfA,2897,122.42206422748677
J00RyHauKY2HBv2JN_tBqQ,2898,50.17978599358595
X_cH2rr0TgFVgzLxu2n6EQ,2899,100.18118302398756
Eqoi3DFSA2Gk-CB0lNQENw,2900,69.22822340419276
eqD6Cs56pQKQrKwi_3p2VA,2901,159.9479192511629
BYqOQTnVE2C_E0KE1hiyVw,2902,190.13078717005385
upEh_xdsMxhzCdbwVxIBMg,2903,92.31797720556605
ysQKPsslSTVHjcmp5Yqczg,2904,158.39099664496638
LYmTfZoKLN6UkYF9VSJM8w,2905,157.97824587496552
mCeB-Ku93okhcIFFvKj61Q,2906,81.81229890778927
6kG2koC8QRLvKsskG9NOmw,2907,52.950522414694134
hCZAQRKMeomyxL8GY2beiQ,2908,114.7314254034761
-mO24clAvL7Vctz4Y4O67g,2909,214.90156800063846
xIP8Rpbx41dr9d1JUF_hGQ,2910,23.90101217904938
gxuiWMYmUCNrgqHcCDE08A,2911,113.33327041546383
AufqixigHlOXbgiI5vyKSQ,2912,51.807906278877915
w3A-J7hqvF7Ni7jpobA8Dw,2913,59.42979349728353
LEak7V3hhx50zqRR8WZ-pg,2914,72.91295233258428
ptmt6BIPu21oGBQsUGTlQw,2915,203.1661198122993
KILZ3w3D7wU-5iBGnDccJw,2916,44.598195264335175
iQ4Nz7sPFmh1ATJHZKefFQ,2917,105.40535341789467
O0GScoVReYz1qvFJCWhjaQ,2918,107.51631614362451
xad3ii9lXhrZrWVfblhX5w,2919,38.08214352233351
kJ3Obj_Sz7SRDi4ebl32dg,2920,107.24664645621786
7vhJpnwNHHLYWzDOGXFcDg,2921,154.53941494972398
L4hw3uAOcBsNESLyo8z3nA,2922,143.60482555725523
Dbt3FfJfuM5m7T_6dSarwQ,2923,11.945209102750704
MppVJkYB17VAdgOPMWNIvw,2924,83.26920646001098
pYf2iWgMJQ0manCz9aLigQ,2925,136.31302857293147
XZ8g5TF_mRVMQUGGFZFwXw,2926,42.4313861870645
8ko6ccasf2AhRHiBYJRKRQ,2927,125.0739292487622
rP_NS9fTvdTDwp7WW9yO-w,2928,235.05948909060038
8Aw11-5MADXsebSXzUYW0g,2929,69.86879368291567
y27_-k_ptXRhSi3rvaDJqQ,2930,79.7888794333558
mL7KiAH2tgfGhE7mCWycdA,2931,111.56851495808249
_dmV3Dc3cVLsD1el3wDDOg,2932,185.7436555529222
p9vwC-OdJ-1kkzjVzgw71A,2933,181.72643446962067
Fo3Pu28jPTPZ4iOxtTetEg,2934,83.56241438697768
6wIYLv51uAtEpm7oVz8VjQ,2935,100.98275878608885
W-RERVcPiHdwqLxUcJSDsw,2936,17.582037567132158
rCe3U__eWOFn2W3ysoulJg,2937,207.46683644012876
gZQ2HALIdsKpkGQXG66n9A,2938,50.944780790289045
NAwPucNdEJiJKJRZPliICA,2939,135.8941201762749
I_1Vt0SEH0a_axxRiYApaw,2940,103.13135136512315
lLwdKXzoRnCmg6NY7KbVVw,2941,60.081859731819335
OVePqSFiSNAZ11XwaVkq1Q,2942,76.63514603099483
SV7YwJElwhc7xbrruqTtew,2943,19.027571777332234
EEWNaD7K7bDzM38szM31bA,2944,17.121385958607025
lEJOtjcDGCcd33lYaLMUpw,2945,102.58778465967518
JIRHAugOzXTa7p-FQ2MiTA,2946,170.0684950765203
b9dVU57w034qualusDm_9w,2947,78.4664235601896
Io2Q-DkF6MDY9ji_1bEa4w,2948,232.57846572321233
k3TOsqqKgHcX9rYpJ7FUIw,2949,20.82650940569751
t_E51vVG884eVkbKw6Omng,2950,237.56851425381993
dlW-tqrzoWFzdyXg6TV78w,2951,18.14469565455996
oti1ccrPqqN8Rnwyhm0SUA,2952,76.50232259341861
z_ioeIKBZm46O_wLfIJX0g,2953,151.36522846023428
nKUXt8-dR-lsLhlsLUFv8Q,2954,105.9883642652463
duuzGpM7qA840_JG1sxGDg,2955,92.59391823099011
PhHHFtUIG4fSbw0ea8p27g,2956,69.60968147883581
0Qp6Ytb0J1MH05CmAoxY0g,2957,151.45425194774288
XgFLKi3L9Gov-2zqNIMPPw,2958,44.58804485498644
XLr69bTuh1dtDcY4tpc_zg,2959,93.37661475910076
RlkjVgxX21wYBYZ0z_elrg,2960,311.4645521052979
c5lgXXVz9l9o7XTrncAvTQ,2961,187.93609254421312
Rj-vBwkJ7K5NdLosei6gzw,2962,103.00890431072226
x12EcgDuCtVxyxbJYqCIPA,2963,167.33997246212277
y5sFvMfQQ2VPeBSuc9-YUg,2964,43.15143760497182
mjAj5oycqwNpwsx2C0PeaA,2965,153.40489949136315
L8ADVBhXk9vqbtzTXrPZzw,2966,33.2049009635514
MIPDolzFO3ElzddIbxRavQ,2967,133.4143516460905
mZTH1ZwvFlYCqWyh7VTf4Q,2968,196.7647145043046
CITVG1P5Y9hJ6SC3G5-X3g,2969,55.882562117878024
wouxq4rMFnBdh29EbBnMFA,2970,34.4838549164032
M2R99dh79REWiLxFoFOLiw,2971,158.1317106466785
qRgGY9pVCjAg2NvT_PvqOg,2972,117.38495133455275
EmGLECetHWvEwKQ_hkteIw,2973,121.41621851597321
r98a51t7EkkQpAxMGPiyOA,2974,59.18800112635702
X1OwioYzq6r-8UlaP2enxw,2975,63.69405522917584
ErXLIL82xfiK43sirwc6YA,2976,83.81236256204205
xq-AfdoH3rKTj49DVzWxhw,2977,11.576966481559307
rkgT0mTnx48AW_T7Iexcng,2978,101.3189493474418
FhiP3K4my8jKsj-IT95THA,2979,37.850214356460754
wVxujh6aGU5_fin1FXuZnA,2980,22.779373535845625
w1UWfeIGNYz8lEu-C4HLNg,2981,113.11702679723717
qfOWajP7prKrB1ZZ8fEJ7A,2982,110.73673274983155
y8tghfhGavRrZfq1V-fo0A,2983,148.96623908243956
cuw9wh5UDWNWgaB0wskEqA,2984,125.60147237575697
iaCFMLzHF7rNa6PowfqWwg,2985,125.19326547838538
N7Fcx6bySXlEW1yQbJB9oQ,2986,72.73178226990478
j7Jtr9LodeoDylU5E4uEcw,2987,30.070549091436803
E3uoLDu5Sc7i4e4pM6qstA,2988,84.20376128518151
1ffdHHAIJcbiXJWn1WfxnA,2989,232.85872856883816
72LQAcVu81tZ5JqDMMRMoQ,2990,216.78741178957353
SCjQ0khyD6gbel5KGn_TqA,2991,87.70288530652529
5WbTPryU8dXMIpr0vaHLEQ,2992,164.8032293992199
nNZtDJi5lJAyXGy5YEaYJw,2993,64.18319620667566
ZFXOtabmqIRD2XY75Q9oug,2994,45.159872562459384
isAPJW1yvFF2qaY0YH8n_Q,2995,124.87162347806053
N5Uct8Gr06_5voJNp9K1pw,2996,163.9686263452693
CJlTbvqxcSItdjgw5WnZYg,2997,199.04257554549997
btitsUM7n-8gjSAnJke7Ig,2998,102.04224942815603
Fx8m5U9ikgXQy6x3tMMliQ,2999,97.46863485964823
mLwlErkjL4jIph_ZNaZTkQ,3000,82.70828676651658
qjmaYCm1DDHWC-D9p_Qr2Q,3001,173.2878245691193
Af-q2QbJpfL5B5l7tjdXiQ,3002,96.72036810472007
DC-gE8b8eexyluNKmTHvqA,3003,202.28812712575
dR9lJPEJeNogir0HttacBA,3004,78.12316235485687
5DsMFnXP1mboPP4AuS_izw,3005,113.36789801237391
NQZIBYyCRSZ2GDsRwARxaw,3006,27.32409939055179
xPZsEKqeqN512euNX4GAaA,3007,80.04075212280456
SUjTjMzfCy3iNsupx4wQXg,3008,84.89495527356117
KpbVTR1C216UbEbBPy6UHA,3009,161.64615089540797
_ncBYwAxNDo0RRyfpwQgAA,3010,100.10757196634148
VWvY16pNb1diqValOKbJwg,3011,259.9674362246077
_DRkjBD--ZjrqVysyv__yw,3012,208.62134301407016
vW1FHswDrws6gbeIUdLpQw,3013,184.92135164245482
E0X3msC77mwQvp5wWqkSPg,3014,188.45863489294257
lWUkMF1sbPBG2OC1N1oEsw,3015,122.8862723756306
OhPjPwYF8STrEY36XYd4lA,3016,68.98450941839943
4bwC2jSfx-baf0KhfjK0Sw,3017,174.2063648771049
8KtmN5wFq90yJmChfu8bRw,3018,92.20778578989514
PW-Xd7KqWQpTAhmMWBYubA,3019,208.77773506456478
vZmhg-_glXH8aba7AtQ_pA,3020,209.510682393678
CEc1RhQk_Dz4zHePyREykQ,3021,201.48619033086072
eRZJwX4hCI5A8qaioIEL9g,3022,144.85566267729092
RASOhl-1J9FG6JfT4ORMfg,3023,227.0503052137521
rMFHDrlY5lunmA4QWYQZgg,3024,189.7862503272409
H3H8JXnrid6zbeATXuHvkQ,3025,186.5188961378975
9Nf88pWpADzPW1f55jeCsw,3026,97.5275606529308
41A8Dq_Eu2q05AmUbocM-w,3027,220.20444807455576
u7HOI6XalZQRAEOoBsTMIg,3028,105.96047841403872
LVW2jBU2F6-TUaIJkiaycg,3029,40.48446304469936
zmec_9vUrv3oXdlKiEdiwg,3030,92.87861251312553
1dvveRvRcIMq4-_rEH8LDg,3031,189.13314152422274
1Yineyv63eJrxqVE9TzFXQ,3032,103.06074737077577
sn9ehubZqk8GXv6IaT9qmw,3033,54.19611142950504
IQ8IqHgShNnWCahDVT6t4g,3034,275.80854646113414
ZC8jSK2jTPiAx24xUxml1w,3035,56.06859395861214
S6yZ701iFe3VxIfbe13ECw,3036,152.5444875701396
Z8mOcEcfrBNiYQHGCRUxqQ,3037,78.19192596186399
En92W6qIkXp7G1RCkXN5Gw,3038,82.12599123363954
Mp1-lARNcvBugbZjVQlv7Q,3039,118.02561151514318
CVmrU1n8lP_i2U1UvFStzg,3040,101.42246538007343
15Xe4F92EedjT4EA0WStdA,3041,63.36403626385808
n5frwkYgbl3uZWbAYG914Q,3042,135.57947758356923
zkEpYE3L-RG2h_Af9Oo1zA,3043,233.37778897312515
eoL1qr4RMpfRbSguTiSvwQ,3044,256.4278280014982
CeHsFlk6QQAR5_cQ7JMwEw,3045,290.84237248308966
Uk6T-dl3q5KBsCoPxS9BxA,3046,68.3003041710975
HbcCzYodz6eFisY8J1ffuw,3047,150.09598708105761
lIpPv6slkK9qCrEdU94b7w,3048,96.31482786718843
65XzwCDZ_rsT7r2Kzt6_tg,3049,183.7433704781163
yaKkbWJbCtsNC209zs5FFg,3050,77.72635616175866
cDwsYG6lspuQ6Jib-KVK2w,3051,48.624969428259405
o5y-sPvffDMyk7DVA6TREg,3052,83.70717024835794
_8-sSXrudtzLqQ8gSt1mxA,3053,89.62207593191486
JUigZeyji0f7N7Qj-ZC-Gw,3054,22.86481453593518
uwwwsqHVlGQoVy6Nbqln7A,3055,268.73074531238785
jm_3lM8Q0hU_O3bDZbZ06g,3056,118.28257415632075
ba57C6ukcPF8TbvXa_Jikg,3057,40.4729106343127
8CAd4TNVqrVr5dH_SsCxXA,3058,104.2514982026213
z6MkcEHpNwqKByqm3zCr1w,3059,187.8662528247982
bf_cNmgoqbXhIEFhqRNUJg,3060,21.09797356030271
e014Tb02eGXMQJvU7GW8uA,3061,88.68390927899196
SRU6HeuVZVoDgPncjILBOg,3062,145.183267124116
FB8cidTBgiodCjJq8Xn-WA,3063,39.5118916178315
lICIT0AaqjwVU_Rn1kOPHg,3064,47.966440939247235
UYWVJU-NliNDx8jrqaGnjQ,3065,120.93395588903203
njAzjNl1iIwNDz8_JM7QfQ,3066,17.623108660208455
O6UOP2jrlMEdsYL3bnvfAw,3067,179.08595081584994
-ZbVwBZKyHQ6cRa8hB1SjA,3068,259.95036512835384
0PJKzQFEOTt51xtMJxiACg,3069,80.72799273070888
u3HOMS0TWUw2qT0wiUOnGw,3070,108.35673763882582
NW28BTHn00ePCf2w9Mbe_g,3071,158.02645460522552
4WmPkDvDDeSpYStuCWUx5Q,3072,326.7331764287242
dU33GrWidWdc-Cki5xoGkA,3073,66.37544726659
82dOefeRVtepc-E0C-auOA,3074,45.783207839472105
1WpkvJiVpxPh5xTuX_OKGg,3075,148.65831746468504
jpXgubhWpRicqGZGQvDgzg,3076,67.18668779748579
T3q952BG3krDnmis51W9BQ,3077,106.58204844966183
t6_yOLXBOwfxef9d7i-26Q,3078,87.9697350455885
rZrxMVflFsXJrmr3bBV9iQ,3079,123.66918406852255
FQXp-nh2dgyon5uEglsOoQ,3080,65.16250859798878
2gaSHr72ZRuV_BE44jQL_w,3081,316.65303593893464
p1QFpP-X5Bo8kqGtzH-1Yw,3082,84.94688843810752
NDzADki3SFk47m276kLG9Q,3083,129.82081447576314
IPYA9XeXXxm7NBJiJ9-Ksw,3084,24.289704665600482
6908ia1tKc6KDwTnKyeN5w,3085,68.48392685973437
qhvu8CsZxUUPobjf2t7fiw,3086,279.0658392252957
KjZzB6UyHgVAgV8hvM2lHA,3087,107.42122052150216
IUPHudgUpSt8BHv46i0-uQ,3088,309.42560330635035
jtws8WRD-gHfYDihq1sjrA,3089,304.7079469531225
KJ3-rPeiJcETLoTMpb9amQ,3090,29.846045830706366
u4zK1hq1qqhTWuZDO_r3qg,3091,49.28214455877928
1G0zjIuvyGPr7M30bMzcwQ,3092,214.62742786069637
-Bb8LD1Q5MHu7oLne1ZEzw,3093,127.93852974008846
-6gM3RU4kljTiHIoCAW-6g,3094,197.9656653190962
kQqaYQoRekuFrsZBc5Nbsw,3095,219.91966123866547
FANxDRX7fhJWqAtvJiRqWQ,3096,17.803970431802796
uqhmaVckJhwUphGLUtDcmw,3097,85.89798355829463
5d_hM2O_yyv7Yf_dsqrW8w,3098,47.23605814147238
S_5-0aPJ9hmUh0-gFJdRLQ,3099,196.2791815494493
pyr-Ihj9vSnvKDwKVtEUBQ,3100,229.05772420962484
ha-5zKEGlMgTyBsCymXiGQ,3101,73.00895479667173
ag3UkCDcww-uzqQliHvq2Q,3102,79.92094457531002
QMyqN_zpqhRYfIj0g_mPaw,3103,113.63140935646794
8920MoD6wDTQvBsjPHpDIg,3104,35.533381342086216
zMy7sfaE2fR0T9sz53wwxw,3105,59.783230584627255
FuLWLFHTVDp-07z1xyX_Fw,3106,71.27352342434514
0R6dWo9vco9ZCQc4dyB7NQ,3107,70.25574243727824
ro6d7a6t7IPe37-STlncfQ,3108,92.70923332468406
t84wVEJL0Xw3qThaxGA1lw,3109,180.96063096667035
1y1zWHbkXe2h8qA4yWeMXQ,3110,102.58250516035537
mtHeZBFYJTYbf8PgzvPgRw,3111,48.97270038303998
InzWWAxKtzKyrCubhsvz-w,3112,250.12564360753498
JJ-X8zv9oRpgP1XC37Plqw,3113,187.77859746744852
3b97h5GBAa6mqxrpxlV98Q,3114,65.00711838431732
T1fj3vdJR7ZEZK8YeT1YZw,3115,84.6657934306229
zxvDiRmCQmXNDi9KCBstOA,3116,255.97211695840457
BDtP2I5yI6wIDwNGuuRCLw,3117,186.57986783179078
_4zidViOu2PIFQbo8oT_MA,3118,307.31840902698264
88aC_Qto5Py5COFSLe3_yA,3119,82.31362901759633
FFlGznV2sq4MDkUddVUAOw,3120,61.64092075438912
2_J7aspVLP73qAgJR5gppQ,3121,216.5201507068729
yGH3q9Xi4s-xV0Gf3QG9wg,3122,84.5125362723643
guMICzXkO-bO19T_yb11Fg,3123,136.0407211117464
HAU91NbOkOOiLrYcyKi7MQ,3124,12.278232786962596
FPyQxRXFak3R1arqmyQAwA,3125,25.73570537248344
Jjm56y3eFnZ-dwvdxfpN2A,3126,304.7079469531225
9ZS11biSgUWnf10FK6nAWg,3127,259.4465505077316
uglmJaEj_IasCPrCXL3Bgw,3128,273.2539678148731
s8YuoOunBZCW-fYkFv2i2A,3129,259.75488636067365
2NeIDaFhcZHjYAwt9IUhYA,3130,198.4180647676066
JA7DF73aS91yyyLL8vJrCg,3131,368.1301787682716
c18eWYG1pgPaK-vncL9Xlw,3132,113.84047243072149
ZgxHe3hwSkaPXgI69Pd-Cg,3133,119.52683088961307
nJSqt2G4D4bPQlL8GekZNg,3134,40.42009540847182
jqTl7pmRjwieyVaOINJitA,3135,405.1873256282692
SIOD8jvuFrt0PFZ3AJ6_NA,3136,35.37099917410172
plX5GeRy2oZwGICcURrxzQ,3137,63.99377382729922
LUsXC7_d90dqijdKoFZHrg,3138,257.18079269293077
wo70Gcw0VOGf_DC__t9Bsg,3139,364.05575826404396
vbkRPXgy1U68vQxxRxHNjA,3140,235.64692135620302
kDoYfY1trpUnfERmLQJQag,3141,155.87182454319213
ZzolreLfcNzAuSmM6NLR_g,3142,179.49559173914685
nOqJnf5EuFAmVdqZw_MBAA,3143,80.24930642404412
fNPN3vd-I41VlGBPLo7y7A,3144,55.59842668736256
em-6ASd-UNRevR-OXCE_4A,3145,228.9039414069503
5x3ApuSiNu3QGD2MgwmHOw,3146,88.11455342524816
5b9LYo195qsUCPPLFapjkQ,3147,127.52962939666719
Vi6Cq54lDLlKrJ6a-o__kQ,3148,213.07120700631415
ozxgOBASq5cTOk2a9FuXyQ,3149,386.2458571409524
srDNoRwedgyO-lKCy_f0Hw,3150,20.51315866915895
iYKmO6fEm_pL7LNwhKUTWw,3151,311.45427790102946
mM9CAEVdzxHj14AehBpq3A,3152,56.39017319376699
SVlDjez3scj2-_ndAMrp_A,3153,64.36154946471207
4yIsT-7h9V8UdhBeRka-yA,3154,109.75977700555904
zdoi8QqUP5r4YBd22NJx5Q,3155,83.22255464228652
r15cYTTdWBpHc7bgEk7YLQ,3156,216.96974626388493
Dz59pZ2DIT0jAMfgy005SQ,3157,106.86107531338153
80eTRYVDuR5XxRO-ytB3rA,3158,256.2275296401491
RIhcQWsdgvH44Pivzb8eBw,3159,223.97301605970483
9iU4GLxDHx0fdrS9BKkH2g,3160,162.06118931324744
FieMzM-1Zvj3Ngdq1-A8nA,3161,88.213179527461
YD_wj0hSNT71phTuYzXNtw,3162,263.85310323404383
0EyKrwJO8JP_WDWCP005MQ,3163,50.732648720194085
RhjvmKthSzftkhOc2gtnyw,3164,271.4408330141123
10fRSTflbNh88ABddIesbA,3165,142.86474342204409
DsTRHxCt-xYMRBYR2_JkHQ,3166,334.2053605454844
KayjcGzyocTlDonXgRLl6w,3167,50.47336372024399
JID6EE8t-BxYpzBxCzxuIw,3168,208.4010049713382
wtbypjRP06EwKojZkx5sIg,3169,59.02159812666264
PsOaokJm0WbY0mOFMNDYvA,3170,63.0859725554152
mDG8G4hwypTNFrsFvcqsfg,3171,285.01656131236456
xNNedg1Ckh7euvsEgXsMOg,3172,200.6652409006652
BNhgwuvCDpYl1P9VZqxUXQ,3173,85.5322035187615
r0Hd4DQDO3YBDeqLH29g_w,3174,80.85615677098035
-yF30jv2aHYTX1Q-nYg-8w,3175,290.10973305338825
wj-N07PFGwQ607YmZtNxGw,3176,125.90966138593252
uQiQ8Fbo5zZDNDg3ULH49A,3177,114.65715266963385
MoF9HI02-FmfK0EMCB8nvw,3178,87.90957691706458
xeT9_0tTWIQF0HUo_pB2RA,3179,57.15117451057133
hDUuMiXyyr2ekpKuzTKCVA,3180,145.61994617971567
NHeTdAOKPSm1KBkMj9Owmg,3181,146.88149830318588
a3NwmecwsGa--y7hK3Mh9g,3182,33.05185709805143
zJ2TX7on4FUg6tZOsAQOWg,3183,250.22347793230207
DlkRrDcT8pA0xFFc9vIdjw,3184,142.32636083692967
sQoFZTalSmNHgg1-CEIflA,3185,196.74462274249555
-654h7dYALvwI5_hP_33Qw,3186,256.0086377538831
2oQDV_l_5NOUeOY2Br57Gg,3187,105.20640666809865
Cot32yYrteOfDI7BevuStw,3188,155.23310532913612
QgsTZSyOW-hSZIcFXzL8Fw,3189,154.5502619295901
PpXwCPdrM-hNbxixughftQ,3190,112.19591686436596
H4BZyQvg73-vZifNFejwNA,3191,182.54781977172058
bvD0XDGmdQ3z3vG2MrebTw,3192,286.77470643414233
uuXSCSynhdJ5n542Af2IKg,3193,229.4514005263513
yzA1A8EEffkWO58vhNc03A,3194,9.223509385435408
kH7EH2UpQQAiP57a65-0Og,3195,20.039360874434795
ZxkuTIJSHKsGse1PJuq_MA,3196,18.48043428720496
jrj-13I0d6Ve2Q_Zg5fAPw,3197,188.87143389862283
tSauB13iOvHvB95UtTHyFA,3198,233.95844965223216
c6dhfuYvkp6Hq11JNe3cxw,3199,22.841501868168
3Prf03yFidtVfaJQobvmLw,3200,216.1968515297104
ViYfJSwyihg261ray_RmZg,3201,55.84903806422178
2aiKx4k-XzACd5iLkvsuWQ,3202,240.15552896995496
9iQGnQgPqmHRfLjNCXhcgg,3203,252.3332778731291
97FgRvgnwSunLJ6gFvHpBA,3204,136.27868693412358
4er58m9SAuq8YPYVO7SGJw,3205,291.54496341161723
W80A2u3AY88OYqbuRFTM1w,3206,14.976740652539087
_4mU8vu2NTXNMqxB30JHiQ,3207,256.25646350484845
382D0bpFOaHaB0fwAm83qQ,3208,86.30524482171082
L3kzjOmJsfuImwYiIyjbOQ,3209,205.1397638727648
_U78onmvw4kwOZIEFeHa1Q,3210,193.2122255627089
VfqLuheBckPH3Ftv_o70fw,3211,61.35128628815043
G_fT74JDYxe0te7WtHEA0g,3212,59.19834959414014
_ihH8K40gBF6zbzs9BShqA,3213,150.50058723612054
gmuVxU7N2c-CZkynq4egQA,3214,287.07970624873656
0AcC2Y6kSpOWOO4QDHWxow,3215,119.45274293878742
vjtKJeMVSrRVl3P8n7fSqg,3216,24.823492154347004
i5y5nl05wKIsS6XaF1fcGw,3217,217.8670391597472
zsnxSf0IOTcdUD3gmkUzIw,3218,127.3372060399502
OYHLYuOTQX8ZNtGc-qPGaQ,3219,141.65949440597106
qA6wjrtT7kemfKBee-ZzdQ,3220,216.99687835519566
ze8c6sJEWZwSlunr3uviHw,3221,43.885831637094675
EgqaTkzV3XFL8tg7MeEKyg,3222,32.074299234802346
C4k4EVpTkLKZZGKbXixCYQ,3223,208.60658088470686
NiDhEkDB_OaVr_MtjXa8mw,3224,282.82634690562674
J8iiMU1JvcvJ_73LG2xVUA,3225,70.38867725719695
jLqPPf_yPgfzauW4uWjmMg,3226,105.63941053778733
HZMyK16lEgXppYOxwW8JnA,3227,268.9998209981675
q1qIhi3FKmlU_uts5ZeeSQ,3228,37.70944090756543
pMZ4-wtTV3I7ciMDEYHaWg,3229,199.18233728952814
jNc9wzNMrSiNiTnEybkWgw,3230,34.763456016446035
M1DMCgL58MSA3i4EqcFVFA,3231,122.31964626009868
g4h-Sz9FLMpHwuwyaERGfg,3232,214.35004437690247
o_LKkr-7dBW9kMCPDqgXcA,3233,45.778578638842255
MLWqIcqQ-jUNqkJ0gUKaAA,3234,35.69730267943443
x_nd4XCZe9_8oK3df-C6JA,3235,130.36469907367143
DZ2CqdOloYS9gtijbmudHA,3236,149.45509845945463
72MYoAVbutKreBPV22U2Kw,3237,194.06010131739885
X0IPyVkIis7Y4m5mKStquw,3238,74.55664588563846
LFd3NtFtEsUjGoipcyzxMA,3239,51.98813535034489
nfn8p7LgVfmerGQL8w71NA,3240,128.83452335913606
2FZAp0aGQkc3awPCj3X17g,3241,95.64143648228938
JO7Q8FJY6eWHRrk6SJJyYw,3242,220.88082519650547
1UosveImfu0O9_AJpt7j1w,3243,265.97904280300486
ySg_n6ImHCCuhqxxWAYHyg,3244,87.77799445203132
Uxw4wGI55kwmlpFqBHfSlQ,3245,104.7833245055317
KrlfygRCW_2nZJ_238v1jA,3246,157.97817630534635
eI10g-iye5zzIHrgaZ3osA,3247,93.45331359781296
KKJsTEpUPI33yUFb-5RXIA,3248,95.17343010118712
_LT2nOZL4ligxQFAlMAy_A,3249,132.2509587832323
K0tAAr1BmVLqWrf9y-W3Dw,3250,140.24681570261046
TYFhUhudnUrOfKYG3ML2HA,3251,121.09230873653608
anvDytNNC13UOdpaMzJXow,3252,145.64197263035567
DKPi2qyc-EzpDxSoteQ2IA,3253,128.04014006500458
D_alDQXVl72ZqDvF1tutjQ,3254,159.51382854077116
KwA0K6CHXsqX0G6rGstTzA,3255,106.8792768373514
VzTTFFMxROYzuFBIg2hieg,3256,57.65557517097473
bgXKEFvXZ7btPSmzuTQYOg,3257,166.25009363146077
XVTKL4URBAkgu12MfV3vtA,3258,95.68015117346886
SkIlFsdXxjqjv3NTWBVCXQ,3259,64.14938561923807
7WcpDpiJN3jwKovtKeJGTg,3260,108.9204100869141
-hm05C_zUo6QLL936ajBnQ,3261,74.5716022810842
mB_bIcvDh2iUn_eAwo75aA,3262,125.68045973632013
rIcFAqPPy_KnZlSOgyL-bQ,3263,78.23213281866836
YBJtUYtlBdEL6A9aJAt7mQ,3264,106.50616968646497
0tMjB4TpHSNWdUMyfVEJsQ,3265,63.52624181213297
wZk8WhRhGUcVj8jLAbsHcQ,3266,75.5350265508044
nEx0gRwc6mg6b6Hv4J-lkA,3267,92.42249349315259
1HoduWI8rVGtlYuE8Y216w,3268,74.20841773818701
2KOyCxU5OmaKszENGc9Jow,3269,60.21882699842418
5bq58Gl_eShf7njrzbanlQ,3270,127.45206196156718
IaNKrFAmymKQZxY73hH-oQ,3271,85.13476889259294
49Gr20HxwV9LA6DEXHAGLw,3272,72.60494411719247
tynN6rxmOZHcKIE-wSv6jg,3273,9.107456056603255
mdBJ0FvEVhd6k756wMyHqQ,3274,7.950875215462325
89ku9V1cCbLygJ9Ol57Ukw,3275,98.35069926153002
nEDGFQ1mTwWT7ad4jwvO4A,3276,86.82125013319288
lZfSq1_AuovlkqVF_wDAUA,3277,48.39079056899576
Cl8YTp5A6YZG3NLNtNrm1g,3278,32.998596697837264
J4D68OIdwwd-LpzJre9Iyg,3279,55.6992288676628
Y-cMLFrDqshw6iVOxqk5xQ,3280,236.72267144984804
z8tavSnQYSgL3ChKTkaquw,3281,91.61231139458404
I2MVLBKrLaJ1WwrX1CLXhA,3282,36.08456860195172
9eBv6GtbwqA4gGBq85AqAA,3283,79.23273128177122
vqN5zhmaM3YMtp-kVHUPFA,3284,36.73292705173088
0dpEgJYclZ0-ezDolzC5zA,3285,31.17553081229398
7UwNDjUE8GuHFWknWd0qRA,3286,131.23175464547262
pTqNN8gynd9Ry9r34kPn7g,3287,79.28052549864732
KaC_exlpWSoqAx_NatHFQA,3288,35.5927086513459
WE6UsqnejN_pI8RqorUf3w,3289,149.21397736728693
fDjbjPgV_zKK2FE_B3WV-w,3290,172.08548475903498
-jHCjAX-vQ48uUuiBPzS0A,3291,259.4094285147498
lJkTU8UZurfTfSzdnYql2g,3292,52.670975802877855
3ofeCVY1Zf318ZLK5pqqyg,3293,77.89742584554467
C9YzwUfpnK7Q6TxhIjYHZQ,3294,73.82929908139315
5-vRbfPX0iOM9gLdSuLD0Q,3295,117.20761359645196
-QFWFi-83g57SxW5q-5-pw,3296,35.017747553429935
ryJF6oTaqmJc-L3ccZivfg,3297,119.65516424458693
nSXVnuHIEnir1B0sGFPLmA,3298,33.395569524502235
SWmfdHsfpfpaN4p1CwKe2Q,3299,40.608882311211374
_ySNTQSelVnFcY9RtvkRpA,3300,95.7346522127584
FbN6KildHZgXT9zuAgl29g,3301,68.0371049197562
-l_RNA2c163_SVwTu4n9Ww,3302,7.54322076408001
v854-nr4s49fiRLBZqDarQ,3303,45.990113013283064
t2bkFox54IoryVQeUhjv8A,3304,184.08031556453685
onL_LBuNCJPqKnDVBTTojw,3305,86.58914937087943
zSNIGhj5NtIfyFxvzZDp7A,3306,54.534451846404735
qj5bOPBNMeG7pF_tsz-3PA,3307,52.25163001476008
QLVxNy77PyuZZNE5JWjMtQ,3308,33.592189850626674
VYbmzsJOfBHnUZhLiuVr0w,3309,129.0559539200017
EtyP2kB2FG6YiJTQxzV3mA,3310,82.98363664197804
X2_8s7iOr4QzyWsh6fklsg,3311,189.41536021572077
ZCNX0Jow6YkO_HDoT0TewA,3312,154.41683442092412
YFiz5MT16IzUpEjkhoWxZw,3313,155.62717909957524
bgbZXdQLgDSqcy6OHZ3Pdw,3314,82.98363664197804
6LuUJRK8mOPCsvhtllB1Jw,3315,135.5849002511341
zvkheD2NuYxCvxKCJP_RKA,3316,198.15701136215836
gVp3MTlFvgnRDJ2a7XMFTA,3317,156.37330895569747
jEVrKVGGr50sba9op8A3sw,3318,107.81962077956496
LH5ahW4cXmyBSr1D4dSeHA,3319,222.5580034836873
oohAJFC5eClaPZO9dcsrsw,3320,180.43567836274124
M511DBafDIvUcOODPUeVdQ,3321,258.93675468636866
t-8RttB1p7LGZ96k3mLZJg,3322,170.4402699805168
2eayVcKqiIuDVdb5Qqt-Fg,3323,200.6711650120532
Ct8p-l9z7Irdh6DK6ujlkg,3324,40.850866316991535
_KEs5iyxsJzhE6dmiur-_Q,3325,96.34672423611252
aGGb59d0pgT-pDWSis-EVg,3326,206.7201576979362
pf_RiSbOuQKLkhDodWf4Zg,3327,107.2345998881591
ugQlHvgEVolXPln9jsmenA,3328,198.99277454385776
CbAt26AJcBJR4EHcqltEeg,3329,93.7149792099873
aNWnsNOYLimm6JLwGHrGUA,3330,199.60613977037337
Z9ed1JBXupt9ULdZXNRbNg,3331,140.05487273805556
RydfOmd5cLtqBxE80Q_CGg,3332,82.98363664197804
89DUlDc6Tdus-vGGNx_NZQ,3333,175.29568318605808
X5XoKvZuLvLXLnpodFFrNA,3334,93.0739433583018
wEV2Tj7LeuEyfpcC8Amjhg,3335,185.08302051445045
i4G260d44HKnXhPBWZBRoQ,3336,175.8188303333946
940V-dSxxhkDtFeOEH4wIQ,3337,47.65817586278022
FAHAE9hqEqYelG_fjDrxFg,3338,93.3133742505387
IsbYSMWRDpbbZLT3fBHYkg,3339,109.48267238103176
BR1UH5Y4E3qiLmlDjffDbw,3340,164.1223240326303
ypHVhf7L_rr3Nhu5HwMb1A,3341,159.01513523581167
RUsc-zTQmaVMzE4XthLrrw,3342,192.2458614057392
4hyYnYXQgIEaiilM2OMyqA,3343,152.46955737513332
HC4LSmTCh1Xm_N3F8HRalA,3344,84.81471376126188
_XirIBJrLshZc3lwO8uC0A,3345,163.6327713853776
DsJCxIY0iM8FWMt5Eel8sQ,3346,106.69103297539206
ZBdsClM5VLExQkhKt9LXpw,3347,71.8651245577261
0soS9xKofIm-drjJJrW74Q,3348,203.53549357321563
BnU3fJl_W0xfbLbUxy8JNQ,3349,75.64130795358926
oj5pmfBRQjrqELlYgh8VQw,3350,95.53234525172832
GAr3zXBkM2Nevra3ynvanA,3351,214.85830018677342
aVaZDngIN9749uYxaPgmbw,3352,88.20742558927373
gBdSCD-g7bAQAwDjk4oWCg,3353,193.75168139091167
n_EzSCAf-YOJsbrUkYLTIw,3354,215.88032603502015
Jw3i1sddGJZeBEe8aZPWmA,3355,216.18967155476238
BOo5dz0Sj-mRvXQRctARrQ,3356,176.40900298731972
JZrtxk13zbKFFj34DVKJ2Q,3357,179.02131065924365
ikUpCWeoVEA7ibjsAUtx6Q,3358,216.44994058225646
Lk0Ez3n9Edq0H8tP0mZk5Q,3359,77.16902398513874
JEq3yU1URk6MOJUa3CMvzw,3360,285.2327923936155
tTcBDM7qsveIPr7u9tKdNg,3361,82.03002492758286
3J0N5TEG7ZvOy-VTgiNbsg,3362,18.761202165282434
IF3NVmkfaHcc1eAHc0awug,3363,111.68747011753014
MnH-kRfZmGx-xYyBYZLTeA,3364,239.71981320911908
7cAskQhiBKXukB7fmsD-Tw,3365,177.52460652739273
OWAp7SAC6LOnDsJabDIZAA,3366,77.46137339002472
drQFCP5666jVBNfm-hl4bA,3367,53.12131853282048
ksJPO5-0FqfHXKNu12UKxA,3368,218.88199748812843
wx5ipKh47Ar4cIN-Tt6XGw,3369,220.07761513022464
aZuNEXFcy7ZXCBbBi42mLw,3370,119.69312302985774
fBQrwJy5KALJgtjgiWt3wA,3371,164.4419630457034
LP6T0YuPxfwxAEXbqcOaIg,3372,122.2561285114612
cQVFMjdjvn5ZfbKACThsTA,3373,314.80841016287565
KQyIy_XANSNVj6gW2_TFSA,3374,234.6119509772581
EXu8NCchiT-E3dJmhJrlOg,3375,219.0719727128597
54q5BAsB8N0eFlafhcN0TA,3376,37.99673821279064
5FydSO6TbxgtVCoqaWULDA,3377,283.5264545689861
kZPlU597qa2V6Ab88Z-mQg,3378,297.7816495540218
DevxWQGfIu5g2dSOYjIAyg,3379,113.66954104881687
gkDDpv0VA_GoXdnMtE-SRg,3380,291.65537666072055
mr57r1owJ5l7TFJ6B6rk9Q,3381,231.76498465873306
QX8H4HpdzINw4OxvHQpXIw,3382,131.70360035410377
uaIo9auZ0mDgxzZU1A5MjQ,3383,202.48807550023687
xV83u6udVWZPTBfvuDNQVg,3384,206.04716332028127
zZt5KgGC1gqnJpq6KowKDQ,3385,48.52985003663964
BEyf31MjZ9N-UCY0s66JKw,3386,173.6355348208493
BSFObeR2BPm0Az8kdDu41A,3387,45.29489936138027
Ejksy84_7upK5Mh2Nny-ZQ,3388,115.52341386531444
UHdGZ_8j3WkQaYaov7tcsQ,3389,302.1547708518919
Yum3dfWmX1N6DXoKor0mjg,3390,171.1292170031105
rPQJ9dePc4-OxuzjXEHVDg,3391,112.7235641910473
zvqB8vo1zl-Q1l0TzrRq3Q,3392,80.93333765562672
b-K5ZdkabKA4RJPLgi7NMA,3393,32.02875333947022
N8qtD9QGv49etzFMwVt55Q,3394,72.51320263939192
JShkOyR1wEWDhDOJDRCMCA,3395,193.11313792022045
_iXHjd_mAs7vOcbQLgG2TA,3396,180.93883063650824
GaHZ2FHUFyLMN2a1k-3USA,3397,166.78066458183923
Ne8M6OkCbM3gRiPIibX6fg,3398,88.1846549503221
h14BuPN9HZ0BaCfHaz0D8A,3399,28.960091579162583
qAAKVUIb0AbQqWfq86NH-w,3400,258.17736872894557
YwvIjPwhe0rgmG37mk9qQQ,3401,172.29347790489794
Vu5lCg0FKD5RhKA0hSn6iw,3402,65.3771209290637
yEVl1LeFswHCCDda2MS6Jg,3403,140.18547810867025
dsPgvpF03B5_7n-ljmzHPA,3404,128.8570364323516
mTdrxprCpa4sG-i4kvMcyA,3405,280.55153525764183
sdImTkZM-r6FMH4fklV0nw,3406,147.5016964220627
AW3zc77rR75Lglcf9IoSWQ,3407,82.09394541165904
u75ABYkd4w8B3-PmxuwMyQ,3408,44.72431717649393
aloeld8adiShFhsvZ0hhbA,3409,75.92672422040066
50XytaOXas1B-6REju0SuA,3410,95.02809698869991
zikCARwQpS7SKjPLbLORMQ,3411,148.61849110171116
lUkcht1m41ywE72D4qwxEw,3412,34.13551614463008
UP4a2vxZ9BuwAY6nzMyyPQ,3413,79.64648881401818
hcy_xEzdIWj4ikwvmbnVnA,3414,32.46025958197692
0NpMMnais3qIa_V-tt1Zqg,3415,282.11450272317563
EvDArjy8EKcCsMqM-PC7JQ,3416,79.73998761574126
woi3wWG9bgUQeyjSFXTPUw,3417,75.92672422040066
-3sW6WK3k8T-uTmHilGeHA,3418,202.95150528587175
DG0K3nFGgFfudCax2MCvkw,3419,106.45652652410588
kmbaYR6fMOy-NJpRlj_Z5g,3420,233.7390232713037
YvgmTEMCuva0bVU3u0V9jQ,3421,77.75882882068774
neXRolWVE_ofv1uiJJNYsw,3422,32.89079244796487
_KtCm7FAIf-NSNjgUWZnXg,3423,45.78673937087766
QhwW1cn3jZnFzlRB89u8yg,3424,90.12200153031242
CjAIAIimzObdUE6iDlxFLw,3425,165.76355082386908
cOMSw4EpJsdD59g6XvXKog,3426,53.42492057177612
7tnl5LheAU7pjbaIAk3Lsg,3427,95.44500209340363
ncVgGGisJ5_7tAHxfAOSZw,3428,159.02654685981642
lpFO9bD8V4I3dlP4FF5B7Q,3429,139.3405797960264
UAUtyOfoqlKXyFV6qvUTdQ,3430,152.5324701089102
Ggswp3bltokJBFNrZOyjfA,3431,38.80195804438472
WetyIlnM0O9pRYHBw9_OwA,3432,136.28674242366634
isp-UZpLvs2W2MKTI3WdjA,3433,68.30115697292781
THOM1RVEyvdVSjCjBz2LvQ,3434,60.19674890639199
C3fFQeHTkk-nMTN4b4vxVw,3435,168.51689753094846
Otb6Q94h2N8Oxnio9ZnEKQ,3436,54.30611616249994
2VavFX690PbHcb_joL4cLQ,3437,66.00368066962669
VEQsRMk4MNEKQ7WlF0cZ8g,3438,4.730067191604472
TPVTFkvySoyWV1rxP8xvAw,3439,210.39997547219545
QWge_S_g_NK-PsUT_ai5Qw,3440,85.72241491842153
ul9kZZHxu-89XkTV-WA23g,3441,90.93665615784398
6e9CeRpTcR_NVdP7wWka4A,3442,34.292576920241835
IIx4UEuS0cJkSYsc7nAS6g,3443,33.18652373367784
2ArBXiGjgvxCUQOzDYxYTA,3444,303.2848292209808
rvjYhKGxhimg2ooWEpMINQ,3445,172.92947272116183
ROjjU9R4yuQFO-Nmu4x9tA,3446,341.6400199745064
D1KqVLAJdZ_3IXxWn9vi2A,3447,205.25420252411172
RkVdDS2azYqah-1aaD_OSA,3448,133.2093015187256
2t0OxSynIGZjTNI-rWG1qA,3449,46.10222635363857
JnbJCjeRTiB-EHKurSPDTQ,3450,113.8337525466961
_avQf9vEHV3BaoGn2Bo4Ww,3451,128.17740460685462
xj2MCwAWPDy6nSYnPMGZQw,3452,177.81354097529342
GUrTjGeZPsfnFj9vYxZEAg,3453,35.13867899946139
cwCtFenHJchTmZJoGXUq1g,3454,105.81029082976191
AaA1y0VedvjGj2yVtOhcDQ,3455,92.95067018394994
XUcJ8_4fM5UYeIvddit8Cw,3456,133.12586188469857
L1dXoEQuJKUY-T8aWGmp3Q,3457,11.936474954870944
y99Dx16-iQnGbYewdY2avQ,3458,150.64122923691025
KV32pPQAkkBvrqot6oryAw,3459,93.3067851488673
z8o46mNLRqgkqKbuXQQ-Jg,3460,139.28592996540132
zDTCnV42IWDiLU634mtuvw,3461,151.86627693009768
wCu4eQoOsWynAadvGCkfWA,3462,84.08817804754152
1w_lWa-fLXN-3ghsDp09rw,3463,93.63823917207846
kIa0M8MDb9HJZ6SCIfLDMQ,3464,42.84373491140232
_SeEoymbbIQPXSjviHH8ug,3465,157.2309285745242
7lu2vKgQn-ow3QMxg1FfZQ,3466,45.57719771207134
veek4OBOkG19MI_y4-kfcA,3467,153.34106604121112
Ci897JLvU6ZQkLMXslVpOw,3468,18.119918827550347
XFxWQHvOryVof0btQgmYvw,3469,48.93161468130981
zR-dbwR5pqF3-A9z48W-FA,3470,68.98333098467096
0bx1_ob51GPbGzPvBv8oTQ,3471,89.43641200057974
xQ9m6F0tj5fb9bv2I4zcLA,3472,87.03406382662061
t2bfjk3lmkS4tJJnwkIdJg,3473,215.11555763724886
6wCuSmqX1oPUMp2jrFQUlA,3474,177.78420645116103
N4FRaSViYY5GMzVIm5bMag,3475,181.27956017574445
55JYOJRFeHW8qLzwwvLJFw,3476,77.89656881687543
UHFzAT1P_l6FNvvP-zGbaQ,3477,197.78044627083602
siT-6-1zcdDFGSsyXtgi9w,3478,135.1930063621163
5f6DmacuQB9Jh-gPT5fuww,3479,56.0445829708583
2juVai0viKhrfhx8uL6UZA,3480,237.03483183350798
GIQaAyM7xLRK7mAcm9u5hw,3481,165.76671332709336
bLto2fbxF4Mn0J2e6NrElQ,3482,185.53797164192844
WqzFrz31DdIPcPmpvZiIBA,3483,163.01145906313326
ASfFYjn9SicRSavc1zrZPg,3484,58.454946883768265
fNU2DnLXg9_k6bqsu0YoHQ,3485,191.26493030242534
l2DXqPaUw7G8PHpXfONO0w,3486,86.08207925922106
Y8zQgmCxi9HrPWncKLU8Gg,3487,36.60359551646103
SA79tJbyfNW3IZ5garwgqg,3488,61.92385681537313
lPaVZ6RCliJS2cS4j-fLcA,3489,178.80481441690972
6AuelNJx_-5xGBtFfFwm1A,3490,96.93039786038587
iCMzNrvQrwbejyoXFU5vUg,3491,86.98326457166432
rZsV7d1gofjY-9_ZIzLnhg,3492,105.95099711397049
cv2Yqjfo9ExCKdG47i8CKw,3493,44.99901669193564
DySKJC7bafLBQApP7iPqjw,3494,47.25870064622185
HWJqvWHcineOh0NGNoTuLQ,3495,58.39743315930898
zm3DBM18qdqeEJHnjxCwaQ,3496,166.15642784912018
5AJr41kzPie2YA-ee1bcUw,3497,65.04255267466343
zujjfzO3CQZg-9KtOC87zQ,3498,9.43256281188865
AKiB-FGVPVzLQYbLH2ICPQ,3499,83.94406022988849
g0yGCPPFTqy-1ezJUKSKqg,3500,97.59378070301777
zbVEVDMUFl7tVWli50Y6IQ,3501,158.3648502853351
LO_MwUPKMOKQYmUwZZMMpQ,3502,207.87296184015491
wod2AodLAJp_bF66vGK0Xg,3503,286.2479848434299
nHXwRcLxHrgacWcuBjD3Cw,3504,138.2528681847223
E4cqDsBeVB5Jg9ia_4dlqg,3505,226.9935178919113
HG6cYTGN67BXCPD6RzvpSg,3506,52.92177493358761
aURjiaq-pwwvT0DaKsv2Kw,3507,251.09346295966247
xztsPuqsu8RTc5UOppXBEQ,3508,6.049186225536975
f-9_qTGZdorzKblEYlY1SA,3509,155.8210270433244
5pyI9tAp_K4fxYjcsn_KiA,3510,225.07387218460664
NEWo5xypRjZQIObbNfJXjQ,3511,115.8948486255798
ajQ590kgsfOEMJyE7r8W5A,3512,107.07912111519116
GfG8sQNKdaNkqs2nJBF_0g,3513,83.99852762987595
JvyJScNeW_cU1prGXWXk2g,3514,42.3016323969122
jfDueaLzr4lfJdlnecBxYw,3515,272.34058334353364
-ir-9ESOXvGocSqLj6y7gA,3516,33.66423020642687
8kROzhggT-aBpjXh2NGfjQ,3517,99.2335455086659
NHSoIVUXQIQcmDkpSB16gQ,3518,58.24202436682579
qOD9K_mvNFtx_k8y_30Ayg,3519,25.07611572109472
dxi0CTaGPcq9vloOsSeBOw,3520,85.72241491842153
MTizyjY1FdKMfWnbe9Chww,3521,233.97588671226762
PL8okCuGcvulJluN6l-Iig,3522,317.7238073758768
PYfvQv8jZpm_srwosrRijw,3523,99.53593482571135
TB-gS4fiYhcSmYFfx_Cx_g,3524,57.05333067636139
v6qyFwJWlLLlPZkQnA2wrA,3525,84.68506101864023
fk7f9-3Py2JV7gu-i0NuvA,3526,174.42128356187712
kFl6020WAvx2THHeCpaaPQ,3527,110.90384759543342
svS1byPUt9YZp_091LOkFg,3528,76.47093950817873
oTy_HFNkbifprF-urvOz8A,3529,117.44977534697102
GDfyfj0Cq20shDfxogBIog,3530,121.00939874211164
oOYUVgeJRWyq_T2newShnQ,3531,91.59809169159854
-elq51BCymx47gNc-G32Gg,3532,184.6361264612146
hpTK3eTvltKy4WmjwQC3fQ,3533,183.45989846783974
B7l1qchePBD0PqmPnpiCXw,3534,114.58814386200994
q2FT7udMd3rOozorZjPNUQ,3535,334.0237528143003
JIThYw-XIOq3KTc8GObjVQ,3536,85.9254524395478
gKzynGB6ECQi0-zLK9DSGA,3537,106.62400023900545
sCPSeN2dV1xhvK9kNCF00g,3538,251.95943656384512
388auqX2eYriHHCmRz82OA,3539,276.3230201760989
h-eNEal78U93PwHQDwOo9w,3540,106.30798212969982
lWoNBmT3DHDA8c47d25Q_g,3541,18.181817249428047
O6FJZNJUZowqRJX7Q1nUvw,3542,125.77949946339801
pbkgSowYJvfe4kwSAqQ7hw,3543,39.8117378510674
jcOFRJkeu8v2VIvLuM0inQ,3544,208.9947020130295
LYzLKGQ4I3BrOIk-nnk4OQ,3545,77.04628221871518
bk5N3hkwvn1wzKIHEjdNOA,3546,64.73489403403454
HTJFV4B-xQRwvDxIun0g2g,3547,36.91168213501228
VsgSTpeeqZUCvAJIXZlN-w,3548,122.54395211642728
1hLPAeM3oLca7HRh43YqxQ,3549,73.08864125447349
UTJZ3y5MpyODzQC61PpiMg,3550,33.752127367469704
ttHhNqy1or8gL8bFyC19uQ,3551,152.1044137301073
jAog6reofXxNtjjvEn_gQA,3552,53.882163833923094
ROegP6L_8oMnoGX-kFqm_g,3553,50.01991639906676
NQtPhmPtbN8maujHJJSBgQ,3554,34.42734496460425
fAQL7j7udJXG7lmU7PHzJQ,3555,106.77881928107514
xRr5Ejy2Mc6wInLGKRszdQ,3556,71.21101303661706
sSIvrC1bY2hHZs7nx6zJeQ,3557,116.27725336713124
-m1Qdq2cvGbvqSOYhZ3jCg,3558,256.7033257410256
Q56Y4jZph_c7ufWsi6mqXA,3559,122.38199340868212
rcTfSrJfwIFmC3YTBTTUqg,3560,117.30794809099804
G5qIXIDFswYYXy_-SlOwgw,3561,210.33739669943117
34AjJqRyzU6Aq57KVC34Kw,3562,95.81437384959466
4yetlOy70irj1wTh6xsYxA,3563,68.31007360772261
Z_VhoYana9KZlVipdBw58Q,3564,220.3662400253913
Ynp7YmJAy6qTatoZcT66Eg,3565,150.78313863475194
FaDAnhkh9AVB0nx0VLtFHQ,3566,15.890294952375298
BBf28emT3PZT20SacrlPhw,3567,28.326977157866125
kD8Ix_dghW0M_aqCOxqcyQ,3568,29.777309452394086
gwmc_oZaieNm-BjZP-HF4A,3569,99.77913489422055
5lJWDVEEOLYFG9JU_hYLSw,3570,100.67397199152447
WsUam5VAAQ7yWpoBggzFSQ,3571,182.64797505358231
qsAIbON79_SOn2rEzYpUZA,3572,201.05904889002468
bGDTPY4glhsdwHxJi8SAEg,3573,77.27420266173912
bp2Z3UichsPCMfokIAluvA,3574,117.79872224119616
efI_NlXd4vZz03SsjaLRCA,3575,26.219143209846994
-A_pku1o6DuLFe-3vy88-Q,3576,183.93738816056134
1qV1Wz2aohC6Rp-CZPGRVg,3577,143.0202990422153
gnp5pdA_TxC3aFsnA-LlgA,3578,87.96768594417652
dwbv8cRWOzfD4_VBMTzVCA,3579,136.57333362210923
LA5p9GlUaSHvqWi1VDtTVg,3580,83.83985150546776
2nEhazu2nscUQp8p2rEhgA,3581,170.14258727577771
BL-u2e43zzO4lPtZvN-eWg,3582,118.62466878313016
DMrcITnMvwtK9UQQuQ_lVw,3583,244.0533731402701
Mhrs9-Mtm-ihwd9U1lYL6Q,3584,130.81107317156128
rjCI0gNtvNSs7d2GahyqUA,3585,172.63646716342197
1sM4FY6Np9zY7ua8G1tSXQ,3586,189.73881468186025
djaEw9aDrgcDtbNpFSaYew,3587,59.54562985339285
rVrmLyGc1hnrU0IOKBO_Qg,3588,95.39948404686943
8A98fbIrEVTBK6Z2QXndKw,3589,198.83888155080209
_gOdAzcyH8il_pC7ej_oXw,3590,119.72611574357764
NMvG0SF5Xx7bbGoUfOIV8g,3591,112.10320089545051
1Z141RqkiFPyIgnwlHL_Wg,3592,35.984160730229476
A2JDuFMGidvfYQ-s4if87g,3593,74.35413161655389
NqrTCWIKvp_lO19wmwiv4A,3594,114.83997767470778
wJkHtjecNfN4JtJSdf0gVg,3595,65.40582409374194
s6gQYq_83TeMfmGkO8EgZg,3596,119.22753392970115
Ft872oWNJczX0n7A5tFJtg,3597,89.11055809776343
YbsdeQEw6vwSCRtDCkYrwA,3598,149.03386915695964
yPyIXWTN3LzrNvm5VTdxng,3599,132.5855047970472
wm6gOk60IMLXz93CJy-cFg,3600,122.79537926166893
EKUadj48qNOum-sH6jy75Q,3601,137.85647231761718
uhCQe6idjYOJsXZT7qoJaA,3602,111.06977960021837
47M_xRTAzN9YuyMFmh_NHw,3603,20.60197872557403
OwHRGiY_IMaifMaXoGMUKQ,3604,130.94306809140784
X60Q2WLhesuugaV2z_W21A,3605,218.4199708262342
nCHAWid7qqzNXgYucmQRqQ,3606,68.63860691521751
qYwmepiVClDSJcYIgJzXKw,3607,203.84471191695405
BBnxzRUVfrtqPXX2izd94g,3608,122.63704468954732
C2BmPZFx0Sqawv3BFk9u-Q,3609,107.53036354260355
JqHYpjL2i8fujOlSlWsC0g,3610,172.35865117634108
SWmIH08JrfNVcV8jiRXsAA,3611,150.6567260103182
_aS-eUlaMRw-KFHD6BxkDw,3612,32.71899443350331
r5jdVtFyrZH2_ViENOETpw,3613,6.261768589173523
xR5I7Wif-hDVQ05C9n3MJw,3614,55.959938605495935
5ENa7iURHxD9aLMK9fSAyA,3615,127.4247234636875
lkRxGDaf4WKBj9UE3zhgKA,3616,125.28670421470585
LUDb184FMuz0bT8GQwwpzw,3617,148.12060721550435
je1FnWaXgZ1b7Up5H2cn-g,3618,100.43155053553502
Qdx9lhz1NXiLqvcxuKIrRQ,3619,34.99601451044578
KxFF5hos21vekomWh9opDg,3620,45.13607710156087
ZRBQOLgIEgIaQknUDBXJLA,3621,130.94306809140784
5aE-PpBU8Ktw0bXeJZhHMw,3622,83.48055361200507
jEkVzFjywsNowLC67xdQaQ,3623,37.911509895089395
CusXXdWcoXkoKh3zO24MWQ,3624,16.57671249369404
R98eCcYZqkNhwaLoZR4xzg,3625,159.85152093864454
8dbub5uLYWcD3hV-QJlsHQ,3626,181.68591329150857
F4tRoeWuvlZHC8V861JOuA,3627,137.85647231761718
54oh6soXqJOEs0MsQZ8Ujw,3628,57.72946379256313
h4zh7SXgzaRVnGBKe1g-Fg,3629,179.24706867973575
Yrwc_8UIk35r5CD9zJocUg,3630,191.8406203203226
GOkAbpc01-TQFeMJ1m33vA,3631,122.9231502956067
Gc3mUnsxH94Qald5kFMNhQ,3632,124.2165685706998
risFWghqY9UAzmemif3e4w,3633,167.07242634261627
Cp5yywYa6MZNPv0QhAzy0g,3634,151.3367645208682
-bCIbK-xOJr00C2VumngNQ,3635,175.26218979637665
_xp9F0Qmo8G0KIyIPKFiPw,3636,100.31092261481238
WvsUfGyc2KAAcQj64wyvlA,3637,16.721392900629507
Aqo370d_LdrQ-Odh5bg0mA,3638,174.15430089303598
Yx93qjHYxkF_PYlJRHamag,3639,151.64820446499752
8aXDddyawgyuOjePAnnFzw,3640,93.77584823694144
PQ9kUgrtYXGjvm4kc28Z0w,3641,138.9288117077919
Hi-T7r5zZCVZAykf7L3uDA,3642,98.4533027189978
CMexeUkqwebafGSYBmWAsQ,3643,110.766848903018
mXOmODvz3JjJKtPoU4Pe7w,3644,105.1818045529006
AUrulavZJ2ubI9F_qPuRqQ,3645,62.67378588247559
_LLuKQ0DAn9zgE4D9Mpc9Q,3646,281.68958590542917
ssulrzin1OWnuGnuKKOa-A,3647,282.7772210658948
t6TKXmG78pTa-hOAFOjI9g,3648,61.273784543118
vp3fB4wycmUs-5otOTvjwg,3649,22.479117898934174
C8Lnhu20iCEF4T0SoUdlmQ,3650,168.5320250500385
Qc5cpg_-TRyy-7SK4LcaeQ,3651,161.10937314948168
TVs86zKCbLE2JujseFuHAQ,3652,244.3654151390344
0PMKKKwOw_Ju6yOGk2gJGw,3653,20.945006453257676
PIFtwaILXV7OjPD-LNDQXw,3654,97.69189762344998
8UdqNGq1zI2UZy2VY_oy8A,3655,61.34878798684722
TP-8Q2Gpwaxv3Twa_Ke0EA,3656,195.5447626312292
l3AIfDd2egtIEhIw2EZA4g,3657,33.19424290905434
9CZvK4co5_so_9xr5rXHcQ,3658,13.379485276020468
6fnFEqNSW0vrs038WwWy0w,3659,145.8103707936222
q9oQno3vzxE9yDVsYp6m5w,3660,72.21339184437704
jN509Y_9w4MVz5M3mFInWw,3661,103.57457001105661
XLyU_7BUrvymMxDwBdiMyg,3662,193.6191844837439
gToodJ414ScyINvmH6QWlQ,3663,154.43207326610147
GwdYNoPeI8YuZFv9TjGD4w,3664,146.64717241990957
1a_GGr_GrY2KbqbgWM0IpA,3665,105.42522394042918
NSAji8IJKqOHpTU2LPxuow,3666,91.55013903539172
WKCHfcBPZo00HtI2Z0mWNw,3667,81.6777061381621
OJFgAmO_wKCAmT5C9PLyvg,3668,59.66662881945819
G0PwGyygORPjsRkA8SpQLA,3669,59.70303207303675
hvYJq6oWVwHOfItZvOEHOw,3670,155.6103818086525
BzrfUjtLZxVSKDjk-ZYBgw,3671,121.32975189021758
UU0GVJEci_GE0MyFnKHBnw,3672,122.05974690983706
6ABhQEOiEXcHuwlcLgh6jg,3673,21.527942591151593
nn81U3e5VlBtDxafU7staA,3674,143.37719217443257
KBNnMjW0cPtPoISa9V4g2g,3675,105.34615583316496
7nVq5icUkVWWAwyMa0Wjwg,3676,48.53324978606947
jqw_zdULgFBLn1Eti7xslA,3677,167.3026541596652
qUJfOZZ4S69Amwf8J8SS8w,3678,191.69034401954568
v7pzQnz0d0xs8fFyLXFP5g,3679,100.96083155919708
qAIUokSR7-diqB_3ecp_JQ,3680,114.35439823608141
zKyHWJSARvZG1rKvKqRL6w,3681,13.4999791178885
tEEGKkgP0IHjMxXlhZuV8g,3682,141.68393448358967
o2T6iyuombynllX-qGb-AQ,3683,80.70953938800669
n-AURQpw5qG2Oow99UuPFw,3684,126.0585895670131
hkQRtzqajHTR6AZsbr7IOg,3685,101.80252164932251
vImYVDX2a0kYn92XZpOa6g,3686,136.5732171876905
sjYZERZfg44QTFTtefyGzQ,3687,61.55335205785641
XPjnWZ9ddKKn2w_T_pdNww,3688,76.65934433003981
0bRB2Dk1RuO_XYvigryCrw,3689,52.09086278081881
v9ZEwpx6nakbsvaJrFp-Bw,3690,23.305392951438705
563I0YNmkeOoaH2WXqJymQ,3691,18.795082262640207
U9QJwMx3RNOPy7Ce0xn4fA,3692,63.40640067472592
f8Iq441eBFQ2H6l44iUYNA,3693,216.00758989703195
aeUdh5cEwbXG9_HIi16qcg,3694,83.06845025670195
h6XSC8n7UsQ5pEeI6N871w,3695,165.76297597829583
pdCpaunO_IsJx9egvbp4vg,3696,18.795082262640207
1N0RoHYpRany3cen0il2VA,3697,69.02283923374173
gVjVhpxnMK3Yla0w7WbprQ,3698,18.724390205128685
gLx6Vz_0Tht17upmrAVfbQ,3699,52.09086278081881
uVY8wKq8_WhBb9I6YCUnjA,3700,51.97005185830267
T94FaXaga2Uu1m7FsYA18w,3701,131.77890110122215
6bHEN20g1Ck6vqC2PZguDg,3702,78.21813781520437
F4o21bYF9t71tEQkiJZpVA,3703,159.46248946723753
nv04Ara6tQAcf0aSTsEslg,3704,66.0337936752858
a4ly03J9eiSKQjG6ithjZA,3705,50.95640099379736
Y8Jr2fD6UkhQakAF1o16Eg,3706,191.11996612704465
d2mtc7YgETaFKEbli95msg,3707,163.84859005967647
-6tlO6UyWyo_NsKur7uKCw,3708,150.18979989753237
NJUMH0h1mxG3llOgdC1c2g,3709,108.85790819627256
HJ01zMNLEmQKEVdkMcJYUQ,3710,122.84250044318702
S7PTsIxtptPd2ClC1msn7A,3711,239.27066844599017
7yDn3Eb-Oo9lECGO2MS0qw,3712,59.812688585442785
wndlRXhLYSXU5z7gbGlAdg,3713,129.56047990204314
pfIlDu9lscJcPY7UWGiq5A,3714,179.26824546966523
Bda7qjlbhgbEimtkgq8IrQ,3715,107.90152318910725
BOHWiX5XA7Svlmx_ipS7Xw,3716,249.57497247139617
RUREwsfo-PdltbxOndaHrQ,3717,102.89162874483051
8Hj7wbmTyoNr8OmYj_AUYA,3718,138.77381898634272
NrKPNavZCmOuBFWLNLTrQA,3719,169.7974829085196
MsmXXwUr9HGCdeLEXEF_3Q,3720,12.82057098947367
tSKYzaFFS5n_IyA4B08gwA,3721,268.6287286364752
i59YO-Z7DMbsZfuVJkHAbg,3722,46.08348677356278
lt8UcN8patkOB14upuMwxg,3723,22.756328432406487
fDCSXYKbbA6t6hgNhmcLwg,3724,94.05760144527943
YhlJNvznZqWqu4YBvJ3ysQ,3725,293.8333942317411
o_LN9k-Z3QJkZvz0X4rBDA,3726,91.53594707070334
XAYxj7jgDCYCHeeeW6EZpA,3727,105.89218337891556
ViYFQMBkHuyybK-trk-anw,3728,136.52512335253482
iwXSKpZOGyaWXg1anpHhGg,3729,240.99166074491774
YORyYpWGC59Sojp4lW8dBQ,3730,98.5568615245604
GUNxVSa-aaUv5jV8oEqxRw,3731,179.16316659954168
W7Di0VFheedEkLU5yw2Hqg,3732,63.356100072102656
nSE3LIJsKM9f6IPKG6nbAw,3733,28.65107349696014
9-KFAI9eGa6am7T29THPOg,3734,46.34026276738732
od8bKF_bhe-OquHKaGo6eA,3735,193.24736558217413
KjsENxvgT0hjC0YGFjZjoQ,3736,80.11422713005368
WfoA3dcI1IFBi5CIlp4AOA,3737,102.57607105128018
2xjOX59KWs7KLgcpw86Eiw,3738,127.32586538237491
zYxi8TgYgSkaL-SIVAYZRg,3739,108.49391359633606
Dcf5kwdsqjvnsa70xtC1kg,3740,46.80574331691094
HGRU7GpWZzUNXHFZySx0Pg,3741,186.8284766789401
ciJqgCeUUG0U0DJMSJFfUA,3742,89.57389236136264
gHkp_3gVMlfUi3ioBkPyig,3743,32.99397209856985
FNX8Da9zS2soVlmTYnDobQ,3744,79.67035368013923
bk2qiPr9VurFqhpSBY8uoA,3745,99.40804303310263
hsO_CX7RKshbcl1B-WRiUQ,3746,83.1199781568443
FcY_keScM6glMY9XkSzYqA,3747,172.5485716314933
vSymknDtUzXUuaIthyyr3w,3748,60.41897299137246
T_tQNhEpiurIvuZS3nRbEw,3749,134.47888412766275
zbx5XQPAttXM1JAwhDgpbA,3750,45.62460223069414
CZgqrTbEDzgf0L2gu02aOw,3751,69.6818817979305
m_ktEGsfE3wB4DLq2jLnjQ,3752,87.48522080231662
kQ17hKzGVF6mFjDthwwZCQ,3753,49.1591609376535
DYFepTmhElYWxp0q8maI9Q,3754,128.0216177711688
Z0NWpeBQJUtr4QnZasp0aA,3755,51.18472739216169
OxICk_fucHc0SwL_3hi1Kw,3756,64.04268724486445
X0BoKNuX9MbTV2iocJM4Dg,3757,109.64085978170677
4LDu773rE99Tbdckn7XeSw,3758,99.5901779295354
Zz8Xev7eKclAxStc0e5V2Q,3759,100.64746100001467
FKq85JQhwziHYt00mgYYyA,3760,11.746725843459364
P4OW83tz2C2OV5levdfxKw,3761,113.63906914504481
FgsoUxIl9-17gdd7tS0yLA,3762,70.24265725333869
JgHRcsg2of-3wKDrJDLxUg,3763,38.047370102631064
rA_B4cSv33VKfaNF4Y37jw,3764,67.63029343723252
VMVS4cM_LEHCqCbVvCwSzg,3765,92.42847791980138
MUw8f3f_MmeUrV0owVoiBQ,3766,56.22889901467161
bV705WPJtXyb5wXIFolr6w,3767,214.88212315610147
SCqEARvJ2j3WTHT4D7sSww,3768,156.65989177773406
GU1igRg9uzWm6CcpOViIFA,3769,8.239737282052191
AijQhw1eNZEtX9oLSnlO0A,3770,14.473815391661493
xxTQTfJsgzWGp8okZ2ygHw,3771,91.50586790321935
SsK8p5Uktq4CHyeih0t9Yg,3772,47.70084359698219
OPJ4YJFG9frCl3nR1Jp63g,3773,73.0565450498826
C3yZ02CiH9IPRgLLl6qkFA,3774,74.56943829846588
Ieom70P4qS7oj3Nf5xATBQ,3775,57.691696072206184
anhx-uaSrH8_9Ktcje3Vfg,3776,182.6739088167369
pg4AgtCd0Kkm6hbAkSAyXw,3777,198.79972924054522
uy08WtAVhrHwj4BKjx3h4A,3778,31.961315314968555
epCr8ppmcw2Owqo_iwRVtQ,3779,21.59679638470144
2c30Xco7VzQJnM5AQn8snw,3780,52.85788483309294
T2PIAsM0_3f6N1jjfGpKrw,3781,130.94306809140784
XNJdvehptdGeyoRYzehyKw,3782,23.92653930535797
qarLaRYJinDc-ti9ReLrdw,3783,130.94306809140784
bJTJlDbcSG9XJnZIEr5SJQ,3784,36.656720911319724
YjhBkyUE9deL6k0a6HyJkQ,3785,12.863676120542447
k0iOvwN2gIN8rMIFEowIqA,3786,55.07293232821357
P4DcAjOedAFJFulOC9zoCA,3787,329.72753820890784
naHSQVdkPYV8NTottebzRg,3788,29.35659236184634
8y2vyVt15hK8-hPj1j6qsg,3789,90.33419024866598
zWNZhZXMLbLageqZ-Rkqxg,3790,149.11455441828227
OZ9aIUijZbgLn9GyN1QChQ,3791,17.702009147767022
6P64TboUCvYM3Td9Yczouw,3792,43.44674465708088
-rEgwMosGsxFEgwwIEYSyg,3793,29.35659236184634
mURl_v8Ir4AMxfDs8VVizg,3794,27.0871056600125
MiFbCdqKkKr2uMbGWvnQfg,3795,125.59704701955698
19uXg_TsMdYHg19MZptw-g,3796,346.4570069111274
El4FdT2Y6eTX6kKNZaduKQ,3797,108.38825192751582
8OBV73xlONSiLAhwH_gk-g,3798,77.99309828952916
r8SXI1gi-Vs6fJ1q-lpClw,3799,89.58259054485445
NHozpuK9_cT4i1v4eX4JVQ,3800,94.8509276955282
y4zlXTSqPcmQ_oHnzsrrPw,3801,109.14624010670767
wmtHOSlu7SMb6sVBHbu7EA,3802,92.05838831242377
R5cQLpm8lvvRIeNylx0X-w,3803,176.71175103350492
8LAxLlweKVtus23DrB4Rcg,3804,46.40719547147799
zaR5yCUNiVbofbciH46tTQ,3805,87.53914828464815
BQdrXWu6EZznHBDNu3C3aA,3806,78.53412814970841
-mN4eGrBTgb2vdMbx8EYTg,3807,90.34571441347619
Kstf0jpypvRgDTtwb2-i4Q,3808,63.80909197808228
fwdDE_9CO6RJ9uFQKa6nUQ,3809,20.290548966187853
fTQyh9kb6XbWJEygoWC5LQ,3810,63.34744855618663
YY5zm9RE9A7Y6Bwz7c4Z4Q,3811,40.28482333014762
65T_PmvHhTUckycwmjfREw,3812,155.15384780533176
RsZ18JONLGCdSUJyFLN9WA,3813,239.20018655349395
dxXgqSM_utHxfwtBR8H9nw,3814,44.420761426314876
rvih7rBlO-VmsWMbgAkJbQ,3815,22.038133893033493
Tf2xYmAeLUa_FAfUuv5YCw,3816,229.1007804259743
iuPJKyKtsjHryy0xnZG4CA,3817,63.42943587211851
xjwhjFbA1w_827KMdMxPfw,3818,207.69395185390795
Xap__prvefRHXYZgqBofaA,3819,256.74041863228996
VbKiVGP2cCppm1x1ez_bBg,3820,160.15162410879046
OA35RtLMB9BiDiKiCcb5Mw,3821,56.32041875965556
wQXci5HPimPT00Ub1oHRTA,3822,101.40959766387084
j83Ua1NqVDfr_jLo3EMIlA,3823,218.77474597920965
dZbaKFMEP7PF2_2bDg09ag,3824,41.555087220944834
2deFmFk6cJxy7vdJ2TQkxA,3825,155.15384780533176
c3W3dGZPa7ypn3dK9Egnuw,3826,92.25177684216393
Xop8tuUgi1wWhZ2UNo8I9Q,3827,33.67754391209951
A_7ZqlDuXYrJAZRWKlVL8g,3828,242.06875836584393
CQBSOomr8M3afVDKCQAc_A,3829,16.667282233890475
xU2xZcdV9ITI5UGAD5tdJA,3830,140.7305835197328
e0j_sQ-UgRDrLqPXcZgI5g,3831,245.11406464670011
zPeBPAvLzWfz_HvZmPs3YQ,3832,156.32741432719087
tyTueaTh2RFEDOTA_jRhuw,3833,77.56259635569258
47gqTciOiRYGb6VfVbPYvQ,3834,125.98979993272222
cua3_fdR9fejQwLYgHWYOA,3835,61.42320788765419
8-PLwQTPmKMoVuq1GqtYLA,3836,28.224608719101177
s8nByaYJIf-lwdhdp0WzYQ,3837,112.88095563751493
vMobSrGnQWGndM0UoVHGCw,3838,129.43307695846315
tYBAsYqRjR8IKEzWmZGfcw,3839,155.15384780533176
P1P_tQ8jf0W_fALx6NxfnQ,3840,96.26166073433814
MDueB-_uqPvpijX47GrQhg,3841,136.00570351232858
C8P8aF6rArI4qwRL9ig_CA,3842,155.15384780533176
yw31WMkRCKED6y_TLI-ZFw,3843,102.83312083821441
3GdaGUoMpMJkqCRzpry9Pg,3844,155.15384780533176
gZUFmSNq0a1Vte2SZCviSA,3845,50.45255076040775
f_zfxL1qoZMCtzbzHZcJ7Q,3846,43.03743898560827
7JvYE1KReUVKVNfMtx4XEg,3847,57.64697097093231
cyqbUn_NPO1n621wzimR0Q,3848,155.15384780533176
1pIR6Fl5whNkeQjmQ1rK2w,3849,155.15384780533176
fzEGjPIcjuxx_TVoEy9GVg,3850,88.29368937647385
xZgEJoV1fgi-jdQkHTJe6Q,3851,32.51358836212087
XHoJ8z8cZtNirkEusoeqXg,3852,24.00947418385921
vixzdPa4bSkp1j5WArZOIg,3853,155.15384780533176
c0O6LqqtdJgrIc-8_jm_gQ,3854,155.15384780533176
JYW4LsJPYmWM5RI-DNrfBw,3855,251.1219813680711
a_D612wDcgOYT5UM0tMjTQ,3856,162.5776863455273
TUbA9qRRs61V1hidDtvAbg,3857,225.88059063750265
RNowDcasaDPG3L8yTyDB9Q,3858,87.82191885131788
FuG99GxibvKDoUVSf1vTPQ,3859,28.517645919959385
cvXBP5-dd8k91V0139Lvxw,3860,168.88132915845287
Md9oX45_iGOBBkRI79OIdA,3861,259.47606027008806
EuUXnJ0w0KVlmK-JiUgLHw,3862,67.92277269802273
-pgy27zFndFK3aOBsoAb8Q,3863,65.9733795791378
DvpKJIVQcmVY2_HH1c8VOQ,3864,98.73859535379245
TKz2hECyw1FjvTU3bVGgkw,3865,53.80297458864271
4Dz-MLoIclcYYRbIKiOROg,3866,293.8475018367482
LNCFSTjypSK8jIoqtt8cyQ,3867,158.63700585097445
YNkID11YZnYy9uz7LlQH6A,3868,19.79023864991156
jv6TQKx1wYHq3Cjiy4xszg,3869,207.45301028046703
HwLasa0KVJq7p6VIEraoUg,3870,64.88203272017923
8eAANWYmYg9F6nxMNqJ1bQ,3871,45.23873237951262
Fl495ERzZ3vsF3lJiJ_0Ww,3872,179.76657129883267
h5HtlV2YkYRQexI6WkMMQQ,3873,179.76657129883267
Jwh_u9PfU5-YSHJoqNiLgA,3874,172.52146155410642
_fv4mbLQKAirm4KW3s1j3g,3875,76.62795812554882
lPP7z4ItqTPpA_XX52QnrA,3876,5.610693676676271
7tl-_xvzVJARRnIfpoTqDQ,3877,135.7485960440187
GhYjVVk2Ew9GzaKrZIaVHA,3878,238.46409492882594
zvZGazCk353WSug_HeIUNg,3879,142.75957080411337
hz50-hDcuY8KxhG5S4xLDg,3880,0.857300644791712
JGfK13HXQPajbp17DeCfLA,3881,164.33125581539753
dMOGOXCY6U_MZu0aBA_ohw,3882,231.1836125927667
2hzpvfdlgGOqGXzgjujLiQ,3883,53.84428179428921
TGz8lKgoxwEQM4IhdasDWw,3884,229.633352087345
5X3yGustepaQnEkkxIb3Xg,3885,263.7121387966996
mxT59tks7phC1hUiaqMAJA,3886,37.978115238997894
0AJR6GQ2Fos9vEHoyisS6A,3887,65.12023891953541
4b_8WoafOhi4Ky-r225T0g,3888,317.5741230196831
Z1P0ImhIccUyvVugVKavTw,3889,50.797038454255485
xKHC3pXZQl3EB6V4jCHusg,3890,294.33693117501525
B2l2Bm6VRRUUN6AbE-dL7A,3891,260.8184127228656
OP6hV6ATf6oORJzEO7EGjQ,3892,27.21946028134686
bXQc8XhzbbOWQIhkY_unEA,3893,151.18134137487294
ePZK09OmPRwXObt9HAsk_w,3894,164.6509306762258
3eAOkrEzaCatUcaMFBjfkA,3895,324.53623699678883
jWlpEI6ro6s6x8fNdaCH0w,3896,90.68392313903347
M1rqw4ENl5a5sxImTeZk7Q,3897,164.54294314755265
8x14AO14Qzu_Kr1k5F5gWQ,3898,84.36057167440067
_hxqSzun5OLd6d1mBZdD6A,3899,153.34412590592592
dwwCa9FmB9iqg4f-0QMgVQ,3900,153.72552184670928
jEExdSHO_hWAyiNh7SkDdw,3901,19.357733035014657
BAPz48pmYBDBfXbOikW2DQ,3902,70.38584247415328
5tp5KcW-tVRYKWq95ZK6iQ,3903,19.850894730070298
mprwg5_US2YgAZHZoWs86w,3904,60.2471319088391
TvXUyRWBFExD8Wpv0iCkXw,3905,23.15863293474613
LACckalF24FdKUnuGEB3FQ,3906,87.15099283529014
m_V1tGdPNMKHiK2AQbuKKQ,3907,138.15891869845808
ByLnXlZ8Dcpx6bkQy7OZ3Q,3908,31.345623560206516
tQhh6Ac0uPL-7ue1f848pA,3909,22.14362171147887
